run_id,recipe,recipe_label,classifier,classifier_label,base,subject,delta_accuracy,baseline_accuracy_mean,processed_accuracy_mean,n_contamination_seed_pairs,n_checkpoint_seeds,n_classifier_seeds,n_technical_observations_aggregated,primary_independent_unit,source_file
hierarchical_downstream_stats_20260815_000000,emg,EMG,csp_lda,CSP+LDA,16,A01,-0.2031316725978647,0.8099644128113879,0.6068327402135232,5,5,0,25,subject,runs/hierarchical_downstream_stats_20260815_000000/hierarchical_subject_deltas.csv
hierarchical_downstream_stats_20260815_000000,emg,EMG,csp_lda,CSP+LDA,16,A02,-0.2118727915194346,0.545583038869258,0.3337102473498233,5,5,0,25,subject,runs/hierarchical_downstream_stats_20260815_000000/hierarchical_subject_deltas.csv
hierarchical_downstream_stats_20260815_000000,emg,EMG,csp_lda,CSP+LDA,16,A03,-0.0728205128205128,0.7465201465201465,0.6736996336996337,5,5,0,25,subject,runs/hierarchical_downstream_stats_20260815_000000/hierarchical_subject_deltas.csv
hierarchical_downstream_stats_20260815_000000,emg,EMG,csp_lda,CSP+LDA,16,A04,-0.1721052631578947,0.5956140350877193,0.4235087719298245,5,5,0,25,subject,runs/hierarchical_downstream_stats_20260815_000000/hierarchical_subject_deltas.csv
hierarchical_downstream_stats_20260815_000000,emg,EMG,csp_lda,CSP+LDA,16,A05,-0.0065217391304347,0.294927536231884,0.2884057971014492,5,5,0,25,subject,runs/hierarchical_downstream_stats_20260815_000000/hierarchical_subject_deltas.csv
hierarchical_downstream_stats_20260815_000000,emg,EMG,csp_lda,CSP+LDA,16,A06,-0.0805581395348837,0.4641860465116279,0.3836279069767442,5,5,0,25,subject,runs/hierarchical_downstream_stats_20260815_000000/hierarchical_subject_deltas.csv
hierarchical_downstream_stats_20260815_000000,emg,EMG,csp_lda,CSP+LDA,16,A07,-0.0586281588447653,0.5747292418772563,0.516101083032491,5,5,0,25,subject,runs/hierarchical_downstream_stats_20260815_000000/hierarchical_subject_deltas.csv
hierarchical_downstream_stats_20260815_000000,emg,EMG,csp_lda,CSP+LDA,16,A08,-0.0949077490774907,0.7859778597785978,0.691070110701107,5,5,0,25,subject,runs/hierarchical_downstream_stats_20260815_000000/hierarchical_subject_deltas.csv
hierarchical_downstream_stats_20260815_000000,emg,EMG,csp_lda,CSP+LDA,16,A09,-0.015,0.7128787878787879,0.6978787878787879,5,5,0,25,subject,runs/hierarchical_downstream_stats_20260815_000000/hierarchical_subject_deltas.csv
hierarchical_downstream_stats_20260815_000000,emg,EMG,deep4net,Deep4Net,16,A01,-0.0469223672070647,0.5848161328588375,0.5378937656517728,3,3,3,27,subject,runs/hierarchical_downstream_stats_20260815_000000/hierarchical_subject_deltas.csv
hierarchical_downstream_stats_20260815_000000,emg,EMG,deep4net,Deep4Net,16,A02,-0.0068053919644025,0.2673733804475854,0.2605679884831828,3,3,3,27,subject,runs/hierarchical_downstream_stats_20260815_000000/hierarchical_subject_deltas.csv
hierarchical_downstream_stats_20260815_000000,emg,EMG,deep4net,Deep4Net,16,A03,0.0058336725003391,0.5754985754985755,0.5813322479989147,3,3,3,27,subject,runs/hierarchical_downstream_stats_20260815_000000/hierarchical_subject_deltas.csv
hierarchical_downstream_stats_20260815_000000,emg,EMG,deep4net,Deep4Net,16,A04,-0.0159194282001299,0.3791423001949318,0.3632228719948018,3,3,3,27,subject,runs/hierarchical_downstream_stats_20260815_000000/hierarchical_subject_deltas.csv
hierarchical_downstream_stats_20260815_000000,emg,EMG,deep4net,Deep4Net,16,A05,0.0100644122383252,0.2479871175523349,0.2580515297906602,3,3,3,27,subject,runs/hierarchical_downstream_stats_20260815_000000/hierarchical_subject_deltas.csv
hierarchical_downstream_stats_20260815_000000,emg,EMG,deep4net,Deep4Net,16,A06,0.0058570198105081,0.2811369509043928,0.2869939707149009,3,3,3,27,subject,runs/hierarchical_downstream_stats_20260815_000000/hierarchical_subject_deltas.csv
hierarchical_downstream_stats_20260815_000000,emg,EMG,deep4net,Deep4Net,16,A07,-0.0830324909747292,0.4825511432009627,0.3995186522262334,3,3,3,27,subject,runs/hierarchical_downstream_stats_20260815_000000/hierarchical_subject_deltas.csv
hierarchical_downstream_stats_20260815_000000,emg,EMG,deep4net,Deep4Net,16,A08,-0.006696733634003,0.5510455104551045,0.5443487768211015,3,3,3,27,subject,runs/hierarchical_downstream_stats_20260815_000000/hierarchical_subject_deltas.csv
hierarchical_downstream_stats_20260815_000000,emg,EMG,deep4net,Deep4Net,16,A09,-0.015432098765432,0.6582491582491582,0.6428170594837261,3,3,3,27,subject,runs/hierarchical_downstream_stats_20260815_000000/hierarchical_subject_deltas.csv
hierarchical_downstream_stats_20260815_000000,emg,EMG,eegconformer,EEGConformer,16,A01,-0.1202056148675365,0.6959272439699487,0.575721629102412,3,3,3,27,subject,runs/hierarchical_downstream_stats_20260815_000000/hierarchical_subject_deltas.csv
hierarchical_downstream_stats_20260815_000000,emg,EMG,eegconformer,EEGConformer,16,A02,-0.0819264494176155,0.3474676089517079,0.2655411595340924,3,3,3,27,subject,runs/hierarchical_downstream_stats_20260815_000000/hierarchical_subject_deltas.csv
hierarchical_downstream_stats_20260815_000000,emg,EMG,eegconformer,EEGConformer,16,A03,-0.0780084113417446,0.735042735042735,0.6570343237009904,3,3,3,27,subject,runs/hierarchical_downstream_stats_20260815_000000/hierarchical_subject_deltas.csv
hierarchical_downstream_stats_20260815_000000,emg,EMG,eegconformer,EEGConformer,16,A04,-0.0477582846003898,0.4283625730994152,0.3806042884990253,3,3,3,27,subject,runs/hierarchical_downstream_stats_20260815_000000/hierarchical_subject_deltas.csv
hierarchical_downstream_stats_20260815_000000,emg,EMG,eegconformer,EEGConformer,16,A05,-0.0017444981213097,0.2677133655394525,0.2659688674181428,3,3,3,27,subject,runs/hierarchical_downstream_stats_20260815_000000/hierarchical_subject_deltas.csv
hierarchical_downstream_stats_20260815_000000,emg,EMG,eegconformer,EEGConformer,16,A06,-0.0551248923341946,0.4232558139534884,0.3681309216192937,3,3,3,27,subject,runs/hierarchical_downstream_stats_20260815_000000/hierarchical_subject_deltas.csv
hierarchical_downstream_stats_20260815_000000,emg,EMG,eegconformer,EEGConformer,16,A07,-0.0672549806123813,0.5274769354191737,0.4602219548067923,3,3,3,27,subject,runs/hierarchical_downstream_stats_20260815_000000/hierarchical_subject_deltas.csv
hierarchical_downstream_stats_20260815_000000,emg,EMG,eegconformer,EEGConformer,16,A08,-0.053437201038677,0.6937269372693727,0.6402897362306956,3,3,3,27,subject,runs/hierarchical_downstream_stats_20260815_000000/hierarchical_subject_deltas.csv
hierarchical_downstream_stats_20260815_000000,emg,EMG,eegconformer,EEGConformer,16,A09,-0.0074354657687991,0.6822390572390572,0.6748035914702581,3,3,3,27,subject,runs/hierarchical_downstream_stats_20260815_000000/hierarchical_subject_deltas.csv
hierarchical_downstream_stats_20260815_000000,emg,EMG,eegnet,EEGNet,16,A01,0.0317648609463556,0.55001977066034,0.5817846316066957,3,3,3,27,subject,runs/hierarchical_downstream_stats_20260815_000000/hierarchical_subject_deltas.csv
hierarchical_downstream_stats_20260815_000000,emg,EMG,eegnet,EEGNet,16,A02,-0.0172752257557911,0.2893600314095014,0.2720848056537102,3,3,3,27,subject,runs/hierarchical_downstream_stats_20260815_000000/hierarchical_subject_deltas.csv
hierarchical_downstream_stats_20260815_000000,emg,EMG,eegnet,EEGNet,16,A03,-0.0522317188983855,0.7134717134717135,0.6612399945733279,3,3,3,27,subject,runs/hierarchical_downstream_stats_20260815_000000/hierarchical_subject_deltas.csv
hierarchical_downstream_stats_20260815_000000,emg,EMG,eegnet,EEGNet,16,A04,-0.0597790773229369,0.4473684210526316,0.3875893437296946,3,3,3,27,subject,runs/hierarchical_downstream_stats_20260815_000000/hierarchical_subject_deltas.csv
hierarchical_downstream_stats_20260815_000000,emg,EMG,eegnet,EEGNet,16,A05,-0.0085882984433709,0.2801932367149758,0.2716049382716049,3,3,3,27,subject,runs/hierarchical_downstream_stats_20260815_000000/hierarchical_subject_deltas.csv
hierarchical_downstream_stats_20260815_000000,emg,EMG,eegnet,EEGNet,16,A06,0.0287683031869078,0.296640826873385,0.3254091300602929,3,3,3,27,subject,runs/hierarchical_downstream_stats_20260815_000000/hierarchical_subject_deltas.csv
hierarchical_downstream_stats_20260815_000000,emg,EMG,eegnet,EEGNet,16,A07,0.0171145875116994,0.385880465302848,0.4029950528145474,3,3,3,27,subject,runs/hierarchical_downstream_stats_20260815_000000/hierarchical_subject_deltas.csv
hierarchical_downstream_stats_20260815_000000,emg,EMG,eegnet,EEGNet,16,A08,-0.04236709033757,0.5707257072570726,0.5283586169195025,3,3,3,27,subject,runs/hierarchical_downstream_stats_20260815_000000/hierarchical_subject_deltas.csv
hierarchical_downstream_stats_20260815_000000,emg,EMG,eegnet,EEGNet,16,A09,-0.0043490460157126,0.5526094276094276,0.5482603815937149,3,3,3,27,subject,runs/hierarchical_downstream_stats_20260815_000000/hierarchical_subject_deltas.csv
hierarchical_downstream_stats_20260815_000000,emg,EMG,shallowfbcsp,ShallowFBCSPNet,16,A01,-0.0972716488730723,0.6330565440885726,0.5357848952155002,3,3,3,27,subject,runs/hierarchical_downstream_stats_20260815_000000/hierarchical_subject_deltas.csv
hierarchical_downstream_stats_20260815_000000,emg,EMG,shallowfbcsp,ShallowFBCSPNet,16,A02,-0.1404266457269991,0.4185316058107577,0.2781049600837587,3,3,3,27,subject,runs/hierarchical_downstream_stats_20260815_000000/hierarchical_subject_deltas.csv
hierarchical_downstream_stats_20260815_000000,emg,EMG,shallowfbcsp,ShallowFBCSPNet,16,A03,-0.0662053995387328,0.7244607244607245,0.6582553249219916,3,3,3,27,subject,runs/hierarchical_downstream_stats_20260815_000000/hierarchical_subject_deltas.csv
hierarchical_downstream_stats_20260815_000000,emg,EMG,shallowfbcsp,ShallowFBCSPNet,16,A04,-0.0698505523066926,0.4736842105263158,0.4038336582196231,3,3,3,27,subject,runs/hierarchical_downstream_stats_20260815_000000/hierarchical_subject_deltas.csv
hierarchical_downstream_stats_20260815_000000,emg,EMG,shallowfbcsp,ShallowFBCSPNet,16,A05,-0.0148953301127214,0.2918679549114332,0.2769726247987117,3,3,3,27,subject,runs/hierarchical_downstream_stats_20260815_000000/hierarchical_subject_deltas.csv
hierarchical_downstream_stats_20260815_000000,emg,EMG,shallowfbcsp,ShallowFBCSPNet,16,A06,-0.0304909560723514,0.3891472868217054,0.358656330749354,3,3,3,27,subject,runs/hierarchical_downstream_stats_20260815_000000/hierarchical_subject_deltas.csv
hierarchical_downstream_stats_20260815_000000,emg,EMG,shallowfbcsp,ShallowFBCSPNet,16,A07,-0.080224628961091,0.4721219414360209,0.3918973124749298,3,3,3,27,subject,runs/hierarchical_downstream_stats_20260815_000000/hierarchical_subject_deltas.csv
hierarchical_downstream_stats_20260815_000000,emg,EMG,shallowfbcsp,ShallowFBCSPNet,16,A08,-0.019543528768621,0.6297662976629766,0.6102227688943556,3,3,3,27,subject,runs/hierarchical_downstream_stats_20260815_000000/hierarchical_subject_deltas.csv
hierarchical_downstream_stats_20260815_000000,emg,EMG,shallowfbcsp,ShallowFBCSPNet,16,A09,-0.012766554433221,0.6304713804713805,0.6177048260381593,3,3,3,27,subject,runs/hierarchical_downstream_stats_20260815_000000/hierarchical_subject_deltas.csv
hierarchical_downstream_stats_20260815_000000,eog,EOG,csp_lda,CSP+LDA,16,A01,-0.0828469750889679,0.7864768683274022,0.7036298932384342,5,5,0,25,subject,runs/hierarchical_downstream_stats_20260815_000000/hierarchical_subject_deltas.csv
hierarchical_downstream_stats_20260815_000000,eog,EOG,csp_lda,CSP+LDA,16,A02,-0.1426148409893992,0.5151943462897527,0.3725795053003533,5,5,0,25,subject,runs/hierarchical_downstream_stats_20260815_000000/hierarchical_subject_deltas.csv
hierarchical_downstream_stats_20260815_000000,eog,EOG,csp_lda,CSP+LDA,16,A03,-0.0502564102564102,0.7472527472527473,0.696996336996337,5,5,0,25,subject,runs/hierarchical_downstream_stats_20260815_000000/hierarchical_subject_deltas.csv
hierarchical_downstream_stats_20260815_000000,eog,EOG,csp_lda,CSP+LDA,16,A04,-0.0514035087719298,0.6078947368421053,0.5564912280701755,5,5,0,25,subject,runs/hierarchical_downstream_stats_20260815_000000/hierarchical_subject_deltas.csv
hierarchical_downstream_stats_20260815_000000,eog,EOG,csp_lda,CSP+LDA,16,A05,0.0133333333333333,0.2666666666666666,0.28,5,5,0,25,subject,runs/hierarchical_downstream_stats_20260815_000000/hierarchical_subject_deltas.csv
hierarchical_downstream_stats_20260815_000000,eog,EOG,csp_lda,CSP+LDA,16,A06,-0.0297674418604651,0.4781395348837209,0.4483720930232558,5,5,0,25,subject,runs/hierarchical_downstream_stats_20260815_000000/hierarchical_subject_deltas.csv
hierarchical_downstream_stats_20260815_000000,eog,EOG,csp_lda,CSP+LDA,16,A07,-0.1126353790613718,0.5740072202166066,0.4613718411552346,5,5,0,25,subject,runs/hierarchical_downstream_stats_20260815_000000/hierarchical_subject_deltas.csv
hierarchical_downstream_stats_20260815_000000,eog,EOG,csp_lda,CSP+LDA,16,A08,-0.0335055350553505,0.7645756457564575,0.7310701107011071,5,5,0,25,subject,runs/hierarchical_downstream_stats_20260815_000000/hierarchical_subject_deltas.csv
hierarchical_downstream_stats_20260815_000000,eog,EOG,csp_lda,CSP+LDA,16,A09,-0.0275757575757575,0.7363636363636363,0.7087878787878787,5,5,0,25,subject,runs/hierarchical_downstream_stats_20260815_000000/hierarchical_subject_deltas.csv
hierarchical_downstream_stats_20260815_000000,eog,EOG,deep4net,Deep4Net,16,A01,0.0013180440226703,0.5231316725978647,0.5244497166205351,3,3,3,27,subject,runs/hierarchical_downstream_stats_20260815_000000/hierarchical_subject_deltas.csv
hierarchical_downstream_stats_20260815_000000,eog,EOG,deep4net,Deep4Net,16,A02,-0.0217249051171312,0.2701217118178249,0.2483968067006936,3,3,3,27,subject,runs/hierarchical_downstream_stats_20260815_000000/hierarchical_subject_deltas.csv
hierarchical_downstream_stats_20260815_000000,eog,EOG,deep4net,Deep4Net,16,A03,0.0748880748880748,0.4704924704924705,0.5453805453805454,3,3,3,27,subject,runs/hierarchical_downstream_stats_20260815_000000/hierarchical_subject_deltas.csv
hierarchical_downstream_stats_20260815_000000,eog,EOG,deep4net,Deep4Net,16,A04,0.0019493177387914,0.3123781676413255,0.3143274853801169,3,3,3,27,subject,runs/hierarchical_downstream_stats_20260815_000000/hierarchical_subject_deltas.csv
hierarchical_downstream_stats_20260815_000000,eog,EOG,deep4net,Deep4Net,16,A05,-0.0224100912506709,0.2753623188405797,0.2529522275899087,3,3,3,27,subject,runs/hierarchical_downstream_stats_20260815_000000/hierarchical_subject_deltas.csv
hierarchical_downstream_stats_20260815_000000,eog,EOG,deep4net,Deep4Net,16,A06,0.0127476313522825,0.283204134366925,0.2959517657192075,3,3,3,27,subject,runs/hierarchical_downstream_stats_20260815_000000/hierarchical_subject_deltas.csv
hierarchical_downstream_stats_20260815_000000,eog,EOG,deep4net,Deep4Net,16,A07,0.0730044123545928,0.3196951464099478,0.3926995587645407,3,3,3,27,subject,runs/hierarchical_downstream_stats_20260815_000000/hierarchical_subject_deltas.csv
hierarchical_downstream_stats_20260815_000000,eog,EOG,deep4net,Deep4Net,16,A08,0.014350143501435,0.4128741287412874,0.4272242722427224,3,3,3,27,subject,runs/hierarchical_downstream_stats_20260815_000000/hierarchical_subject_deltas.csv
hierarchical_downstream_stats_20260815_000000,eog,EOG,deep4net,Deep4Net,16,A09,0.0126262626262626,0.6414141414141414,0.654040404040404,3,3,3,27,subject,runs/hierarchical_downstream_stats_20260815_000000/hierarchical_subject_deltas.csv
hierarchical_downstream_stats_20260815_000000,eog,EOG,eegconformer,EEGConformer,16,A01,-0.0127850270199024,0.6378015025701859,0.6250164755502834,3,3,3,27,subject,runs/hierarchical_downstream_stats_20260815_000000/hierarchical_subject_deltas.csv
hierarchical_downstream_stats_20260815_000000,eog,EOG,eegconformer,EEGConformer,16,A02,-0.0427954456223007,0.315272870043188,0.2724774244208873,3,3,3,27,subject,runs/hierarchical_downstream_stats_20260815_000000/hierarchical_subject_deltas.csv
hierarchical_downstream_stats_20260815_000000,eog,EOG,eegconformer,EEGConformer,16,A03,-0.0478903812237145,0.6809116809116809,0.6330212996879664,3,3,3,27,subject,runs/hierarchical_downstream_stats_20260815_000000/hierarchical_subject_deltas.csv
hierarchical_downstream_stats_20260815_000000,eog,EOG,eegconformer,EEGConformer,16,A04,-0.0264782326185834,0.4054580896686159,0.3789798570500325,3,3,3,27,subject,runs/hierarchical_downstream_stats_20260815_000000/hierarchical_subject_deltas.csv
hierarchical_downstream_stats_20260815_000000,eog,EOG,eegconformer,EEGConformer,16,A05,-0.0267042404723564,0.2809983896940419,0.2542941492216855,3,3,3,27,subject,runs/hierarchical_downstream_stats_20260815_000000/hierarchical_subject_deltas.csv
hierarchical_downstream_stats_20260815_000000,eog,EOG,eegconformer,EEGConformer,16,A06,0.0439276485788113,0.3100775193798449,0.3540051679586563,3,3,3,27,subject,runs/hierarchical_downstream_stats_20260815_000000/hierarchical_subject_deltas.csv
hierarchical_downstream_stats_20260815_000000,eog,EOG,eegconformer,EEGConformer,16,A07,-0.0311538975798903,0.5118331327717609,0.4806792351918705,3,3,3,27,subject,runs/hierarchical_downstream_stats_20260815_000000/hierarchical_subject_deltas.csv
hierarchical_downstream_stats_20260815_000000,eog,EOG,eegconformer,EEGConformer,16,A08,0.020090200902009,0.6010660106601066,0.6211562115621156,3,3,3,27,subject,runs/hierarchical_downstream_stats_20260815_000000/hierarchical_subject_deltas.csv
hierarchical_downstream_stats_20260815_000000,eog,EOG,eegconformer,EEGConformer,16,A09,-0.0063131313131313,0.6574074074074074,0.6510942760942761,3,3,3,27,subject,runs/hierarchical_downstream_stats_20260815_000000/hierarchical_subject_deltas.csv
hierarchical_downstream_stats_20260815_000000,eog,EOG,eegnet,EEGNet,16,A01,-0.0146302886516409,0.4820086990905496,0.4673784104389086,3,3,3,27,subject,runs/hierarchical_downstream_stats_20260815_000000/hierarchical_subject_deltas.csv
hierarchical_downstream_stats_20260815_000000,eog,EOG,eegnet,EEGNet,16,A02,-0.0014396021463159,0.2854338437377307,0.2839942415914147,3,3,3,27,subject,runs/hierarchical_downstream_stats_20260815_000000/hierarchical_subject_deltas.csv
hierarchical_downstream_stats_20260815_000000,eog,EOG,eegnet,EEGNet,16,A03,0.0181793515126848,0.6133496133496134,0.6315289648622981,3,3,3,27,subject,runs/hierarchical_downstream_stats_20260815_000000/hierarchical_subject_deltas.csv
hierarchical_downstream_stats_20260815_000000,eog,EOG,eegnet,EEGNet,16,A04,0.0133203378817413,0.398635477582846,0.4119558154645873,3,3,3,27,subject,runs/hierarchical_downstream_stats_20260815_000000/hierarchical_subject_deltas.csv
hierarchical_downstream_stats_20260815_000000,eog,EOG,eegnet,EEGNet,16,A05,-0.0356951154052603,0.2890499194847021,0.2533548040794418,3,3,3,27,subject,runs/hierarchical_downstream_stats_20260815_000000/hierarchical_subject_deltas.csv
hierarchical_downstream_stats_20260815_000000,eog,EOG,eegnet,EEGNet,16,A06,0.0022394487510766,0.2677002583979328,0.2699397071490095,3,3,3,27,subject,runs/hierarchical_downstream_stats_20260815_000000/hierarchical_subject_deltas.csv
hierarchical_downstream_stats_20260815_000000,eog,EOG,eegnet,EEGNet,16,A07,0.1005482016312341,0.3381468110709988,0.4386950127022329,3,3,3,27,subject,runs/hierarchical_downstream_stats_20260815_000000/hierarchical_subject_deltas.csv
hierarchical_downstream_stats_20260815_000000,eog,EOG,eegnet,EEGNet,16,A08,-0.005056717233839,0.4235342353423534,0.4184775181085144,3,3,3,27,subject,runs/hierarchical_downstream_stats_20260815_000000/hierarchical_subject_deltas.csv
hierarchical_downstream_stats_20260815_000000,eog,EOG,eegnet,EEGNet,16,A09,-0.0079966329966329,0.4175084175084175,0.4095117845117845,3,3,3,27,subject,runs/hierarchical_downstream_stats_20260815_000000/hierarchical_subject_deltas.csv
hierarchical_downstream_stats_20260815_000000,eog,EOG,shallowfbcsp,ShallowFBCSPNet,16,A01,-0.0159483326743113,0.5935152234084619,0.5775668907341505,3,3,3,27,subject,runs/hierarchical_downstream_stats_20260815_000000/hierarchical_subject_deltas.csv
hierarchical_downstream_stats_20260815_000000,eog,EOG,shallowfbcsp,ShallowFBCSPNet,16,A02,-0.0694935217903415,0.3643502159403219,0.2948566941499804,3,3,3,27,subject,runs/hierarchical_downstream_stats_20260815_000000/hierarchical_subject_deltas.csv
hierarchical_downstream_stats_20260815_000000,eog,EOG,shallowfbcsp,ShallowFBCSPNet,16,A03,-0.0377153710487043,0.6695156695156695,0.6318002984669652,3,3,3,27,subject,runs/hierarchical_downstream_stats_20260815_000000/hierarchical_subject_deltas.csv
hierarchical_downstream_stats_20260815_000000,eog,EOG,shallowfbcsp,ShallowFBCSPNet,16,A04,0.0017868745938921,0.4283625730994152,0.4301494476933073,3,3,3,27,subject,runs/hierarchical_downstream_stats_20260815_000000/hierarchical_subject_deltas.csv
hierarchical_downstream_stats_20260815_000000,eog,EOG,shallowfbcsp,ShallowFBCSPNet,16,A05,-0.0402576489533011,0.2979066022544283,0.2576489533011272,3,3,3,27,subject,runs/hierarchical_downstream_stats_20260815_000000/hierarchical_subject_deltas.csv
hierarchical_downstream_stats_20260815_000000,eog,EOG,shallowfbcsp,ShallowFBCSPNet,16,A06,-0.0198105081826012,0.3720930232558139,0.3522825150732127,3,3,3,27,subject,runs/hierarchical_downstream_stats_20260815_000000/hierarchical_subject_deltas.csv
hierarchical_downstream_stats_20260815_000000,eog,EOG,shallowfbcsp,ShallowFBCSPNet,16,A07,-0.0553549939831528,0.5098275170477337,0.4544725230645808,3,3,3,27,subject,runs/hierarchical_downstream_stats_20260815_000000/hierarchical_subject_deltas.csv
hierarchical_downstream_stats_20260815_000000,eog,EOG,shallowfbcsp,ShallowFBCSPNet,16,A08,-0.002186688533552,0.6301763017630176,0.6279896132294657,3,3,3,27,subject,runs/hierarchical_downstream_stats_20260815_000000/hierarchical_subject_deltas.csv
hierarchical_downstream_stats_20260815_000000,eog,EOG,shallowfbcsp,ShallowFBCSPNet,16,A09,-0.0007014590347923,0.6527777777777778,0.6520763187429854,3,3,3,27,subject,runs/hierarchical_downstream_stats_20260815_000000/hierarchical_subject_deltas.csv
hierarchical_downstream_stats_20260815_000000,eog_emg_line,EOG+EMG+LINE,csp_lda,CSP+LDA,16,A01,-0.1916014234875445,0.8092526690391459,0.6176512455516014,5,5,0,25,subject,runs/hierarchical_downstream_stats_20260815_000000/hierarchical_subject_deltas.csv
hierarchical_downstream_stats_20260815_000000,eog_emg_line,EOG+EMG+LINE,csp_lda,CSP+LDA,16,A02,-0.2192226148409894,0.5392226148409894,0.32,5,5,0,25,subject,runs/hierarchical_downstream_stats_20260815_000000/hierarchical_subject_deltas.csv
hierarchical_downstream_stats_20260815_000000,eog_emg_line,EOG+EMG+LINE,csp_lda,CSP+LDA,16,A03,-0.0962637362637362,0.7494505494505495,0.6531868131868132,5,5,0,25,subject,runs/hierarchical_downstream_stats_20260815_000000/hierarchical_subject_deltas.csv
hierarchical_downstream_stats_20260815_000000,eog_emg_line,EOG+EMG+LINE,csp_lda,CSP+LDA,16,A04,-0.1942105263157894,0.6052631578947368,0.4110526315789474,5,5,0,25,subject,runs/hierarchical_downstream_stats_20260815_000000/hierarchical_subject_deltas.csv
hierarchical_downstream_stats_20260815_000000,eog_emg_line,EOG+EMG+LINE,csp_lda,CSP+LDA,16,A05,0.0114492753623188,0.2739130434782609,0.2853623188405797,5,5,0,25,subject,runs/hierarchical_downstream_stats_20260815_000000/hierarchical_subject_deltas.csv
hierarchical_downstream_stats_20260815_000000,eog_emg_line,EOG+EMG+LINE,csp_lda,CSP+LDA,16,A06,-0.0465116279069767,0.4613953488372093,0.4148837209302325,5,5,0,25,subject,runs/hierarchical_downstream_stats_20260815_000000/hierarchical_subject_deltas.csv
hierarchical_downstream_stats_20260815_000000,eog_emg_line,EOG+EMG+LINE,csp_lda,CSP+LDA,16,A07,-0.0828880866425992,0.5610108303249097,0.4781227436823104,5,5,0,25,subject,runs/hierarchical_downstream_stats_20260815_000000/hierarchical_subject_deltas.csv
hierarchical_downstream_stats_20260815_000000,eog_emg_line,EOG+EMG+LINE,csp_lda,CSP+LDA,16,A08,-0.0853136531365313,0.7800738007380074,0.694760147601476,5,5,0,25,subject,runs/hierarchical_downstream_stats_20260815_000000/hierarchical_subject_deltas.csv
hierarchical_downstream_stats_20260815_000000,eog_emg_line,EOG+EMG+LINE,csp_lda,CSP+LDA,16,A09,0.0127272727272727,0.6840909090909091,0.6968181818181818,5,5,0,25,subject,runs/hierarchical_downstream_stats_20260815_000000/hierarchical_subject_deltas.csv
hierarchical_downstream_stats_20260815_000000,eog_emg_line,EOG+EMG+LINE,deep4net,Deep4Net,16,A01,-0.0376960590483722,0.5709766706207987,0.5332806115724266,3,3,3,27,subject,runs/hierarchical_downstream_stats_20260815_000000/hierarchical_subject_deltas.csv
hierarchical_downstream_stats_20260815_000000,eog_emg_line,EOG+EMG+LINE,deep4net,Deep4Net,16,A02,0.0283994241591414,0.2520612485276796,0.2804606726868211,3,3,3,27,subject,runs/hierarchical_downstream_stats_20260815_000000/hierarchical_subject_deltas.csv
hierarchical_downstream_stats_20260815_000000,eog_emg_line,EOG+EMG+LINE,deep4net,Deep4Net,16,A03,0.0073260073260073,0.5759055759055759,0.5832315832315832,3,3,3,27,subject,runs/hierarchical_downstream_stats_20260815_000000/hierarchical_subject_deltas.csv
hierarchical_downstream_stats_20260815_000000,eog_emg_line,EOG+EMG+LINE,deep4net,Deep4Net,16,A04,-0.0053606237816764,0.3689083820662768,0.3635477582846004,3,3,3,27,subject,runs/hierarchical_downstream_stats_20260815_000000/hierarchical_subject_deltas.csv
hierarchical_downstream_stats_20260815_000000,eog_emg_line,EOG+EMG+LINE,deep4net,Deep4Net,16,A05,0.0203972088030059,0.2419484702093397,0.2623456790123457,3,3,3,27,subject,runs/hierarchical_downstream_stats_20260815_000000/hierarchical_subject_deltas.csv
hierarchical_downstream_stats_20260815_000000,eog_emg_line,EOG+EMG+LINE,deep4net,Deep4Net,16,A06,-0.0001722652885443,0.2909560723514212,0.2907838070628768,3,3,3,27,subject,runs/hierarchical_downstream_stats_20260815_000000/hierarchical_subject_deltas.csv
hierarchical_downstream_stats_20260815_000000,eog_emg_line,EOG+EMG+LINE,deep4net,Deep4Net,16,A07,-0.0279449124214467,0.4271961492178098,0.3992512367963631,3,3,3,27,subject,runs/hierarchical_downstream_stats_20260815_000000/hierarchical_subject_deltas.csv
hierarchical_downstream_stats_20260815_000000,eog_emg_line,EOG+EMG+LINE,deep4net,Deep4Net,16,A08,0.010113434467678,0.5584255842558425,0.5685390187235205,3,3,3,27,subject,runs/hierarchical_downstream_stats_20260815_000000/hierarchical_subject_deltas.csv
hierarchical_downstream_stats_20260815_000000,eog_emg_line,EOG+EMG+LINE,deep4net,Deep4Net,16,A09,0.0015432098765432,0.6725589225589226,0.6741021324354658,3,3,3,27,subject,runs/hierarchical_downstream_stats_20260815_000000/hierarchical_subject_deltas.csv
hierarchical_downstream_stats_20260815_000000,eog_emg_line,EOG+EMG+LINE,eegconformer,EEGConformer,16,A01,-0.0909450375642546,0.6757611704230921,0.5848161328588375,3,3,3,27,subject,runs/hierarchical_downstream_stats_20260815_000000/hierarchical_subject_deltas.csv
hierarchical_downstream_stats_20260815_000000,eog_emg_line,EOG+EMG+LINE,eegconformer,EEGConformer,16,A02,-0.0478994895956026,0.3133097762073027,0.2654102866117,3,3,3,27,subject,runs/hierarchical_downstream_stats_20260815_000000/hierarchical_subject_deltas.csv
hierarchical_downstream_stats_20260815_000000,eog_emg_line,EOG+EMG+LINE,eegconformer,EEGConformer,16,A03,-0.0615927282593949,0.71998371998372,0.658390991724325,3,3,3,27,subject,runs/hierarchical_downstream_stats_20260815_000000/hierarchical_subject_deltas.csv
hierarchical_downstream_stats_20260815_000000,eog_emg_line,EOG+EMG+LINE,eegconformer,EEGConformer,16,A04,-0.0419103313840155,0.4244639376218324,0.3825536062378167,3,3,3,27,subject,runs/hierarchical_downstream_stats_20260815_000000/hierarchical_subject_deltas.csv
hierarchical_downstream_stats_20260815_000000,eog_emg_line,EOG+EMG+LINE,eegconformer,EEGConformer,16,A05,-0.0151637144390767,0.2777777777777778,0.262614063338701,3,3,3,27,subject,runs/hierarchical_downstream_stats_20260815_000000/hierarchical_subject_deltas.csv
hierarchical_downstream_stats_20260815_000000,eog_emg_line,EOG+EMG+LINE,eegconformer,EEGConformer,16,A06,-0.0482342807924203,0.4263565891472868,0.3781223083548665,3,3,3,27,subject,runs/hierarchical_downstream_stats_20260815_000000/hierarchical_subject_deltas.csv
hierarchical_downstream_stats_20260815_000000,eog_emg_line,EOG+EMG+LINE,eegconformer,EEGConformer,16,A07,-0.0726032892097874,0.5230645808263137,0.4504612916165262,3,3,3,27,subject,runs/hierarchical_downstream_stats_20260815_000000/hierarchical_subject_deltas.csv
hierarchical_downstream_stats_20260815_000000,eog_emg_line,EOG+EMG+LINE,eegconformer,EEGConformer,16,A08,-0.052207188738554,0.6736367363673637,0.6214295476288096,3,3,3,27,subject,runs/hierarchical_downstream_stats_20260815_000000/hierarchical_subject_deltas.csv
hierarchical_downstream_stats_20260815_000000,eog_emg_line,EOG+EMG+LINE,eegconformer,EEGConformer,16,A09,0.0242704826038159,0.6687710437710438,0.6930415263748597,3,3,3,27,subject,runs/hierarchical_downstream_stats_20260815_000000/hierarchical_subject_deltas.csv
hierarchical_downstream_stats_20260815_000000,eog_emg_line,EOG+EMG+LINE,eegnet,EEGNet,16,A01,0.0342691445894292,0.56425464610518,0.5985237906946093,3,3,3,27,subject,runs/hierarchical_downstream_stats_20260815_000000/hierarchical_subject_deltas.csv
hierarchical_downstream_stats_20260815_000000,eog_emg_line,EOG+EMG+LINE,eegnet,EEGNet,16,A02,-0.0206779217379924,0.2952493129171574,0.274571391179165,3,3,3,27,subject,runs/hierarchical_downstream_stats_20260815_000000/hierarchical_subject_deltas.csv
hierarchical_downstream_stats_20260815_000000,eog_emg_line,EOG+EMG+LINE,eegnet,EEGNet,16,A03,-0.0468050468050468,0.7134717134717135,0.6666666666666666,3,3,3,27,subject,runs/hierarchical_downstream_stats_20260815_000000/hierarchical_subject_deltas.csv
hierarchical_downstream_stats_20260815_000000,eog_emg_line,EOG+EMG+LINE,eegnet,EEGNet,16,A04,-0.0423976608187134,0.4405458089668616,0.3981481481481481,3,3,3,27,subject,runs/hierarchical_downstream_stats_20260815_000000/hierarchical_subject_deltas.csv
hierarchical_downstream_stats_20260815_000000,eog_emg_line,EOG+EMG+LINE,eegnet,EEGNet,16,A05,-0.0108695652173913,0.2693236714975845,0.2584541062801932,3,3,3,27,subject,runs/hierarchical_downstream_stats_20260815_000000/hierarchical_subject_deltas.csv
hierarchical_downstream_stats_20260815_000000,eog_emg_line,EOG+EMG+LINE,eegnet,EEGNet,16,A06,0.0628768303186907,0.2630490956072351,0.3259259259259259,3,3,3,27,subject,runs/hierarchical_downstream_stats_20260815_000000/hierarchical_subject_deltas.csv
hierarchical_downstream_stats_20260815_000000,eog_emg_line,EOG+EMG+LINE,eegnet,EEGNet,16,A07,-0.0018719080090921,0.3910950661853189,0.3892231581762267,3,3,3,27,subject,runs/hierarchical_downstream_stats_20260815_000000/hierarchical_subject_deltas.csv
hierarchical_downstream_stats_20260815_000000,eog_emg_line,EOG+EMG+LINE,eegnet,EEGNet,16,A08,-0.007106737734044,0.5621156211562116,0.5550088834221676,3,3,3,27,subject,runs/hierarchical_downstream_stats_20260815_000000/hierarchical_subject_deltas.csv
hierarchical_downstream_stats_20260815_000000,eog_emg_line,EOG+EMG+LINE,eegnet,EEGNet,16,A09,0.0218855218855218,0.5563973063973064,0.5782828282828283,3,3,3,27,subject,runs/hierarchical_downstream_stats_20260815_000000/hierarchical_subject_deltas.csv
hierarchical_downstream_stats_20260815_000000,eog_emg_line,EOG+EMG+LINE,shallowfbcsp,ShallowFBCSPNet,16,A01,-0.0956899960458679,0.6366152629497825,0.5409252669039146,3,3,3,27,subject,runs/hierarchical_downstream_stats_20260815_000000/hierarchical_subject_deltas.csv
hierarchical_downstream_stats_20260815_000000,eog_emg_line,EOG+EMG+LINE,shallowfbcsp,ShallowFBCSPNet,16,A02,-0.1185708676874754,0.4000785237534354,0.2815076560659599,3,3,3,27,subject,runs/hierarchical_downstream_stats_20260815_000000/hierarchical_subject_deltas.csv
hierarchical_downstream_stats_20260815_000000,eog_emg_line,EOG+EMG+LINE,shallowfbcsp,ShallowFBCSPNet,16,A03,-0.0619997286663953,0.706959706959707,0.6449599782933116,3,3,3,27,subject,runs/hierarchical_downstream_stats_20260815_000000/hierarchical_subject_deltas.csv
hierarchical_downstream_stats_20260815_000000,eog_emg_line,EOG+EMG+LINE,shallowfbcsp,ShallowFBCSPNet,16,A04,-0.0782975958414554,0.476120857699805,0.3978232618583496,3,3,3,27,subject,runs/hierarchical_downstream_stats_20260815_000000/hierarchical_subject_deltas.csv
hierarchical_downstream_stats_20260815_000000,eog_emg_line,EOG+EMG+LINE,shallowfbcsp,ShallowFBCSPNet,16,A05,-0.0077831454643048,0.2797906602254428,0.2720075147611379,3,3,3,27,subject,runs/hierarchical_downstream_stats_20260815_000000/hierarchical_subject_deltas.csv
hierarchical_downstream_stats_20260815_000000,eog_emg_line,EOG+EMG+LINE,shallowfbcsp,ShallowFBCSPNet,16,A06,-0.0056847545219638,0.3664082687338501,0.3607235142118863,3,3,3,27,subject,runs/hierarchical_downstream_stats_20260815_000000/hierarchical_subject_deltas.csv
hierarchical_downstream_stats_20260815_000000,eog_emg_line,EOG+EMG+LINE,shallowfbcsp,ShallowFBCSPNet,16,A07,-0.1161920042786468,0.5026073004412355,0.3864152961625886,3,3,3,27,subject,runs/hierarchical_downstream_stats_20260815_000000/hierarchical_subject_deltas.csv
hierarchical_downstream_stats_20260815_000000,eog_emg_line,EOG+EMG+LINE,shallowfbcsp,ShallowFBCSPNet,16,A08,-0.01776684433511,0.6346863468634686,0.6169195025283586,3,3,3,27,subject,runs/hierarchical_downstream_stats_20260815_000000/hierarchical_subject_deltas.csv
hierarchical_downstream_stats_20260815_000000,eog_emg_line,EOG+EMG+LINE,shallowfbcsp,ShallowFBCSPNet,16,A09,-0.0123456790123456,0.6523569023569024,0.6400112233445566,3,3,3,27,subject,runs/hierarchical_downstream_stats_20260815_000000/hierarchical_subject_deltas.csv
