classifier,recipe,subject,base,oriented_sdr,delta_accuracy,n_condition_rows,n_contamination_seed_pairs,n_checkpoint_seeds,n_classifier_seed_values,classifier_label,recipe_label,source_file
csp_lda,emg,A01,2,1.6732454347610473,-0.16896797153024906,25,5,5,0,CSP+LDA,EMG,runs/a4_same_bci_metric_utility_all_neural_artifacts_20260814_215900/a4_metric_utility_joined_long_rows.csv
csp_lda,emg,A01,4,1.941293625831604,-0.19117437722419928,25,5,5,0,CSP+LDA,EMG,runs/a4_same_bci_metric_utility_all_neural_artifacts_20260814_215900/a4_metric_utility_joined_long_rows.csv
csp_lda,emg,A01,6,2.0617228984832763,-0.1958718861209964,25,5,5,0,CSP+LDA,EMG,runs/a4_same_bci_metric_utility_all_neural_artifacts_20260814_215900/a4_metric_utility_joined_long_rows.csv
csp_lda,emg,A01,8,2.128267560005188,-0.18804270462633452,25,5,5,0,CSP+LDA,EMG,runs/a4_same_bci_metric_utility_all_neural_artifacts_20260814_215900/a4_metric_utility_joined_long_rows.csv
csp_lda,emg,A01,16,2.219494690895081,-0.20313167259786474,25,5,5,0,CSP+LDA,EMG,runs/a4_same_bci_metric_utility_all_neural_artifacts_20260814_215900/a4_metric_utility_joined_long_rows.csv
csp_lda,emg,A02,2,1.250263171195984,-0.22190812720848052,25,5,5,0,CSP+LDA,EMG,runs/a4_same_bci_metric_utility_all_neural_artifacts_20260814_215900/a4_metric_utility_joined_long_rows.csv
csp_lda,emg,A02,4,1.3260759019851684,-0.23618374558303884,25,5,5,0,CSP+LDA,EMG,runs/a4_same_bci_metric_utility_all_neural_artifacts_20260814_215900/a4_metric_utility_joined_long_rows.csv
csp_lda,emg,A02,6,1.3499433183670044,-0.2264310954063604,25,5,5,0,CSP+LDA,EMG,runs/a4_same_bci_metric_utility_all_neural_artifacts_20260814_215900/a4_metric_utility_joined_long_rows.csv
csp_lda,emg,A02,8,1.3421859407424928,-0.2172438162544169,25,5,5,0,CSP+LDA,EMG,runs/a4_same_bci_metric_utility_all_neural_artifacts_20260814_215900/a4_metric_utility_joined_long_rows.csv
csp_lda,emg,A02,16,1.3765853834152222,-0.21187279151943458,25,5,5,0,CSP+LDA,EMG,runs/a4_same_bci_metric_utility_all_neural_artifacts_20260814_215900/a4_metric_utility_joined_long_rows.csv
csp_lda,emg,A03,2,2.16335196018219,-0.14065934065934063,25,5,5,0,CSP+LDA,EMG,runs/a4_same_bci_metric_utility_all_neural_artifacts_20260814_215900/a4_metric_utility_joined_long_rows.csv
csp_lda,emg,A03,4,2.264606246948242,-0.12219780219780217,25,5,5,0,CSP+LDA,EMG,runs/a4_same_bci_metric_utility_all_neural_artifacts_20260814_215900/a4_metric_utility_joined_long_rows.csv
csp_lda,emg,A03,6,2.2870858192443846,-0.11663003663003661,25,5,5,0,CSP+LDA,EMG,runs/a4_same_bci_metric_utility_all_neural_artifacts_20260814_215900/a4_metric_utility_joined_long_rows.csv
csp_lda,emg,A03,8,2.2711668109893797,-0.11897435897435896,25,5,5,0,CSP+LDA,EMG,runs/a4_same_bci_metric_utility_all_neural_artifacts_20260814_215900/a4_metric_utility_joined_long_rows.csv
csp_lda,emg,A03,16,2.2871982860565185,-0.07282051282051279,25,5,5,0,CSP+LDA,EMG,runs/a4_same_bci_metric_utility_all_neural_artifacts_20260814_215900/a4_metric_utility_joined_long_rows.csv
csp_lda,emg,A04,2,2.389345998764038,-0.20614035087719296,25,5,5,0,CSP+LDA,EMG,runs/a4_same_bci_metric_utility_all_neural_artifacts_20260814_215900/a4_metric_utility_joined_long_rows.csv
csp_lda,emg,A04,4,2.78598931312561,-0.16614035087719292,25,5,5,0,CSP+LDA,EMG,runs/a4_same_bci_metric_utility_all_neural_artifacts_20260814_215900/a4_metric_utility_joined_long_rows.csv
csp_lda,emg,A04,6,2.8869946956634522,-0.16438596491228064,25,5,5,0,CSP+LDA,EMG,runs/a4_same_bci_metric_utility_all_neural_artifacts_20260814_215900/a4_metric_utility_joined_long_rows.csv
csp_lda,emg,A04,8,2.9546428108215332,-0.16631578947368414,25,5,5,0,CSP+LDA,EMG,runs/a4_same_bci_metric_utility_all_neural_artifacts_20260814_215900/a4_metric_utility_joined_long_rows.csv
csp_lda,emg,A04,16,2.991602449417114,-0.17210526315789468,25,5,5,0,CSP+LDA,EMG,runs/a4_same_bci_metric_utility_all_neural_artifacts_20260814_215900/a4_metric_utility_joined_long_rows.csv
csp_lda,emg,A05,2,0.36057902097702027,-0.0033333333333333036,25,5,5,0,CSP+LDA,EMG,runs/a4_same_bci_metric_utility_all_neural_artifacts_20260814_215900/a4_metric_utility_joined_long_rows.csv
csp_lda,emg,A05,4,0.3380871582031249,0.005362318840579744,25,5,5,0,CSP+LDA,EMG,runs/a4_same_bci_metric_utility_all_neural_artifacts_20260814_215900/a4_metric_utility_joined_long_rows.csv
csp_lda,emg,A05,6,0.3202728712558746,0.007536231884057965,25,5,5,0,CSP+LDA,EMG,runs/a4_same_bci_metric_utility_all_neural_artifacts_20260814_215900/a4_metric_utility_joined_long_rows.csv
csp_lda,emg,A05,8,0.32926835179328917,-0.00507246376811592,25,5,5,0,CSP+LDA,EMG,runs/a4_same_bci_metric_utility_all_neural_artifacts_20260814_215900/a4_metric_utility_joined_long_rows.csv
csp_lda,emg,A05,16,0.3597863745689392,-0.006521739130434748,25,5,5,0,CSP+LDA,EMG,runs/a4_same_bci_metric_utility_all_neural_artifacts_20260814_215900/a4_metric_utility_joined_long_rows.csv
csp_lda,emg,A06,2,3.033376178741455,-0.11609302325581389,25,5,5,0,CSP+LDA,EMG,runs/a4_same_bci_metric_utility_all_neural_artifacts_20260814_215900/a4_metric_utility_joined_long_rows.csv
csp_lda,emg,A06,4,3.356069221496582,-0.10176744186046506,25,5,5,0,CSP+LDA,EMG,runs/a4_same_bci_metric_utility_all_neural_artifacts_20260814_215900/a4_metric_utility_joined_long_rows.csv
csp_lda,emg,A06,6,3.514469614028931,-0.09674418604651157,25,5,5,0,CSP+LDA,EMG,runs/a4_same_bci_metric_utility_all_neural_artifacts_20260814_215900/a4_metric_utility_joined_long_rows.csv
csp_lda,emg,A06,8,3.6474831104278564,-0.09302325581395345,25,5,5,0,CSP+LDA,EMG,runs/a4_same_bci_metric_utility_all_neural_artifacts_20260814_215900/a4_metric_utility_joined_long_rows.csv
csp_lda,emg,A06,16,3.7230737018585205,-0.08055813953488368,25,5,5,0,CSP+LDA,EMG,runs/a4_same_bci_metric_utility_all_neural_artifacts_20260814_215900/a4_metric_utility_joined_long_rows.csv
csp_lda,emg,A07,2,2.807533760070801,-0.10353790613718405,25,5,5,0,CSP+LDA,EMG,runs/a4_same_bci_metric_utility_all_neural_artifacts_20260814_215900/a4_metric_utility_joined_long_rows.csv
csp_lda,emg,A07,4,3.3296329593658447,-0.057472924187725594,25,5,5,0,CSP+LDA,EMG,runs/a4_same_bci_metric_utility_all_neural_artifacts_20260814_215900/a4_metric_utility_joined_long_rows.csv
csp_lda,emg,A07,6,3.4651367378234865,-0.06093862815884471,25,5,5,0,CSP+LDA,EMG,runs/a4_same_bci_metric_utility_all_neural_artifacts_20260814_215900/a4_metric_utility_joined_long_rows.csv
csp_lda,emg,A07,8,3.547940092086792,-0.07032490974729237,25,5,5,0,CSP+LDA,EMG,runs/a4_same_bci_metric_utility_all_neural_artifacts_20260814_215900/a4_metric_utility_joined_long_rows.csv
csp_lda,emg,A07,16,3.577731990814209,-0.058628158844765306,25,5,5,0,CSP+LDA,EMG,runs/a4_same_bci_metric_utility_all_neural_artifacts_20260814_215900/a4_metric_utility_joined_long_rows.csv
csp_lda,emg,A08,2,2.7147216987609863,-0.09549815498154977,25,5,5,0,CSP+LDA,EMG,runs/a4_same_bci_metric_utility_all_neural_artifacts_20260814_215900/a4_metric_utility_joined_long_rows.csv
csp_lda,emg,A08,4,2.858979024887085,-0.06819188191881914,25,5,5,0,CSP+LDA,EMG,runs/a4_same_bci_metric_utility_all_neural_artifacts_20260814_215900/a4_metric_utility_joined_long_rows.csv
csp_lda,emg,A08,6,2.842927532196045,-0.07955719557195567,25,5,5,0,CSP+LDA,EMG,runs/a4_same_bci_metric_utility_all_neural_artifacts_20260814_215900/a4_metric_utility_joined_long_rows.csv
csp_lda,emg,A08,8,2.8182666301727295,-0.09003690036900366,25,5,5,0,CSP+LDA,EMG,runs/a4_same_bci_metric_utility_all_neural_artifacts_20260814_215900/a4_metric_utility_joined_long_rows.csv
csp_lda,emg,A08,16,2.8011140251159667,-0.09490774907749074,25,5,5,0,CSP+LDA,EMG,runs/a4_same_bci_metric_utility_all_neural_artifacts_20260814_215900/a4_metric_utility_joined_long_rows.csv
csp_lda,emg,A09,2,4.100537109375,-0.06439393939393939,25,5,5,0,CSP+LDA,EMG,runs/a4_same_bci_metric_utility_all_neural_artifacts_20260814_215900/a4_metric_utility_joined_long_rows.csv
csp_lda,emg,A09,4,4.690596218109131,-0.061363636363636356,25,5,5,0,CSP+LDA,EMG,runs/a4_same_bci_metric_utility_all_neural_artifacts_20260814_215900/a4_metric_utility_joined_long_rows.csv
csp_lda,emg,A09,6,4.773259315490723,-0.023333333333333338,25,5,5,0,CSP+LDA,EMG,runs/a4_same_bci_metric_utility_all_neural_artifacts_20260814_215900/a4_metric_utility_joined_long_rows.csv
csp_lda,emg,A09,8,4.744386692047119,-0.04272727272727273,25,5,5,0,CSP+LDA,EMG,runs/a4_same_bci_metric_utility_all_neural_artifacts_20260814_215900/a4_metric_utility_joined_long_rows.csv
csp_lda,emg,A09,16,4.7096288299560545,-0.015,25,5,5,0,CSP+LDA,EMG,runs/a4_same_bci_metric_utility_all_neural_artifacts_20260814_215900/a4_metric_utility_joined_long_rows.csv
csp_lda,eog,A01,2,1.8954608726501465,-0.1665480427046263,25,5,5,0,CSP+LDA,EOG,runs/a4_same_bci_metric_utility_all_neural_artifacts_20260814_215900/a4_metric_utility_joined_long_rows.csv
csp_lda,eog,A01,4,2.3055466842651366,-0.14007117437722413,25,5,5,0,CSP+LDA,EOG,runs/a4_same_bci_metric_utility_all_neural_artifacts_20260814_215900/a4_metric_utility_joined_long_rows.csv
csp_lda,eog,A01,6,2.485444107055664,-0.11387900355871883,25,5,5,0,CSP+LDA,EOG,runs/a4_same_bci_metric_utility_all_neural_artifacts_20260814_215900/a4_metric_utility_joined_long_rows.csv
csp_lda,eog,A01,8,2.560524559020996,-0.09793594306049817,25,5,5,0,CSP+LDA,EOG,runs/a4_same_bci_metric_utility_all_neural_artifacts_20260814_215900/a4_metric_utility_joined_long_rows.csv
csp_lda,eog,A01,16,2.4072469520568847,-0.08284697508896793,25,5,5,0,CSP+LDA,EOG,runs/a4_same_bci_metric_utility_all_neural_artifacts_20260814_215900/a4_metric_utility_joined_long_rows.csv
csp_lda,eog,A02,2,1.387438883781433,-0.16070671378091866,25,5,5,0,CSP+LDA,EOG,runs/a4_same_bci_metric_utility_all_neural_artifacts_20260814_215900/a4_metric_utility_joined_long_rows.csv
csp_lda,eog,A02,4,1.3065577363967895,-0.1417667844522968,25,5,5,0,CSP+LDA,EOG,runs/a4_same_bci_metric_utility_all_neural_artifacts_20260814_215900/a4_metric_utility_joined_long_rows.csv
csp_lda,eog,A02,6,1.3560295581817627,-0.1477031802120141,25,5,5,0,CSP+LDA,EOG,runs/a4_same_bci_metric_utility_all_neural_artifacts_20260814_215900/a4_metric_utility_joined_long_rows.csv
csp_lda,eog,A02,8,1.4512140989303588,-0.14431095406360417,25,5,5,0,CSP+LDA,EOG,runs/a4_same_bci_metric_utility_all_neural_artifacts_20260814_215900/a4_metric_utility_joined_long_rows.csv
csp_lda,eog,A02,16,1.349219970703125,-0.14261484098939925,25,5,5,0,CSP+LDA,EOG,runs/a4_same_bci_metric_utility_all_neural_artifacts_20260814_215900/a4_metric_utility_joined_long_rows.csv
csp_lda,eog,A03,2,2.0487347936630247,-0.1727472527472527,25,5,5,0,CSP+LDA,EOG,runs/a4_same_bci_metric_utility_all_neural_artifacts_20260814_215900/a4_metric_utility_joined_long_rows.csv
csp_lda,eog,A03,4,2.0419758462905886,-0.1536996336996337,25,5,5,0,CSP+LDA,EOG,runs/a4_same_bci_metric_utility_all_neural_artifacts_20260814_215900/a4_metric_utility_joined_long_rows.csv
csp_lda,eog,A03,6,2.0666809272766113,-0.09318681318681314,25,5,5,0,CSP+LDA,EOG,runs/a4_same_bci_metric_utility_all_neural_artifacts_20260814_215900/a4_metric_utility_joined_long_rows.csv
csp_lda,eog,A03,8,2.1264514923095703,-0.06036630036630035,25,5,5,0,CSP+LDA,EOG,runs/a4_same_bci_metric_utility_all_neural_artifacts_20260814_215900/a4_metric_utility_joined_long_rows.csv
csp_lda,eog,A03,16,2.030792684555054,-0.05025641025641022,25,5,5,0,CSP+LDA,EOG,runs/a4_same_bci_metric_utility_all_neural_artifacts_20260814_215900/a4_metric_utility_joined_long_rows.csv
csp_lda,eog,A04,2,1.549818754196167,-0.1889473684210526,25,5,5,0,CSP+LDA,EOG,runs/a4_same_bci_metric_utility_all_neural_artifacts_20260814_215900/a4_metric_utility_joined_long_rows.csv
csp_lda,eog,A04,4,1.3156182670593262,-0.08877192982456135,25,5,5,0,CSP+LDA,EOG,runs/a4_same_bci_metric_utility_all_neural_artifacts_20260814_215900/a4_metric_utility_joined_long_rows.csv
csp_lda,eog,A04,6,1.302065212726593,-0.07175438596491224,25,5,5,0,CSP+LDA,EOG,runs/a4_same_bci_metric_utility_all_neural_artifacts_20260814_215900/a4_metric_utility_joined_long_rows.csv
csp_lda,eog,A04,8,1.2688886690139771,-0.08333333333333329,25,5,5,0,CSP+LDA,EOG,runs/a4_same_bci_metric_utility_all_neural_artifacts_20260814_215900/a4_metric_utility_joined_long_rows.csv
csp_lda,eog,A04,16,1.301895260810852,-0.051403508771929785,25,5,5,0,CSP+LDA,EOG,runs/a4_same_bci_metric_utility_all_neural_artifacts_20260814_215900/a4_metric_utility_joined_long_rows.csv
csp_lda,eog,A05,2,0.5846082615852356,0.021449275362318835,25,5,5,0,CSP+LDA,EOG,runs/a4_same_bci_metric_utility_all_neural_artifacts_20260814_215900/a4_metric_utility_joined_long_rows.csv
csp_lda,eog,A05,4,0.6865716207027436,0.03347826086956521,25,5,5,0,CSP+LDA,EOG,runs/a4_same_bci_metric_utility_all_neural_artifacts_20260814_215900/a4_metric_utility_joined_long_rows.csv
csp_lda,eog,A05,6,0.5200315380096435,0.024202898550724626,25,5,5,0,CSP+LDA,EOG,runs/a4_same_bci_metric_utility_all_neural_artifacts_20260814_215900/a4_metric_utility_joined_long_rows.csv
csp_lda,eog,A05,8,0.6252116334438323,0.019275362318840562,25,5,5,0,CSP+LDA,EOG,runs/a4_same_bci_metric_utility_all_neural_artifacts_20260814_215900/a4_metric_utility_joined_long_rows.csv
csp_lda,eog,A05,16,0.5151271867752075,0.013333333333333313,25,5,5,0,CSP+LDA,EOG,runs/a4_same_bci_metric_utility_all_neural_artifacts_20260814_215900/a4_metric_utility_joined_long_rows.csv
csp_lda,eog,A06,2,1.1493053197860719,-0.0626976744186046,25,5,5,0,CSP+LDA,EOG,runs/a4_same_bci_metric_utility_all_neural_artifacts_20260814_215900/a4_metric_utility_joined_long_rows.csv
csp_lda,eog,A06,4,0.48125661954283716,-0.03572093023255809,25,5,5,0,CSP+LDA,EOG,runs/a4_same_bci_metric_utility_all_neural_artifacts_20260814_215900/a4_metric_utility_joined_long_rows.csv
csp_lda,eog,A06,6,0.4107261957228184,-0.02660465116279066,25,5,5,0,CSP+LDA,EOG,runs/a4_same_bci_metric_utility_all_neural_artifacts_20260814_215900/a4_metric_utility_joined_long_rows.csv
csp_lda,eog,A06,8,0.2979398368299007,-0.03553488372093021,25,5,5,0,CSP+LDA,EOG,runs/a4_same_bci_metric_utility_all_neural_artifacts_20260814_215900/a4_metric_utility_joined_long_rows.csv
csp_lda,eog,A06,16,0.37310645383084196,-0.029767441860465083,25,5,5,0,CSP+LDA,EOG,runs/a4_same_bci_metric_utility_all_neural_artifacts_20260814_215900/a4_metric_utility_joined_long_rows.csv
csp_lda,eog,A07,2,1.4130902290344238,-0.09501805054151621,25,5,5,0,CSP+LDA,EOG,runs/a4_same_bci_metric_utility_all_neural_artifacts_20260814_215900/a4_metric_utility_joined_long_rows.csv
csp_lda,eog,A07,4,0.770595736503601,-0.111913357400722,25,5,5,0,CSP+LDA,EOG,runs/a4_same_bci_metric_utility_all_neural_artifacts_20260814_215900/a4_metric_utility_joined_long_rows.csv
csp_lda,eog,A07,6,0.6640028488636017,-0.13761732851985556,25,5,5,0,CSP+LDA,EOG,runs/a4_same_bci_metric_utility_all_neural_artifacts_20260814_215900/a4_metric_utility_joined_long_rows.csv
csp_lda,eog,A07,8,0.6637175977230072,-0.12433212996389888,25,5,5,0,CSP+LDA,EOG,runs/a4_same_bci_metric_utility_all_neural_artifacts_20260814_215900/a4_metric_utility_joined_long_rows.csv
csp_lda,eog,A07,16,0.7056626904010773,-0.11263537906137179,25,5,5,0,CSP+LDA,EOG,runs/a4_same_bci_metric_utility_all_neural_artifacts_20260814_215900/a4_metric_utility_joined_long_rows.csv
csp_lda,eog,A08,2,2.392296724319458,-0.08929889298892986,25,5,5,0,CSP+LDA,EOG,runs/a4_same_bci_metric_utility_all_neural_artifacts_20260814_215900/a4_metric_utility_joined_long_rows.csv
csp_lda,eog,A08,4,2.3154669618606567,-0.050332103321033175,25,5,5,0,CSP+LDA,EOG,runs/a4_same_bci_metric_utility_all_neural_artifacts_20260814_215900/a4_metric_utility_joined_long_rows.csv
csp_lda,eog,A08,6,2.1926416540145874,-0.03040590405904057,25,5,5,0,CSP+LDA,EOG,runs/a4_same_bci_metric_utility_all_neural_artifacts_20260814_215900/a4_metric_utility_joined_long_rows.csv
csp_lda,eog,A08,8,2.216304521560669,-0.04162361623616233,25,5,5,0,CSP+LDA,EOG,runs/a4_same_bci_metric_utility_all_neural_artifacts_20260814_215900/a4_metric_utility_joined_long_rows.csv
csp_lda,eog,A08,16,2.1881960439682007,-0.03350553505535052,25,5,5,0,CSP+LDA,EOG,runs/a4_same_bci_metric_utility_all_neural_artifacts_20260814_215900/a4_metric_utility_joined_long_rows.csv
csp_lda,eog,A09,2,0.58616569429636,-0.04106060606060605,25,5,5,0,CSP+LDA,EOG,runs/a4_same_bci_metric_utility_all_neural_artifacts_20260814_215900/a4_metric_utility_joined_long_rows.csv
csp_lda,eog,A09,4,0.08041282057762145,-0.007121212121212136,25,5,5,0,CSP+LDA,EOG,runs/a4_same_bci_metric_utility_all_neural_artifacts_20260814_215900/a4_metric_utility_joined_long_rows.csv
csp_lda,eog,A09,6,0.02221278401091693,-0.00803030303030304,25,5,5,0,CSP+LDA,EOG,runs/a4_same_bci_metric_utility_all_neural_artifacts_20260814_215900/a4_metric_utility_joined_long_rows.csv
csp_lda,eog,A09,8,-0.06255966755561528,-0.01606060606060607,25,5,5,0,CSP+LDA,EOG,runs/a4_same_bci_metric_utility_all_neural_artifacts_20260814_215900/a4_metric_utility_joined_long_rows.csv
csp_lda,eog,A09,16,0.09009434795007108,-0.02757575757575757,25,5,5,0,CSP+LDA,EOG,runs/a4_same_bci_metric_utility_all_neural_artifacts_20260814_215900/a4_metric_utility_joined_long_rows.csv
eegnet,eog,A01,6,2.403104199303521,-0.010544352181362853,9,3,3,3,EEGNet,EOG,runs/a4_same_bci_metric_utility_all_neural_artifacts_20260814_215900/a4_metric_utility_joined_long_rows.csv
eegnet,eog,A01,16,2.4111333423190646,-0.014630288651640955,9,3,3,3,EEGNet,EOG,runs/a4_same_bci_metric_utility_all_neural_artifacts_20260814_215900/a4_metric_utility_joined_long_rows.csv
eegnet,eog,A02,6,1.3251168992784288,-0.013479911006412734,9,3,3,3,EEGNet,EOG,runs/a4_same_bci_metric_utility_all_neural_artifacts_20260814_215900/a4_metric_utility_joined_long_rows.csv
eegnet,eog,A02,16,1.3253135283788045,-0.0014396021463159334,9,3,3,3,EEGNet,EOG,runs/a4_same_bci_metric_utility_all_neural_artifacts_20260814_215900/a4_metric_utility_joined_long_rows.csv
eegnet,eog,A03,6,1.99806895520952,0.014516347849681156,9,3,3,3,EEGNet,EOG,runs/a4_same_bci_metric_utility_all_neural_artifacts_20260814_215900/a4_metric_utility_joined_long_rows.csv
eegnet,eog,A03,16,1.997923149002923,0.01817935151268481,9,3,3,3,EEGNet,EOG,runs/a4_same_bci_metric_utility_all_neural_artifacts_20260814_215900/a4_metric_utility_joined_long_rows.csv
eegnet,eog,A04,6,1.3497590356402926,0.006985055230669212,9,3,3,3,EEGNet,EOG,runs/a4_same_bci_metric_utility_all_neural_artifacts_20260814_215900/a4_metric_utility_joined_long_rows.csv
eegnet,eog,A04,16,1.363770776324802,0.013320337881741355,9,3,3,3,EEGNet,EOG,runs/a4_same_bci_metric_utility_all_neural_artifacts_20260814_215900/a4_metric_utility_joined_long_rows.csv
eegnet,eog,A05,6,0.43438951174418133,-0.035426731078904955,9,3,3,3,EEGNet,EOG,runs/a4_same_bci_metric_utility_all_neural_artifacts_20260814_215900/a4_metric_utility_joined_long_rows.csv
eegnet,eog,A05,16,0.46021479699346757,-0.0356951154052603,9,3,3,3,EEGNet,EOG,runs/a4_same_bci_metric_utility_all_neural_artifacts_20260814_215900/a4_metric_utility_joined_long_rows.csv
eegnet,eog,A06,6,0.49813590778244865,0.009130060292850954,9,3,3,3,EEGNet,EOG,runs/a4_same_bci_metric_utility_all_neural_artifacts_20260814_215900/a4_metric_utility_joined_long_rows.csv
eegnet,eog,A06,16,0.4476497769355774,0.0022394487510766434,9,3,3,3,EEGNet,EOG,runs/a4_same_bci_metric_utility_all_neural_artifacts_20260814_215900/a4_metric_utility_joined_long_rows.csv
eegnet,eog,A07,6,0.7104059921370612,0.10629763337344561,9,3,3,3,EEGNet,EOG,runs/a4_same_bci_metric_utility_all_neural_artifacts_20260814_215900/a4_metric_utility_joined_long_rows.csv
eegnet,eog,A07,16,0.7182144456439548,0.10054820163123407,9,3,3,3,EEGNet,EOG,runs/a4_same_bci_metric_utility_all_neural_artifacts_20260814_215900/a4_metric_utility_joined_long_rows.csv
eegnet,eog,A08,6,2.1778477827707925,0.017766844335110013,9,3,3,3,EEGNet,EOG,runs/a4_same_bci_metric_utility_all_neural_artifacts_20260814_215900/a4_metric_utility_joined_long_rows.csv
eegnet,eog,A08,16,2.2220812373691134,-0.00505671723383901,9,3,3,3,EEGNet,EOG,runs/a4_same_bci_metric_utility_all_neural_artifacts_20260814_215900/a4_metric_utility_joined_long_rows.csv
eegnet,eog,A09,6,0.07288085633060994,-0.018658810325476956,9,3,3,3,EEGNet,EOG,runs/a4_same_bci_metric_utility_all_neural_artifacts_20260814_215900/a4_metric_utility_joined_long_rows.csv
eegnet,eog,A09,16,0.10759370463589825,-0.00799663299663299,9,3,3,3,EEGNet,EOG,runs/a4_same_bci_metric_utility_all_neural_artifacts_20260814_215900/a4_metric_utility_joined_long_rows.csv
shallowfbcsp,eog_emg_line,A01,6,1.9807844559351604,-0.09568999604586786,9,3,3,3,ShallowFBCSPNet,EOG+EMG+LINE,runs/a4_same_bci_metric_utility_all_neural_artifacts_20260814_215900/a4_metric_utility_joined_long_rows.csv
shallowfbcsp,eog_emg_line,A01,16,2.1691326565212674,-0.09568999604586786,9,3,3,3,ShallowFBCSPNet,EOG+EMG+LINE,runs/a4_same_bci_metric_utility_all_neural_artifacts_20260814_215900/a4_metric_utility_joined_long_rows.csv
shallowfbcsp,eog_emg_line,A02,6,1.2866875992880926,-0.11883261353226013,9,3,3,3,ShallowFBCSPNet,EOG+EMG+LINE,runs/a4_same_bci_metric_utility_all_neural_artifacts_20260814_215900/a4_metric_utility_joined_long_rows.csv
shallowfbcsp,eog_emg_line,A02,16,1.3316885497834947,-0.11857086768747542,9,3,3,3,ShallowFBCSPNet,EOG+EMG+LINE,runs/a4_same_bci_metric_utility_all_neural_artifacts_20260814_215900/a4_metric_utility_joined_long_rows.csv
shallowfbcsp,eog_emg_line,A03,6,2.257247739368015,-0.03839370506037166,9,3,3,3,ShallowFBCSPNet,EOG+EMG+LINE,runs/a4_same_bci_metric_utility_all_neural_artifacts_20260814_215900/a4_metric_utility_joined_long_rows.csv
shallowfbcsp,eog_emg_line,A03,16,2.2874714533487954,-0.06199972866639528,9,3,3,3,ShallowFBCSPNet,EOG+EMG+LINE,runs/a4_same_bci_metric_utility_all_neural_artifacts_20260814_215900/a4_metric_utility_joined_long_rows.csv
shallowfbcsp,eog_emg_line,A04,6,2.850140412648519,-0.07504873294346975,9,3,3,3,ShallowFBCSPNet,EOG+EMG+LINE,runs/a4_same_bci_metric_utility_all_neural_artifacts_20260814_215900/a4_metric_utility_joined_long_rows.csv
shallowfbcsp,eog_emg_line,A04,16,3.011772526635064,-0.07829759584145544,9,3,3,3,ShallowFBCSPNet,EOG+EMG+LINE,runs/a4_same_bci_metric_utility_all_neural_artifacts_20260814_215900/a4_metric_utility_joined_long_rows.csv
shallowfbcsp,eog_emg_line,A05,6,0.2956037190225389,-0.011674718196457299,9,3,3,3,ShallowFBCSPNet,EOG+EMG+LINE,runs/a4_same_bci_metric_utility_all_neural_artifacts_20260814_215900/a4_metric_utility_joined_long_rows.csv
shallowfbcsp,eog_emg_line,A05,16,0.33828542961014635,-0.007783145464304867,9,3,3,3,ShallowFBCSPNet,EOG+EMG+LINE,runs/a4_same_bci_metric_utility_all_neural_artifacts_20260814_215900/a4_metric_utility_joined_long_rows.csv
shallowfbcsp,eog_emg_line,A06,6,3.4729661411709256,-0.013608957795004277,9,3,3,3,ShallowFBCSPNet,EOG+EMG+LINE,runs/a4_same_bci_metric_utility_all_neural_artifacts_20260814_215900/a4_metric_utility_joined_long_rows.csv
shallowfbcsp,eog_emg_line,A06,16,3.6689394579993353,-0.00568475452196381,9,3,3,3,ShallowFBCSPNet,EOG+EMG+LINE,runs/a4_same_bci_metric_utility_all_neural_artifacts_20260814_215900/a4_metric_utility_joined_long_rows.csv
shallowfbcsp,eog_emg_line,A07,6,3.3584662278493247,-0.13036502206177294,9,3,3,3,ShallowFBCSPNet,EOG+EMG+LINE,runs/a4_same_bci_metric_utility_all_neural_artifacts_20260814_215900/a4_metric_utility_joined_long_rows.csv
shallowfbcsp,eog_emg_line,A07,16,3.5167903900146484,-0.11619200427864687,9,3,3,3,ShallowFBCSPNet,EOG+EMG+LINE,runs/a4_same_bci_metric_utility_all_neural_artifacts_20260814_215900/a4_metric_utility_joined_long_rows.csv
shallowfbcsp,eog_emg_line,A08,6,2.852662139468723,-0.013530135301352966,9,3,3,3,ShallowFBCSPNet,EOG+EMG+LINE,runs/a4_same_bci_metric_utility_all_neural_artifacts_20260814_215900/a4_metric_utility_joined_long_rows.csv
shallowfbcsp,eog_emg_line,A08,16,2.8389863438076444,-0.017766844335109985,9,3,3,3,ShallowFBCSPNet,EOG+EMG+LINE,runs/a4_same_bci_metric_utility_all_neural_artifacts_20260814_215900/a4_metric_utility_joined_long_rows.csv
shallowfbcsp,eog_emg_line,A09,6,4.647971736060248,0.0005611672278339179,9,3,3,3,ShallowFBCSPNet,EOG+EMG+LINE,runs/a4_same_bci_metric_utility_all_neural_artifacts_20260814_215900/a4_metric_utility_joined_long_rows.csv
shallowfbcsp,eog_emg_line,A09,16,4.634363757239448,-0.012345679012345623,9,3,3,3,ShallowFBCSPNet,EOG+EMG+LINE,runs/a4_same_bci_metric_utility_all_neural_artifacts_20260814_215900/a4_metric_utility_joined_long_rows.csv
