panel,panel_title,row_type,condition,base,width_label,parameters,seed,subject,cc,mean_cc,sd_cc,ci95_low,ci95_high,source_file,aggregation
A,EEGDenoiseNet,seed_observation,EMG,2,b2,1048,42,,0.8093715310096741,,,,,runs/attention_width_sweep_20260520_212826_summary_index.csv,none; independent training seed
A,EEGDenoiseNet,seed_observation,EMG,2,b2,1048,43,,0.8277297616004944,,,,,runs/attention_width_sweep_20260520_212826_summary_index.csv,none; independent training seed
A,EEGDenoiseNet,seed_observation,EMG,2,b2,1048,44,,0.8233755230903625,,,,,runs/attention_width_sweep_20260520_212826_summary_index.csv,none; independent training seed
A,EEGDenoiseNet,seed_observation,EMG,2,b2,1048,45,,0.8242586851119995,,,,,runs/jne_revision_high_leverage_20260601_150050_width_saturation_extra_seeds_summary_index.csv,none; independent training seed
A,EEGDenoiseNet,seed_observation,EMG,2,b2,1048,46,,0.8257154822349548,,,,,runs/jne_revision_high_leverage_20260601_150050_width_saturation_extra_seeds_summary_index.csv,none; independent training seed
A,EEGDenoiseNet,seed_observation,EMG,4,b4,3218,42,,0.8369725942611694,,,,,runs/attention_width_sweep_20260520_212826_summary_index.csv,none; independent training seed
A,EEGDenoiseNet,seed_observation,EMG,4,b4,3218,43,,0.8383067846298218,,,,,runs/attention_width_sweep_20260520_212826_summary_index.csv,none; independent training seed
A,EEGDenoiseNet,seed_observation,EMG,4,b4,3218,44,,0.8367007374763489,,,,,runs/attention_width_sweep_20260520_212826_summary_index.csv,none; independent training seed
A,EEGDenoiseNet,seed_observation,EMG,4,b4,3218,45,,0.8376096487045288,,,,,runs/jne_revision_high_leverage_20260601_150050_width_saturation_extra_seeds_summary_index.csv,none; independent training seed
A,EEGDenoiseNet,seed_observation,EMG,4,b4,3218,46,,0.8375877141952515,,,,,runs/jne_revision_high_leverage_20260601_150050_width_saturation_extra_seeds_summary_index.csv,none; independent training seed
A,EEGDenoiseNet,seed_observation,EMG,6,b6,6532,42,,0.841278076171875,,,,,runs/attention_width_sweep_20260520_212826_summary_index.csv,none; independent training seed
A,EEGDenoiseNet,seed_observation,EMG,6,b6,6532,43,,0.8406468033790588,,,,,runs/attention_width_sweep_20260520_212826_summary_index.csv,none; independent training seed
A,EEGDenoiseNet,seed_observation,EMG,6,b6,6532,44,,0.8391097784042358,,,,,runs/attention_width_sweep_20260520_212826_summary_index.csv,none; independent training seed
A,EEGDenoiseNet,seed_observation,EMG,6,b6,6532,45,,0.8401848077774048,,,,,runs/jne_revision_high_leverage_20260601_150050_width_saturation_extra_seeds_summary_index.csv,none; independent training seed
A,EEGDenoiseNet,seed_observation,EMG,6,b6,6532,46,,0.8410128951072693,,,,,runs/jne_revision_high_leverage_20260601_150050_width_saturation_extra_seeds_summary_index.csv,none; independent training seed
A,EEGDenoiseNet,seed_observation,EMG,8,b8,10990,42,,0.8427336812019348,,,,,runs/attention_width_sweep_20260520_212826_summary_index.csv,none; independent training seed
A,EEGDenoiseNet,seed_observation,EMG,8,b8,10990,43,,0.8433422446250916,,,,,runs/attention_width_sweep_20260520_212826_summary_index.csv,none; independent training seed
A,EEGDenoiseNet,seed_observation,EMG,8,b8,10990,44,,0.8420588374137878,,,,,runs/attention_width_sweep_20260520_212826_summary_index.csv,none; independent training seed
A,EEGDenoiseNet,seed_observation,EMG,8,b8,10990,45,,0.8428810834884644,,,,,runs/jne_revision_high_leverage_20260601_150050_width_saturation_extra_seeds_summary_index.csv,none; independent training seed
A,EEGDenoiseNet,seed_observation,EMG,8,b8,10990,46,,0.8427901268005371,,,,,runs/jne_revision_high_leverage_20260601_150050_width_saturation_extra_seeds_summary_index.csv,none; independent training seed
A,EEGDenoiseNet,seed_observation,EMG,16,b16,40262,42,,0.8406802415847778,,,,,runs/attention_width_sweep_20260520_212826_summary_index.csv,none; independent training seed
A,EEGDenoiseNet,seed_observation,EMG,16,b16,40262,43,,0.8439701199531555,,,,,runs/attention_width_sweep_20260520_212826_summary_index.csv,none; independent training seed
A,EEGDenoiseNet,seed_observation,EMG,16,b16,40262,44,,0.8441333770751953,,,,,runs/attention_width_sweep_20260520_212826_summary_index.csv,none; independent training seed
A,EEGDenoiseNet,seed_observation,EMG,16,b16,40262,45,,0.8417152166366577,,,,,runs/jne_revision_high_leverage_20260601_150050_width_saturation_extra_seeds_summary_index.csv,none; independent training seed
A,EEGDenoiseNet,seed_observation,EMG,16,b16,40262,46,,0.842034101486206,,,,,runs/jne_revision_high_leverage_20260601_150050_width_saturation_extra_seeds_summary_index.csv,none; independent training seed
A,EEGDenoiseNet,seed_observation,EOG,2,b2,1048,42,,0.849756121635437,,,,,runs/attention_width_sweep_20260520_212826_summary_index.csv,none; independent training seed
A,EEGDenoiseNet,seed_observation,EOG,2,b2,1048,43,,0.8897610306739807,,,,,runs/attention_width_sweep_20260520_212826_summary_index.csv,none; independent training seed
A,EEGDenoiseNet,seed_observation,EOG,2,b2,1048,44,,0.8704563975334167,,,,,runs/attention_width_sweep_20260520_212826_summary_index.csv,none; independent training seed
A,EEGDenoiseNet,seed_observation,EOG,2,b2,1048,45,,0.8739844560623169,,,,,runs/jne_revision_high_leverage_20260601_150050_width_saturation_extra_seeds_summary_index.csv,none; independent training seed
A,EEGDenoiseNet,seed_observation,EOG,2,b2,1048,46,,0.8703950047492981,,,,,runs/jne_revision_high_leverage_20260601_150050_width_saturation_extra_seeds_summary_index.csv,none; independent training seed
A,EEGDenoiseNet,seed_observation,EOG,4,b4,3218,42,,0.8986411690711975,,,,,runs/attention_width_sweep_20260520_212826_summary_index.csv,none; independent training seed
A,EEGDenoiseNet,seed_observation,EOG,4,b4,3218,43,,0.8995012640953064,,,,,runs/attention_width_sweep_20260520_212826_summary_index.csv,none; independent training seed
A,EEGDenoiseNet,seed_observation,EOG,4,b4,3218,44,,0.8955281972885132,,,,,runs/attention_width_sweep_20260520_212826_summary_index.csv,none; independent training seed
A,EEGDenoiseNet,seed_observation,EOG,4,b4,3218,45,,0.8981603980064392,,,,,runs/jne_revision_high_leverage_20260601_150050_width_saturation_extra_seeds_summary_index.csv,none; independent training seed
A,EEGDenoiseNet,seed_observation,EOG,4,b4,3218,46,,0.897542417049408,,,,,runs/jne_revision_high_leverage_20260601_150050_width_saturation_extra_seeds_summary_index.csv,none; independent training seed
A,EEGDenoiseNet,seed_observation,EOG,6,b6,6532,42,,0.9047949910163879,,,,,runs/attention_width_sweep_20260520_212826_summary_index.csv,none; independent training seed
A,EEGDenoiseNet,seed_observation,EOG,6,b6,6532,43,,0.9060389399528503,,,,,runs/attention_width_sweep_20260520_212826_summary_index.csv,none; independent training seed
A,EEGDenoiseNet,seed_observation,EOG,6,b6,6532,44,,0.8988013863563538,,,,,runs/attention_width_sweep_20260520_212826_summary_index.csv,none; independent training seed
A,EEGDenoiseNet,seed_observation,EOG,6,b6,6532,45,,0.9053435325622559,,,,,runs/jne_revision_high_leverage_20260601_150050_width_saturation_extra_seeds_summary_index.csv,none; independent training seed
A,EEGDenoiseNet,seed_observation,EOG,6,b6,6532,46,,0.904827356338501,,,,,runs/jne_revision_high_leverage_20260601_150050_width_saturation_extra_seeds_summary_index.csv,none; independent training seed
A,EEGDenoiseNet,seed_observation,EOG,8,b8,10990,42,,0.9072588086128235,,,,,runs/attention_width_sweep_20260520_212826_summary_index.csv,none; independent training seed
A,EEGDenoiseNet,seed_observation,EOG,8,b8,10990,43,,0.9088496565818787,,,,,runs/attention_width_sweep_20260520_212826_summary_index.csv,none; independent training seed
A,EEGDenoiseNet,seed_observation,EOG,8,b8,10990,44,,0.9072689414024353,,,,,runs/attention_width_sweep_20260520_212826_summary_index.csv,none; independent training seed
A,EEGDenoiseNet,seed_observation,EOG,8,b8,10990,45,,0.9055678248405457,,,,,runs/jne_revision_high_leverage_20260601_150050_width_saturation_extra_seeds_summary_index.csv,none; independent training seed
A,EEGDenoiseNet,seed_observation,EOG,8,b8,10990,46,,0.9085266590118408,,,,,runs/jne_revision_high_leverage_20260601_150050_width_saturation_extra_seeds_summary_index.csv,none; independent training seed
A,EEGDenoiseNet,seed_observation,EOG,16,b16,40262,42,,0.9148211479187012,,,,,runs/attention_width_sweep_20260520_212826_summary_index.csv,none; independent training seed
A,EEGDenoiseNet,seed_observation,EOG,16,b16,40262,43,,0.9150828719139099,,,,,runs/attention_width_sweep_20260520_212826_summary_index.csv,none; independent training seed
A,EEGDenoiseNet,seed_observation,EOG,16,b16,40262,44,,0.9137660264968872,,,,,runs/attention_width_sweep_20260520_212826_summary_index.csv,none; independent training seed
A,EEGDenoiseNet,seed_observation,EOG,16,b16,40262,45,,0.9151591062545776,,,,,runs/jne_revision_high_leverage_20260601_150050_width_saturation_extra_seeds_summary_index.csv,none; independent training seed
A,EEGDenoiseNet,seed_observation,EOG,16,b16,40262,46,,0.9149618148803711,,,,,runs/jne_revision_high_leverage_20260601_150050_width_saturation_extra_seeds_summary_index.csv,none; independent training seed
A,EEGDenoiseNet,seed_summary,EMG,2,b2,1048,,,,0.8220901966094971,0.007298394521089098,,,derived from plotted seed observations,mean and sample SD across independent training seeds
A,EEGDenoiseNet,seed_summary,EMG,4,b4,3218,,,,0.837435495853424,0.0006258577170186636,,,derived from plotted seed observations,mean and sample SD across independent training seeds
A,EEGDenoiseNet,seed_summary,EMG,6,b6,6532,,,,0.8404464721679688,0.0008526064788205711,,,derived from plotted seed observations,mean and sample SD across independent training seeds
A,EEGDenoiseNet,seed_summary,EMG,8,b8,10990,,,,0.8427611947059631,0.0004601337179453734,,,derived from plotted seed observations,mean and sample SD across independent training seeds
A,EEGDenoiseNet,seed_summary,EMG,16,b16,40262,,,,0.8425066113471985,0.0014977835156646314,,,derived from plotted seed observations,mean and sample SD across independent training seeds
A,EEGDenoiseNet,seed_summary,EOG,2,b2,1048,,,,0.8708706021308898,0.014254502988167361,,,derived from plotted seed observations,mean and sample SD across independent training seeds
A,EEGDenoiseNet,seed_summary,EOG,4,b4,3218,,,,0.8978746891021728,0.0014942636880585158,,,derived from plotted seed observations,mean and sample SD across independent training seeds
A,EEGDenoiseNet,seed_summary,EOG,6,b6,6532,,,,0.9039612412452698,0.0029281802247611943,,,derived from plotted seed observations,mean and sample SD across independent training seeds
A,EEGDenoiseNet,seed_summary,EOG,8,b8,10990,,,,0.9074943780899047,0.0012961776299764908,,,derived from plotted seed observations,mean and sample SD across independent training seeds
A,EEGDenoiseNet,seed_summary,EOG,16,b16,40262,,,,0.9147581934928894,0.0005692028190122869,,,derived from plotted seed observations,mean and sample SD across independent training seeds
B,Mixed-1M,seed_observation,Mixed-1M,2,b2,1048,42,,0.6814188957214355,,,,,runs/mixed1m_pareto_multiseed_20260521_141627_summary_index.csv,none; independent training seed
B,Mixed-1M,seed_observation,Mixed-1M,2,b2,1048,43,,0.7077566385269165,,,,,runs/mixed1m_pareto_multiseed_20260521_141627_summary_index.csv,none; independent training seed
B,Mixed-1M,seed_observation,Mixed-1M,2,b2,1048,44,,0.7033253312110901,,,,,runs/mixed1m_pareto_multiseed_20260521_141627_summary_index.csv,none; independent training seed
B,Mixed-1M,seed_observation,Mixed-1M,4,b4,3218,42,,0.7269265055656433,,,,,runs/mixed1m_pareto_multiseed_20260521_141627_summary_index.csv,none; independent training seed
B,Mixed-1M,seed_observation,Mixed-1M,4,b4,3218,43,,0.727415919303894,,,,,runs/mixed1m_pareto_multiseed_20260521_141627_summary_index.csv,none; independent training seed
B,Mixed-1M,seed_observation,Mixed-1M,4,b4,3218,44,,0.7280877828598022,,,,,runs/mixed1m_pareto_multiseed_20260521_141627_summary_index.csv,none; independent training seed
B,Mixed-1M,seed_observation,Mixed-1M,6,b6,6532,42,,0.7339723706245422,,,,,runs/mixed1m_pareto_multiseed_20260521_141627_summary_index.csv,none; independent training seed
B,Mixed-1M,seed_observation,Mixed-1M,6,b6,6532,43,,0.7346168756484985,,,,,runs/mixed1m_pareto_multiseed_20260521_141627_summary_index.csv,none; independent training seed
B,Mixed-1M,seed_observation,Mixed-1M,6,b6,6532,44,,0.737286388874054,,,,,runs/mixed1m_pareto_multiseed_20260521_141627_summary_index.csv,none; independent training seed
B,Mixed-1M,seed_observation,Mixed-1M,8,b8,10990,42,,0.7414870858192444,,,,,runs/mixed1m_pareto_multiseed_20260521_141627_summary_index.csv,none; independent training seed
B,Mixed-1M,seed_observation,Mixed-1M,8,b8,10990,43,,0.7410934567451477,,,,,runs/mixed1m_pareto_multiseed_20260521_141627_summary_index.csv,none; independent training seed
B,Mixed-1M,seed_observation,Mixed-1M,8,b8,10990,44,,0.7404900789260864,,,,,runs/mixed1m_pareto_multiseed_20260521_141627_summary_index.csv,none; independent training seed
B,Mixed-1M,seed_observation,Mixed-1M,16,b16,40262,42,,0.7490525245666504,,,,,runs/mixed1m_pareto_multiseed_20260521_141627_summary_index.csv,none; independent training seed
B,Mixed-1M,seed_observation,Mixed-1M,16,b16,40262,43,,0.7498526573181152,,,,,runs/mixed1m_pareto_multiseed_20260521_141627_summary_index.csv,none; independent training seed
B,Mixed-1M,seed_observation,Mixed-1M,16,b16,40262,44,,0.7490725517272949,,,,,runs/mixed1m_pareto_multiseed_20260521_141627_summary_index.csv,none; independent training seed
B,Mixed-1M,seed_summary,Mixed-1M,2,b2,1048,,,,0.6975002884864807,0.01410203942979736,,,derived from plotted seed observations,mean and sample SD across independent training seeds
B,Mixed-1M,seed_summary,Mixed-1M,4,b4,3218,,,,0.7274767359097799,0.0005830224979757457,,,derived from plotted seed observations,mean and sample SD across independent training seeds
B,Mixed-1M,seed_summary,Mixed-1M,6,b6,6532,,,,0.7352918783823649,0.0017571000989042964,,,derived from plotted seed observations,mean and sample SD across independent training seeds
B,Mixed-1M,seed_summary,Mixed-1M,8,b8,10990,,,,0.7410235404968262,0.000502167200826219,,,derived from plotted seed observations,mean and sample SD across independent training seeds
B,Mixed-1M,seed_summary,Mixed-1M,16,b16,40262,,,,0.7493259112040201,0.0004562854077510574,,,derived from plotted seed observations,mean and sample SD across independent training seeds
C,BCI IV-2a zero-shot,subject_observation,BCI_IV2a,2,b2,1048,,A01,0.6846669382519193,,,,,runs/a7_bci_zero_shot_all_subjects_20260815_000000/a7_subject_width_rows.csv,subject-level mean after checkpoint/channel aggregation in A7
C,BCI IV-2a zero-shot,subject_observation,BCI_IV2a,4,b4,3218,,A01,0.7295436792903477,,,,,runs/a7_bci_zero_shot_all_subjects_20260815_000000/a7_subject_width_rows.csv,subject-level mean after checkpoint/channel aggregation in A7
C,BCI IV-2a zero-shot,subject_observation,BCI_IV2a,6,b6,6532,,A01,0.7366874085532295,,,,,runs/a7_bci_zero_shot_all_subjects_20260815_000000/a7_subject_width_rows.csv,subject-level mean after checkpoint/channel aggregation in A7
C,BCI IV-2a zero-shot,subject_observation,BCI_IV2a,8,b8,10990,,A01,0.742039269871182,,,,,runs/a7_bci_zero_shot_all_subjects_20260815_000000/a7_subject_width_rows.csv,subject-level mean after checkpoint/channel aggregation in A7
C,BCI IV-2a zero-shot,subject_observation,BCI_IV2a,16,b16,40262,,A01,0.741284085644616,,,,,runs/a7_bci_zero_shot_all_subjects_20260815_000000/a7_subject_width_rows.csv,subject-level mean after checkpoint/channel aggregation in A7
C,BCI IV-2a zero-shot,subject_observation,BCI_IV2a,2,b2,1048,,A02,0.6626495454046462,,,,,runs/a7_bci_zero_shot_all_subjects_20260815_000000/a7_subject_width_rows.csv,subject-level mean after checkpoint/channel aggregation in A7
C,BCI IV-2a zero-shot,subject_observation,BCI_IV2a,4,b4,3218,,A02,0.690681517124176,,,,,runs/a7_bci_zero_shot_all_subjects_20260815_000000/a7_subject_width_rows.csv,subject-level mean after checkpoint/channel aggregation in A7
C,BCI IV-2a zero-shot,subject_observation,BCI_IV2a,6,b6,6532,,A02,0.6938196221987407,,,,,runs/a7_bci_zero_shot_all_subjects_20260815_000000/a7_subject_width_rows.csv,subject-level mean after checkpoint/channel aggregation in A7
C,BCI IV-2a zero-shot,subject_observation,BCI_IV2a,8,b8,10990,,A02,0.6844287912050883,,,,,runs/a7_bci_zero_shot_all_subjects_20260815_000000/a7_subject_width_rows.csv,subject-level mean after checkpoint/channel aggregation in A7
C,BCI IV-2a zero-shot,subject_observation,BCI_IV2a,16,b16,40262,,A02,0.672268807888031,,,,,runs/a7_bci_zero_shot_all_subjects_20260815_000000/a7_subject_width_rows.csv,subject-level mean after checkpoint/channel aggregation in A7
C,BCI IV-2a zero-shot,subject_observation,BCI_IV2a,2,b2,1048,,A03,0.6804080075687833,,,,,runs/a7_bci_zero_shot_all_subjects_20260815_000000/a7_subject_width_rows.csv,subject-level mean after checkpoint/channel aggregation in A7
C,BCI IV-2a zero-shot,subject_observation,BCI_IV2a,4,b4,3218,,A03,0.6976540949609544,,,,,runs/a7_bci_zero_shot_all_subjects_20260815_000000/a7_subject_width_rows.csv,subject-level mean after checkpoint/channel aggregation in A7
C,BCI IV-2a zero-shot,subject_observation,BCI_IV2a,6,b6,6532,,A03,0.6970135834481981,,,,,runs/a7_bci_zero_shot_all_subjects_20260815_000000/a7_subject_width_rows.csv,subject-level mean after checkpoint/channel aggregation in A7
C,BCI IV-2a zero-shot,subject_observation,BCI_IV2a,8,b8,10990,,A03,0.6926326221889919,,,,,runs/a7_bci_zero_shot_all_subjects_20260815_000000/a7_subject_width_rows.csv,subject-level mean after checkpoint/channel aggregation in A7
C,BCI IV-2a zero-shot,subject_observation,BCI_IV2a,16,b16,40262,,A03,0.6817335486412048,,,,,runs/a7_bci_zero_shot_all_subjects_20260815_000000/a7_subject_width_rows.csv,subject-level mean after checkpoint/channel aggregation in A7
C,BCI IV-2a zero-shot,subject_observation,BCI_IV2a,2,b2,1048,,A04,0.7671263813972473,,,,,runs/a7_bci_zero_shot_all_subjects_20260815_000000/a7_subject_width_rows.csv,subject-level mean after checkpoint/channel aggregation in A7
C,BCI IV-2a zero-shot,subject_observation,BCI_IV2a,4,b4,3218,,A04,0.8100486662652757,,,,,runs/a7_bci_zero_shot_all_subjects_20260815_000000/a7_subject_width_rows.csv,subject-level mean after checkpoint/channel aggregation in A7
C,BCI IV-2a zero-shot,subject_observation,BCI_IV2a,6,b6,6532,,A04,0.8184601532088386,,,,,runs/a7_bci_zero_shot_all_subjects_20260815_000000/a7_subject_width_rows.csv,subject-level mean after checkpoint/channel aggregation in A7
C,BCI IV-2a zero-shot,subject_observation,BCI_IV2a,8,b8,10990,,A04,0.8214663929409451,,,,,runs/a7_bci_zero_shot_all_subjects_20260815_000000/a7_subject_width_rows.csv,subject-level mean after checkpoint/channel aggregation in A7
C,BCI IV-2a zero-shot,subject_observation,BCI_IV2a,16,b16,40262,,A04,0.8223958479033576,,,,,runs/a7_bci_zero_shot_all_subjects_20260815_000000/a7_subject_width_rows.csv,subject-level mean after checkpoint/channel aggregation in A7
C,BCI IV-2a zero-shot,subject_observation,BCI_IV2a,2,b2,1048,,A05,0.5693955421447754,,,,,runs/a7_bci_zero_shot_all_subjects_20260815_000000/a7_subject_width_rows.csv,subject-level mean after checkpoint/channel aggregation in A7
C,BCI IV-2a zero-shot,subject_observation,BCI_IV2a,4,b4,3218,,A05,0.6148624685075548,,,,,runs/a7_bci_zero_shot_all_subjects_20260815_000000/a7_subject_width_rows.csv,subject-level mean after checkpoint/channel aggregation in A7
C,BCI IV-2a zero-shot,subject_observation,BCI_IV2a,6,b6,6532,,A05,0.6114286382993063,,,,,runs/a7_bci_zero_shot_all_subjects_20260815_000000/a7_subject_width_rows.csv,subject-level mean after checkpoint/channel aggregation in A7
C,BCI IV-2a zero-shot,subject_observation,BCI_IV2a,8,b8,10990,,A05,0.6269554628266228,,,,,runs/a7_bci_zero_shot_all_subjects_20260815_000000/a7_subject_width_rows.csv,subject-level mean after checkpoint/channel aggregation in A7
C,BCI IV-2a zero-shot,subject_observation,BCI_IV2a,16,b16,40262,,A05,0.6362347536616855,,,,,runs/a7_bci_zero_shot_all_subjects_20260815_000000/a7_subject_width_rows.csv,subject-level mean after checkpoint/channel aggregation in A7
C,BCI IV-2a zero-shot,subject_observation,BCI_IV2a,2,b2,1048,,A06,0.6977217197418213,,,,,runs/a7_bci_zero_shot_all_subjects_20260815_000000/a7_subject_width_rows.csv,subject-level mean after checkpoint/channel aggregation in A7
C,BCI IV-2a zero-shot,subject_observation,BCI_IV2a,4,b4,3218,,A06,0.7174489961730109,,,,,runs/a7_bci_zero_shot_all_subjects_20260815_000000/a7_subject_width_rows.csv,subject-level mean after checkpoint/channel aggregation in A7
C,BCI IV-2a zero-shot,subject_observation,BCI_IV2a,6,b6,6532,,A06,0.7208980454338921,,,,,runs/a7_bci_zero_shot_all_subjects_20260815_000000/a7_subject_width_rows.csv,subject-level mean after checkpoint/channel aggregation in A7
C,BCI IV-2a zero-shot,subject_observation,BCI_IV2a,8,b8,10990,,A06,0.7207813130484687,,,,,runs/a7_bci_zero_shot_all_subjects_20260815_000000/a7_subject_width_rows.csv,subject-level mean after checkpoint/channel aggregation in A7
C,BCI IV-2a zero-shot,subject_observation,BCI_IV2a,16,b16,40262,,A06,0.718599345948961,,,,,runs/a7_bci_zero_shot_all_subjects_20260815_000000/a7_subject_width_rows.csv,subject-level mean after checkpoint/channel aggregation in A7
C,BCI IV-2a zero-shot,subject_observation,BCI_IV2a,2,b2,1048,,A07,0.7513853046629164,,,,,runs/a7_bci_zero_shot_all_subjects_20260815_000000/a7_subject_width_rows.csv,subject-level mean after checkpoint/channel aggregation in A7
C,BCI IV-2a zero-shot,subject_observation,BCI_IV2a,4,b4,3218,,A07,0.7872412602106731,,,,,runs/a7_bci_zero_shot_all_subjects_20260815_000000/a7_subject_width_rows.csv,subject-level mean after checkpoint/channel aggregation in A7
C,BCI IV-2a zero-shot,subject_observation,BCI_IV2a,6,b6,6532,,A07,0.7906558977233039,,,,,runs/a7_bci_zero_shot_all_subjects_20260815_000000/a7_subject_width_rows.csv,subject-level mean after checkpoint/channel aggregation in A7
C,BCI IV-2a zero-shot,subject_observation,BCI_IV2a,8,b8,10990,,A07,0.7951702210638258,,,,,runs/a7_bci_zero_shot_all_subjects_20260815_000000/a7_subject_width_rows.csv,subject-level mean after checkpoint/channel aggregation in A7
C,BCI IV-2a zero-shot,subject_observation,BCI_IV2a,16,b16,40262,,A07,0.7937671211030748,,,,,runs/a7_bci_zero_shot_all_subjects_20260815_000000/a7_subject_width_rows.csv,subject-level mean after checkpoint/channel aggregation in A7
C,BCI IV-2a zero-shot,subject_observation,BCI_IV2a,2,b2,1048,,A08,0.7457658582263522,,,,,runs/a7_bci_zero_shot_all_subjects_20260815_000000/a7_subject_width_rows.csv,subject-level mean after checkpoint/channel aggregation in A7
C,BCI IV-2a zero-shot,subject_observation,BCI_IV2a,4,b4,3218,,A08,0.7764474749565125,,,,,runs/a7_bci_zero_shot_all_subjects_20260815_000000/a7_subject_width_rows.csv,subject-level mean after checkpoint/channel aggregation in A7
C,BCI IV-2a zero-shot,subject_observation,BCI_IV2a,6,b6,6532,,A08,0.7806143893135918,,,,,runs/a7_bci_zero_shot_all_subjects_20260815_000000/a7_subject_width_rows.csv,subject-level mean after checkpoint/channel aggregation in A7
C,BCI IV-2a zero-shot,subject_observation,BCI_IV2a,8,b8,10990,,A08,0.7678575846883986,,,,,runs/a7_bci_zero_shot_all_subjects_20260815_000000/a7_subject_width_rows.csv,subject-level mean after checkpoint/channel aggregation in A7
C,BCI IV-2a zero-shot,subject_observation,BCI_IV2a,16,b16,40262,,A08,0.7604184084468417,,,,,runs/a7_bci_zero_shot_all_subjects_20260815_000000/a7_subject_width_rows.csv,subject-level mean after checkpoint/channel aggregation in A7
C,BCI IV-2a zero-shot,subject_observation,BCI_IV2a,2,b2,1048,,A09,0.7540799842940437,,,,,runs/a7_bci_zero_shot_all_subjects_20260815_000000/a7_subject_width_rows.csv,subject-level mean after checkpoint/channel aggregation in A7
C,BCI IV-2a zero-shot,subject_observation,BCI_IV2a,4,b4,3218,,A09,0.7852792077594334,,,,,runs/a7_bci_zero_shot_all_subjects_20260815_000000/a7_subject_width_rows.csv,subject-level mean after checkpoint/channel aggregation in A7
C,BCI IV-2a zero-shot,subject_observation,BCI_IV2a,6,b6,6532,,A09,0.7867530783017477,,,,,runs/a7_bci_zero_shot_all_subjects_20260815_000000/a7_subject_width_rows.csv,subject-level mean after checkpoint/channel aggregation in A7
C,BCI IV-2a zero-shot,subject_observation,BCI_IV2a,8,b8,10990,,A09,0.786063724093967,,,,,runs/a7_bci_zero_shot_all_subjects_20260815_000000/a7_subject_width_rows.csv,subject-level mean after checkpoint/channel aggregation in A7
C,BCI IV-2a zero-shot,subject_observation,BCI_IV2a,16,b16,40262,,A09,0.7853515942891439,,,,,runs/a7_bci_zero_shot_all_subjects_20260815_000000/a7_subject_width_rows.csv,subject-level mean after checkpoint/channel aggregation in A7
C,BCI IV-2a zero-shot,subject_summary,BCI_IV2a,2,b2,1048,,,,0.7014665868547227,0.06247291571480483,0.6603148461491974,0.7375098442221865,runs/a7_bci_zero_shot_all_subjects_20260815_000000/a7_subject_width_summary.csv,subject-bootstrap CI over nine subject-level means
C,BCI IV-2a zero-shot,subject_summary,BCI_IV2a,4,b4,3218,,,,0.7343563739164376,0.061981141679026,0.6944034680908109,0.7715444393915895,runs/a7_bci_zero_shot_all_subjects_20260815_000000/a7_subject_width_summary.csv,subject-bootstrap CI over nine subject-level means
C,BCI IV-2a zero-shot,subject_summary,BCI_IV2a,6,b6,6532,,,,0.7373700907200943,0.06459688367296672,0.6959224047668185,0.7740043783077488,runs/a7_bci_zero_shot_all_subjects_20260815_000000/a7_subject_width_summary.csv,subject-bootstrap CI over nine subject-level means
C,BCI IV-2a zero-shot,subject_summary,BCI_IV2a,8,b8,10990,,,,0.7374883757697211,0.06225559766876305,0.6981973545050916,0.7748721937890407,runs/a7_bci_zero_shot_all_subjects_20260815_000000/a7_subject_width_summary.csv,subject-bootstrap CI over nine subject-level means
C,BCI IV-2a zero-shot,subject_summary,BCI_IV2a,16,b16,40262,,,,0.7346726126141018,0.0623574223935307,0.6963431595468227,0.7723117309955903,runs/a7_bci_zero_shot_all_subjects_20260815_000000/a7_subject_width_summary.csv,subject-bootstrap CI over nine subject-level means
