artifact,width,base,seed,parameters,CC,source_file,run_dir
EMG,base2,2,42,1048,0.8093715310096741,runs/attention_width_sweep_20260520_212826_summary_index.csv,runs/attention_width_sweep_20260520_212826_emg_base2_seed42
EMG,base2,2,43,1048,0.8277297616004944,runs/attention_width_sweep_20260520_212826_summary_index.csv,runs/attention_width_sweep_20260520_212826_emg_base2_seed43
EMG,base2,2,44,1048,0.8233755230903625,runs/attention_width_sweep_20260520_212826_summary_index.csv,runs/attention_width_sweep_20260520_212826_emg_base2_seed44
EMG,base2,2,45,1048,0.8242586851119995,runs/jne_revision_high_leverage_20260601_150050_width_saturation_extra_seeds_summary_index.csv,<PROJECT_ROOT>/runs/jne_revision_high_leverage_20260601_150050_width_saturation_extra_seeds_emg_base2_seed45
EMG,base2,2,46,1048,0.8257154822349548,runs/jne_revision_high_leverage_20260601_150050_width_saturation_extra_seeds_summary_index.csv,<PROJECT_ROOT>/runs/jne_revision_high_leverage_20260601_150050_width_saturation_extra_seeds_emg_base2_seed46
EMG,base4,4,42,3218,0.8369725942611694,runs/attention_width_sweep_20260520_212826_summary_index.csv,runs/attention_width_sweep_20260520_212826_emg_base4_seed42
EMG,base4,4,43,3218,0.8383067846298218,runs/attention_width_sweep_20260520_212826_summary_index.csv,runs/attention_width_sweep_20260520_212826_emg_base4_seed43
EMG,base4,4,44,3218,0.8367007374763489,runs/attention_width_sweep_20260520_212826_summary_index.csv,runs/attention_width_sweep_20260520_212826_emg_base4_seed44
EMG,base4,4,45,3218,0.8376096487045288,runs/jne_revision_high_leverage_20260601_150050_width_saturation_extra_seeds_summary_index.csv,<PROJECT_ROOT>/runs/jne_revision_high_leverage_20260601_150050_width_saturation_extra_seeds_emg_base4_seed45
EMG,base4,4,46,3218,0.8375877141952515,runs/jne_revision_high_leverage_20260601_150050_width_saturation_extra_seeds_summary_index.csv,<PROJECT_ROOT>/runs/jne_revision_high_leverage_20260601_150050_width_saturation_extra_seeds_emg_base4_seed46
EMG,base6,6,42,6532,0.841278076171875,runs/attention_width_sweep_20260520_212826_summary_index.csv,runs/attention_width_sweep_20260520_212826_emg_base6_seed42
EMG,base6,6,43,6532,0.8406468033790588,runs/attention_width_sweep_20260520_212826_summary_index.csv,runs/attention_width_sweep_20260520_212826_emg_base6_seed43
EMG,base6,6,44,6532,0.8391097784042358,runs/attention_width_sweep_20260520_212826_summary_index.csv,runs/attention_width_sweep_20260520_212826_emg_base6_seed44
EMG,base6,6,45,6532,0.8401848077774048,runs/jne_revision_high_leverage_20260601_150050_width_saturation_extra_seeds_summary_index.csv,<PROJECT_ROOT>/runs/jne_revision_high_leverage_20260601_150050_width_saturation_extra_seeds_emg_base6_seed45
EMG,base6,6,46,6532,0.8410128951072693,runs/jne_revision_high_leverage_20260601_150050_width_saturation_extra_seeds_summary_index.csv,<PROJECT_ROOT>/runs/jne_revision_high_leverage_20260601_150050_width_saturation_extra_seeds_emg_base6_seed46
EMG,base8,8,42,10990,0.8427336812019348,runs/attention_width_sweep_20260520_212826_summary_index.csv,runs/attention_width_sweep_20260520_212826_emg_base8_seed42
EMG,base8,8,43,10990,0.8433422446250916,runs/attention_width_sweep_20260520_212826_summary_index.csv,runs/attention_width_sweep_20260520_212826_emg_base8_seed43
EMG,base8,8,44,10990,0.8420588374137878,runs/attention_width_sweep_20260520_212826_summary_index.csv,runs/attention_width_sweep_20260520_212826_emg_base8_seed44
EMG,base8,8,45,10990,0.8428810834884644,runs/jne_revision_high_leverage_20260601_150050_width_saturation_extra_seeds_summary_index.csv,<PROJECT_ROOT>/runs/jne_revision_high_leverage_20260601_150050_width_saturation_extra_seeds_emg_base8_seed45
EMG,base8,8,46,10990,0.8427901268005371,runs/jne_revision_high_leverage_20260601_150050_width_saturation_extra_seeds_summary_index.csv,<PROJECT_ROOT>/runs/jne_revision_high_leverage_20260601_150050_width_saturation_extra_seeds_emg_base8_seed46
EMG,base16,16,42,40262,0.8406802415847778,runs/attention_width_sweep_20260520_212826_summary_index.csv,runs/attention_width_sweep_20260520_212826_emg_base16_seed42
EMG,base16,16,43,40262,0.8439701199531555,runs/attention_width_sweep_20260520_212826_summary_index.csv,runs/attention_width_sweep_20260520_212826_emg_base16_seed43
EMG,base16,16,44,40262,0.8441333770751953,runs/attention_width_sweep_20260520_212826_summary_index.csv,runs/attention_width_sweep_20260520_212826_emg_base16_seed44
EMG,base16,16,45,40262,0.8417152166366577,runs/jne_revision_high_leverage_20260601_150050_width_saturation_extra_seeds_summary_index.csv,<PROJECT_ROOT>/runs/jne_revision_high_leverage_20260601_150050_width_saturation_extra_seeds_emg_base16_seed45
EMG,base16,16,46,40262,0.842034101486206,runs/jne_revision_high_leverage_20260601_150050_width_saturation_extra_seeds_summary_index.csv,<PROJECT_ROOT>/runs/jne_revision_high_leverage_20260601_150050_width_saturation_extra_seeds_emg_base16_seed46
EOG,base2,2,42,1048,0.849756121635437,runs/attention_width_sweep_20260520_212826_summary_index.csv,runs/attention_width_sweep_20260520_212826_eog_base2_seed42
EOG,base2,2,43,1048,0.8897610306739807,runs/attention_width_sweep_20260520_212826_summary_index.csv,runs/attention_width_sweep_20260520_212826_eog_base2_seed43
EOG,base2,2,44,1048,0.8704563975334167,runs/attention_width_sweep_20260520_212826_summary_index.csv,runs/attention_width_sweep_20260520_212826_eog_base2_seed44
EOG,base2,2,45,1048,0.8739844560623169,runs/jne_revision_high_leverage_20260601_150050_width_saturation_extra_seeds_summary_index.csv,<PROJECT_ROOT>/runs/jne_revision_high_leverage_20260601_150050_width_saturation_extra_seeds_eog_base2_seed45
EOG,base2,2,46,1048,0.8703950047492981,runs/jne_revision_high_leverage_20260601_150050_width_saturation_extra_seeds_summary_index.csv,<PROJECT_ROOT>/runs/jne_revision_high_leverage_20260601_150050_width_saturation_extra_seeds_eog_base2_seed46
EOG,base4,4,42,3218,0.8986411690711975,runs/attention_width_sweep_20260520_212826_summary_index.csv,runs/attention_width_sweep_20260520_212826_eog_base4_seed42
EOG,base4,4,43,3218,0.8995012640953064,runs/attention_width_sweep_20260520_212826_summary_index.csv,runs/attention_width_sweep_20260520_212826_eog_base4_seed43
EOG,base4,4,44,3218,0.8955281972885132,runs/attention_width_sweep_20260520_212826_summary_index.csv,runs/attention_width_sweep_20260520_212826_eog_base4_seed44
EOG,base4,4,45,3218,0.8981603980064392,runs/jne_revision_high_leverage_20260601_150050_width_saturation_extra_seeds_summary_index.csv,<PROJECT_ROOT>/runs/jne_revision_high_leverage_20260601_150050_width_saturation_extra_seeds_eog_base4_seed45
EOG,base4,4,46,3218,0.897542417049408,runs/jne_revision_high_leverage_20260601_150050_width_saturation_extra_seeds_summary_index.csv,<PROJECT_ROOT>/runs/jne_revision_high_leverage_20260601_150050_width_saturation_extra_seeds_eog_base4_seed46
EOG,base6,6,42,6532,0.904794991016388,runs/attention_width_sweep_20260520_212826_summary_index.csv,runs/attention_width_sweep_20260520_212826_eog_base6_seed42
EOG,base6,6,43,6532,0.9060389399528505,runs/attention_width_sweep_20260520_212826_summary_index.csv,runs/attention_width_sweep_20260520_212826_eog_base6_seed43
EOG,base6,6,44,6532,0.8988013863563538,runs/attention_width_sweep_20260520_212826_summary_index.csv,runs/attention_width_sweep_20260520_212826_eog_base6_seed44
EOG,base6,6,45,6532,0.905343532562256,runs/jne_revision_high_leverage_20260601_150050_width_saturation_extra_seeds_summary_index.csv,<PROJECT_ROOT>/runs/jne_revision_high_leverage_20260601_150050_width_saturation_extra_seeds_eog_base6_seed45
EOG,base6,6,46,6532,0.904827356338501,runs/jne_revision_high_leverage_20260601_150050_width_saturation_extra_seeds_summary_index.csv,<PROJECT_ROOT>/runs/jne_revision_high_leverage_20260601_150050_width_saturation_extra_seeds_eog_base6_seed46
EOG,base8,8,42,10990,0.9072588086128236,runs/attention_width_sweep_20260520_212826_summary_index.csv,runs/attention_width_sweep_20260520_212826_eog_base8_seed42
EOG,base8,8,43,10990,0.9088496565818788,runs/attention_width_sweep_20260520_212826_summary_index.csv,runs/attention_width_sweep_20260520_212826_eog_base8_seed43
EOG,base8,8,44,10990,0.9072689414024352,runs/attention_width_sweep_20260520_212826_summary_index.csv,runs/attention_width_sweep_20260520_212826_eog_base8_seed44
EOG,base8,8,45,10990,0.9055678248405457,runs/jne_revision_high_leverage_20260601_150050_width_saturation_extra_seeds_summary_index.csv,<PROJECT_ROOT>/runs/jne_revision_high_leverage_20260601_150050_width_saturation_extra_seeds_eog_base8_seed45
EOG,base8,8,46,10990,0.9085266590118408,runs/jne_revision_high_leverage_20260601_150050_width_saturation_extra_seeds_summary_index.csv,<PROJECT_ROOT>/runs/jne_revision_high_leverage_20260601_150050_width_saturation_extra_seeds_eog_base8_seed46
EOG,base16,16,42,40262,0.9148211479187012,runs/attention_width_sweep_20260520_212826_summary_index.csv,runs/attention_width_sweep_20260520_212826_eog_base16_seed42
EOG,base16,16,43,40262,0.91508287191391,runs/attention_width_sweep_20260520_212826_summary_index.csv,runs/attention_width_sweep_20260520_212826_eog_base16_seed43
EOG,base16,16,44,40262,0.9137660264968872,runs/attention_width_sweep_20260520_212826_summary_index.csv,runs/attention_width_sweep_20260520_212826_eog_base16_seed44
EOG,base16,16,45,40262,0.9151591062545776,runs/jne_revision_high_leverage_20260601_150050_width_saturation_extra_seeds_summary_index.csv,<PROJECT_ROOT>/runs/jne_revision_high_leverage_20260601_150050_width_saturation_extra_seeds_eog_base16_seed45
EOG,base16,16,46,40262,0.9149618148803712,runs/jne_revision_high_leverage_20260601_150050_width_saturation_extra_seeds_summary_index.csv,<PROJECT_ROOT>/runs/jne_revision_high_leverage_20260601_150050_width_saturation_extra_seeds_eog_base16_seed46
