classifier,recipe,subject,base,sdr_db,delta_accuracy,n_condition_rows,n_contamination_seed_pairs,n_train_contamination_seeds,n_test_contamination_seeds,n_checkpoint_seeds,n_classifier_seed_values,subject_mean_sdr_db,subject_mean_delta_accuracy,centered_sdr_db,centered_delta_accuracy,source_file,aggregation
csp_lda,emg,A01,2,1.6732454347610473,-0.16896797153024906,25,5,5,5,5,0,2.0048048419952393,-0.1894377224199288,-0.3315594072341921,0.020469750889679728,runs/a4_same_bci_metric_utility_all_neural_artifacts_20260814_215900/a4_metric_utility_joined_long_rows.csv,"Display aggregation: SDR and downstream delta averaged to subject x width, then centered within subject"
csp_lda,emg,A01,4,1.941293625831604,-0.19117437722419928,25,5,5,5,5,0,2.0048048419952393,-0.1894377224199288,-0.06351121616363531,-0.0017366548042704877,runs/a4_same_bci_metric_utility_all_neural_artifacts_20260814_215900/a4_metric_utility_joined_long_rows.csv,"Display aggregation: SDR and downstream delta averaged to subject x width, then centered within subject"
csp_lda,emg,A01,6,2.0617228984832763,-0.1958718861209964,25,5,5,5,5,0,2.0048048419952393,-0.1894377224199288,0.05691805648803694,-0.006434163701067613,runs/a4_same_bci_metric_utility_all_neural_artifacts_20260814_215900/a4_metric_utility_joined_long_rows.csv,"Display aggregation: SDR and downstream delta averaged to subject x width, then centered within subject"
csp_lda,emg,A01,8,2.128267560005188,-0.18804270462633452,25,5,5,5,5,0,2.0048048419952393,-0.1894377224199288,0.12346271800994879,0.001395017793594272,runs/a4_same_bci_metric_utility_all_neural_artifacts_20260814_215900/a4_metric_utility_joined_long_rows.csv,"Display aggregation: SDR and downstream delta averaged to subject x width, then centered within subject"
csp_lda,emg,A01,16,2.219494690895081,-0.20313167259786474,25,5,5,5,5,0,2.0048048419952393,-0.1894377224199288,0.21468984889984144,-0.013693950177935954,runs/a4_same_bci_metric_utility_all_neural_artifacts_20260814_215900/a4_metric_utility_joined_long_rows.csv,"Display aggregation: SDR and downstream delta averaged to subject x width, then centered within subject"
csp_lda,emg,A02,2,1.250263171195984,-0.22190812720848052,25,5,5,5,5,0,1.3290107431411744,-0.22272791519434626,-0.07874757194519044,0.0008197879858657386,runs/a4_same_bci_metric_utility_all_neural_artifacts_20260814_215900/a4_metric_utility_joined_long_rows.csv,"Display aggregation: SDR and downstream delta averaged to subject x width, then centered within subject"
csp_lda,emg,A02,4,1.3260759019851684,-0.23618374558303884,25,5,5,5,5,0,1.3290107431411744,-0.22272791519434626,-0.0029348411560059517,-0.01345583038869258,runs/a4_same_bci_metric_utility_all_neural_artifacts_20260814_215900/a4_metric_utility_joined_long_rows.csv,"Display aggregation: SDR and downstream delta averaged to subject x width, then centered within subject"
csp_lda,emg,A02,6,1.3499433183670044,-0.2264310954063604,25,5,5,5,5,0,1.3290107431411744,-0.22272791519434626,0.02093257522583003,-0.003703180212014129,runs/a4_same_bci_metric_utility_all_neural_artifacts_20260814_215900/a4_metric_utility_joined_long_rows.csv,"Display aggregation: SDR and downstream delta averaged to subject x width, then centered within subject"
csp_lda,emg,A02,8,1.3421859407424928,-0.2172438162544169,25,5,5,5,5,0,1.3290107431411744,-0.22272791519434626,0.013175197601318356,0.005484098939929349,runs/a4_same_bci_metric_utility_all_neural_artifacts_20260814_215900/a4_metric_utility_joined_long_rows.csv,"Display aggregation: SDR and downstream delta averaged to subject x width, then centered within subject"
csp_lda,emg,A02,16,1.3765853834152222,-0.21187279151943458,25,5,5,5,5,0,1.3290107431411744,-0.22272791519434626,0.047574640274047786,0.010855123674911676,runs/a4_same_bci_metric_utility_all_neural_artifacts_20260814_215900/a4_metric_utility_joined_long_rows.csv,"Display aggregation: SDR and downstream delta averaged to subject x width, then centered within subject"
csp_lda,emg,A03,2,2.16335196018219,-0.14065934065934063,25,5,5,5,5,0,2.254681824684143,-0.11425641025641023,-0.09132986450195313,-0.026402930402930402,runs/a4_same_bci_metric_utility_all_neural_artifacts_20260814_215900/a4_metric_utility_joined_long_rows.csv,"Display aggregation: SDR and downstream delta averaged to subject x width, then centered within subject"
csp_lda,emg,A03,4,2.264606246948242,-0.12219780219780217,25,5,5,5,5,0,2.254681824684143,-0.11425641025641023,0.009924422264099064,-0.007941391941391943,runs/a4_same_bci_metric_utility_all_neural_artifacts_20260814_215900/a4_metric_utility_joined_long_rows.csv,"Display aggregation: SDR and downstream delta averaged to subject x width, then centered within subject"
csp_lda,emg,A03,6,2.2870858192443846,-0.11663003663003661,25,5,5,5,5,0,2.254681824684143,-0.11425641025641023,0.03240399456024168,-0.0023736263736263835,runs/a4_same_bci_metric_utility_all_neural_artifacts_20260814_215900/a4_metric_utility_joined_long_rows.csv,"Display aggregation: SDR and downstream delta averaged to subject x width, then centered within subject"
csp_lda,emg,A03,8,2.2711668109893797,-0.11897435897435896,25,5,5,5,5,0,2.254681824684143,-0.11425641025641023,0.01648498630523676,-0.004717948717948728,runs/a4_same_bci_metric_utility_all_neural_artifacts_20260814_215900/a4_metric_utility_joined_long_rows.csv,"Display aggregation: SDR and downstream delta averaged to subject x width, then centered within subject"
csp_lda,emg,A03,16,2.2871982860565185,-0.07282051282051279,25,5,5,5,5,0,2.254681824684143,-0.11425641025641023,0.03251646137237563,0.04143589743589744,runs/a4_same_bci_metric_utility_all_neural_artifacts_20260814_215900/a4_metric_utility_joined_long_rows.csv,"Display aggregation: SDR and downstream delta averaged to subject x width, then centered within subject"
csp_lda,emg,A04,2,2.389345998764038,-0.20614035087719296,25,5,5,5,5,0,2.8017150535583495,-0.17501754385964907,-0.4123690547943113,-0.031122807017543885,runs/a4_same_bci_metric_utility_all_neural_artifacts_20260814_215900/a4_metric_utility_joined_long_rows.csv,"Display aggregation: SDR and downstream delta averaged to subject x width, then centered within subject"
csp_lda,emg,A04,4,2.78598931312561,-0.16614035087719292,25,5,5,5,5,0,2.8017150535583495,-0.17501754385964907,-0.015725740432739332,0.00887719298245615,runs/a4_same_bci_metric_utility_all_neural_artifacts_20260814_215900/a4_metric_utility_joined_long_rows.csv,"Display aggregation: SDR and downstream delta averaged to subject x width, then centered within subject"
csp_lda,emg,A04,6,2.8869946956634522,-0.16438596491228064,25,5,5,5,5,0,2.8017150535583495,-0.17501754385964907,0.08527964210510275,0.010631578947368436,runs/a4_same_bci_metric_utility_all_neural_artifacts_20260814_215900/a4_metric_utility_joined_long_rows.csv,"Display aggregation: SDR and downstream delta averaged to subject x width, then centered within subject"
csp_lda,emg,A04,8,2.9546428108215332,-0.16631578947368414,25,5,5,5,5,0,2.8017150535583495,-0.17501754385964907,0.15292775726318375,0.008701754385964933,runs/a4_same_bci_metric_utility_all_neural_artifacts_20260814_215900/a4_metric_utility_joined_long_rows.csv,"Display aggregation: SDR and downstream delta averaged to subject x width, then centered within subject"
csp_lda,emg,A04,16,2.991602449417114,-0.17210526315789468,25,5,5,5,5,0,2.8017150535583495,-0.17501754385964907,0.18988739585876457,0.002912280701754394,runs/a4_same_bci_metric_utility_all_neural_artifacts_20260814_215900/a4_metric_utility_joined_long_rows.csv,"Display aggregation: SDR and downstream delta averaged to subject x width, then centered within subject"
csp_lda,emg,A05,2,0.36057902097702027,-0.0033333333333333036,25,5,5,5,5,0,0.3415987553596496,-0.0004057971014492526,0.01898026561737065,-0.002927536231884051,runs/a4_same_bci_metric_utility_all_neural_artifacts_20260814_215900/a4_metric_utility_joined_long_rows.csv,"Display aggregation: SDR and downstream delta averaged to subject x width, then centered within subject"
csp_lda,emg,A05,4,0.3380871582031249,0.005362318840579744,25,5,5,5,5,0,0.3415987553596496,-0.0004057971014492526,-0.003511597156524715,0.005768115942028997,runs/a4_same_bci_metric_utility_all_neural_artifacts_20260814_215900/a4_metric_utility_joined_long_rows.csv,"Display aggregation: SDR and downstream delta averaged to subject x width, then centered within subject"
csp_lda,emg,A05,6,0.3202728712558746,0.007536231884057965,25,5,5,5,5,0,0.3415987553596496,-0.0004057971014492526,-0.021325884103775006,0.007942028985507218,runs/a4_same_bci_metric_utility_all_neural_artifacts_20260814_215900/a4_metric_utility_joined_long_rows.csv,"Display aggregation: SDR and downstream delta averaged to subject x width, then centered within subject"
csp_lda,emg,A05,8,0.32926835179328917,-0.00507246376811592,25,5,5,5,5,0,0.3415987553596496,-0.0004057971014492526,-0.012330403566360448,-0.004666666666666667,runs/a4_same_bci_metric_utility_all_neural_artifacts_20260814_215900/a4_metric_utility_joined_long_rows.csv,"Display aggregation: SDR and downstream delta averaged to subject x width, then centered within subject"
csp_lda,emg,A05,16,0.3597863745689392,-0.006521739130434748,25,5,5,5,5,0,0.3415987553596496,-0.0004057971014492526,0.018187619209289574,-0.0061159420289854955,runs/a4_same_bci_metric_utility_all_neural_artifacts_20260814_215900/a4_metric_utility_joined_long_rows.csv,"Display aggregation: SDR and downstream delta averaged to subject x width, then centered within subject"
csp_lda,emg,A06,2,3.033376178741455,-0.11609302325581389,25,5,5,5,5,0,3.454894365310669,-0.09763720930232553,-0.42151818656921414,-0.01845581395348836,runs/a4_same_bci_metric_utility_all_neural_artifacts_20260814_215900/a4_metric_utility_joined_long_rows.csv,"Display aggregation: SDR and downstream delta averaged to subject x width, then centered within subject"
csp_lda,emg,A06,4,3.356069221496582,-0.10176744186046506,25,5,5,5,5,0,3.454894365310669,-0.09763720930232553,-0.09882514381408702,-0.004130232558139532,runs/a4_same_bci_metric_utility_all_neural_artifacts_20260814_215900/a4_metric_utility_joined_long_rows.csv,"Display aggregation: SDR and downstream delta averaged to subject x width, then centered within subject"
csp_lda,emg,A06,6,3.514469614028931,-0.09674418604651157,25,5,5,5,5,0,3.454894365310669,-0.09763720930232553,0.0595752487182617,0.00089302325581396,runs/a4_same_bci_metric_utility_all_neural_artifacts_20260814_215900/a4_metric_utility_joined_long_rows.csv,"Display aggregation: SDR and downstream delta averaged to subject x width, then centered within subject"
csp_lda,emg,A06,8,3.6474831104278564,-0.09302325581395345,25,5,5,5,5,0,3.454894365310669,-0.09763720930232553,0.19258874511718727,0.004613953488372083,runs/a4_same_bci_metric_utility_all_neural_artifacts_20260814_215900/a4_metric_utility_joined_long_rows.csv,"Display aggregation: SDR and downstream delta averaged to subject x width, then centered within subject"
csp_lda,emg,A06,16,3.7230737018585205,-0.08055813953488368,25,5,5,5,5,0,3.454894365310669,-0.09763720930232553,0.2681793365478513,0.01707906976744185,runs/a4_same_bci_metric_utility_all_neural_artifacts_20260814_215900/a4_metric_utility_joined_long_rows.csv,"Display aggregation: SDR and downstream delta averaged to subject x width, then centered within subject"
csp_lda,emg,A07,2,2.807533760070801,-0.10353790613718405,25,5,5,5,5,0,3.3455951080322266,-0.07018050541516241,-0.5380613479614258,-0.033357400722021646,runs/a4_same_bci_metric_utility_all_neural_artifacts_20260814_215900/a4_metric_utility_joined_long_rows.csv,"Display aggregation: SDR and downstream delta averaged to subject x width, then centered within subject"
csp_lda,emg,A07,4,3.3296329593658447,-0.057472924187725594,25,5,5,5,5,0,3.3455951080322266,-0.07018050541516241,-0.015962148666381903,0.012707581227436815,runs/a4_same_bci_metric_utility_all_neural_artifacts_20260814_215900/a4_metric_utility_joined_long_rows.csv,"Display aggregation: SDR and downstream delta averaged to subject x width, then centered within subject"
csp_lda,emg,A07,6,3.4651367378234865,-0.06093862815884471,25,5,5,5,5,0,3.3455951080322266,-0.07018050541516241,0.11954162979125993,0.009241877256317699,runs/a4_same_bci_metric_utility_all_neural_artifacts_20260814_215900/a4_metric_utility_joined_long_rows.csv,"Display aggregation: SDR and downstream delta averaged to subject x width, then centered within subject"
csp_lda,emg,A07,8,3.547940092086792,-0.07032490974729237,25,5,5,5,5,0,3.3455951080322266,-0.07018050541516241,0.20234498405456547,-0.00014440433212996318,runs/a4_same_bci_metric_utility_all_neural_artifacts_20260814_215900/a4_metric_utility_joined_long_rows.csv,"Display aggregation: SDR and downstream delta averaged to subject x width, then centered within subject"
csp_lda,emg,A07,16,3.577731990814209,-0.058628158844765306,25,5,5,5,5,0,3.3455951080322266,-0.07018050541516241,0.2321368827819823,0.011552346570397103,runs/a4_same_bci_metric_utility_all_neural_artifacts_20260814_215900/a4_metric_utility_joined_long_rows.csv,"Display aggregation: SDR and downstream delta averaged to subject x width, then centered within subject"
csp_lda,emg,A08,2,2.7147216987609863,-0.09549815498154977,25,5,5,5,5,0,2.8072017822265627,-0.08563837638376379,-0.09248008346557635,-0.009859778597785987,runs/a4_same_bci_metric_utility_all_neural_artifacts_20260814_215900/a4_metric_utility_joined_long_rows.csv,"Display aggregation: SDR and downstream delta averaged to subject x width, then centered within subject"
csp_lda,emg,A08,4,2.858979024887085,-0.06819188191881914,25,5,5,5,5,0,2.8072017822265627,-0.08563837638376379,0.051777242660522305,0.017446494464944645,runs/a4_same_bci_metric_utility_all_neural_artifacts_20260814_215900/a4_metric_utility_joined_long_rows.csv,"Display aggregation: SDR and downstream delta averaged to subject x width, then centered within subject"
csp_lda,emg,A08,6,2.842927532196045,-0.07955719557195567,25,5,5,5,5,0,2.8072017822265627,-0.08563837638376379,0.0357257499694823,0.006081180811808112,runs/a4_same_bci_metric_utility_all_neural_artifacts_20260814_215900/a4_metric_utility_joined_long_rows.csv,"Display aggregation: SDR and downstream delta averaged to subject x width, then centered within subject"
csp_lda,emg,A08,8,2.8182666301727295,-0.09003690036900366,25,5,5,5,5,0,2.8072017822265627,-0.08563837638376379,0.0110648479461668,-0.004398523985239877,runs/a4_same_bci_metric_utility_all_neural_artifacts_20260814_215900/a4_metric_utility_joined_long_rows.csv,"Display aggregation: SDR and downstream delta averaged to subject x width, then centered within subject"
csp_lda,emg,A08,16,2.8011140251159667,-0.09490774907749074,25,5,5,5,5,0,2.8072017822265627,-0.08563837638376379,-0.006087757110595948,-0.009269372693726949,runs/a4_same_bci_metric_utility_all_neural_artifacts_20260814_215900/a4_metric_utility_joined_long_rows.csv,"Display aggregation: SDR and downstream delta averaged to subject x width, then centered within subject"
csp_lda,emg,A09,2,4.100537109375,-0.06439393939393939,25,5,5,5,5,0,4.603681632995605,-0.041363636363636366,-0.5031445236206054,-0.023030303030303026,runs/a4_same_bci_metric_utility_all_neural_artifacts_20260814_215900/a4_metric_utility_joined_long_rows.csv,"Display aggregation: SDR and downstream delta averaged to subject x width, then centered within subject"
csp_lda,emg,A09,4,4.690596218109131,-0.061363636363636356,25,5,5,5,5,0,4.603681632995605,-0.041363636363636366,0.08691458511352579,-0.01999999999999999,runs/a4_same_bci_metric_utility_all_neural_artifacts_20260814_215900/a4_metric_utility_joined_long_rows.csv,"Display aggregation: SDR and downstream delta averaged to subject x width, then centered within subject"
csp_lda,emg,A09,6,4.773259315490723,-0.023333333333333338,25,5,5,5,5,0,4.603681632995605,-0.041363636363636366,0.16957768249511762,0.01803030303030303,runs/a4_same_bci_metric_utility_all_neural_artifacts_20260814_215900/a4_metric_utility_joined_long_rows.csv,"Display aggregation: SDR and downstream delta averaged to subject x width, then centered within subject"
csp_lda,emg,A09,8,4.744386692047119,-0.04272727272727273,25,5,5,5,5,0,4.603681632995605,-0.041363636363636366,0.14070505905151354,-0.0013636363636363655,runs/a4_same_bci_metric_utility_all_neural_artifacts_20260814_215900/a4_metric_utility_joined_long_rows.csv,"Display aggregation: SDR and downstream delta averaged to subject x width, then centered within subject"
csp_lda,emg,A09,16,4.7096288299560545,-0.015,25,5,5,5,5,0,4.603681632995605,-0.041363636363636366,0.1059471969604493,0.026363636363636367,runs/a4_same_bci_metric_utility_all_neural_artifacts_20260814_215900/a4_metric_utility_joined_long_rows.csv,"Display aggregation: SDR and downstream delta averaged to subject x width, then centered within subject"
csp_lda,eog,A01,2,1.8954608726501465,-0.1665480427046263,25,5,5,5,5,0,2.3308446350097656,-0.12025622775800708,-0.43538376235961906,-0.04629181494661923,runs/a4_same_bci_metric_utility_all_neural_artifacts_20260814_215900/a4_metric_utility_joined_long_rows.csv,"Display aggregation: SDR and downstream delta averaged to subject x width, then centered within subject"
csp_lda,eog,A01,4,2.3055466842651366,-0.14007117437722413,25,5,5,5,5,0,2.3308446350097656,-0.12025622775800708,-0.025297950744628928,-0.019814946619217053,runs/a4_same_bci_metric_utility_all_neural_artifacts_20260814_215900/a4_metric_utility_joined_long_rows.csv,"Display aggregation: SDR and downstream delta averaged to subject x width, then centered within subject"
csp_lda,eog,A01,6,2.485444107055664,-0.11387900355871883,25,5,5,5,5,0,2.3308446350097656,-0.12025622775800708,0.15459947204589852,0.006377224199288253,runs/a4_same_bci_metric_utility_all_neural_artifacts_20260814_215900/a4_metric_utility_joined_long_rows.csv,"Display aggregation: SDR and downstream delta averaged to subject x width, then centered within subject"
csp_lda,eog,A01,8,2.560524559020996,-0.09793594306049817,25,5,5,5,5,0,2.3308446350097656,-0.12025622775800708,0.2296799240112306,0.022320284697508908,runs/a4_same_bci_metric_utility_all_neural_artifacts_20260814_215900/a4_metric_utility_joined_long_rows.csv,"Display aggregation: SDR and downstream delta averaged to subject x width, then centered within subject"
csp_lda,eog,A01,16,2.4072469520568847,-0.08284697508896793,25,5,5,5,5,0,2.3308446350097656,-0.12025622775800708,0.07640231704711908,0.03740925266903915,runs/a4_same_bci_metric_utility_all_neural_artifacts_20260814_215900/a4_metric_utility_joined_long_rows.csv,"Display aggregation: SDR and downstream delta averaged to subject x width, then centered within subject"
csp_lda,eog,A02,2,1.387438883781433,-0.16070671378091866,25,5,5,5,5,0,1.370092049598694,-0.1474204946996466,0.01734683418273919,-0.01328621908127206,runs/a4_same_bci_metric_utility_all_neural_artifacts_20260814_215900/a4_metric_utility_joined_long_rows.csv,"Display aggregation: SDR and downstream delta averaged to subject x width, then centered within subject"
csp_lda,eog,A02,4,1.3065577363967895,-0.1417667844522968,25,5,5,5,5,0,1.370092049598694,-0.1474204946996466,-0.06353431320190439,0.0056537102473498135,runs/a4_same_bci_metric_utility_all_neural_artifacts_20260814_215900/a4_metric_utility_joined_long_rows.csv,"Display aggregation: SDR and downstream delta averaged to subject x width, then centered within subject"
csp_lda,eog,A02,6,1.3560295581817627,-0.1477031802120141,25,5,5,5,5,0,1.370092049598694,-0.1474204946996466,-0.014062491416931167,-0.0002826855123674865,runs/a4_same_bci_metric_utility_all_neural_artifacts_20260814_215900/a4_metric_utility_joined_long_rows.csv,"Display aggregation: SDR and downstream delta averaged to subject x width, then centered within subject"
csp_lda,eog,A02,8,1.4512140989303588,-0.14431095406360417,25,5,5,5,5,0,1.370092049598694,-0.1474204946996466,0.08112204933166489,0.003109540636042435,runs/a4_same_bci_metric_utility_all_neural_artifacts_20260814_215900/a4_metric_utility_joined_long_rows.csv,"Display aggregation: SDR and downstream delta averaged to subject x width, then centered within subject"
csp_lda,eog,A02,16,1.349219970703125,-0.14261484098939925,25,5,5,5,5,0,1.370092049598694,-0.1474204946996466,-0.02087207889556897,0.004805653710247354,runs/a4_same_bci_metric_utility_all_neural_artifacts_20260814_215900/a4_metric_utility_joined_long_rows.csv,"Display aggregation: SDR and downstream delta averaged to subject x width, then centered within subject"
csp_lda,eog,A03,2,2.0487347936630247,-0.1727472527472527,25,5,5,5,5,0,2.0629271488189698,-0.10605128205128203,-0.01419235515594508,-0.06669597069597066,runs/a4_same_bci_metric_utility_all_neural_artifacts_20260814_215900/a4_metric_utility_joined_long_rows.csv,"Display aggregation: SDR and downstream delta averaged to subject x width, then centered within subject"
csp_lda,eog,A03,4,2.0419758462905886,-0.1536996336996337,25,5,5,5,5,0,2.0629271488189698,-0.10605128205128203,-0.020951302528381177,-0.047648351648351656,runs/a4_same_bci_metric_utility_all_neural_artifacts_20260814_215900/a4_metric_utility_joined_long_rows.csv,"Display aggregation: SDR and downstream delta averaged to subject x width, then centered within subject"
csp_lda,eog,A03,6,2.0666809272766113,-0.09318681318681314,25,5,5,5,5,0,2.0629271488189698,-0.10605128205128203,0.0037537784576415767,0.01286446886446889,runs/a4_same_bci_metric_utility_all_neural_artifacts_20260814_215900/a4_metric_utility_joined_long_rows.csv,"Display aggregation: SDR and downstream delta averaged to subject x width, then centered within subject"
csp_lda,eog,A03,8,2.1264514923095703,-0.06036630036630035,25,5,5,5,5,0,2.0629271488189698,-0.10605128205128203,0.06352434349060054,0.04568498168498168,runs/a4_same_bci_metric_utility_all_neural_artifacts_20260814_215900/a4_metric_utility_joined_long_rows.csv,"Display aggregation: SDR and downstream delta averaged to subject x width, then centered within subject"
csp_lda,eog,A03,16,2.030792684555054,-0.05025641025641022,25,5,5,5,5,0,2.0629271488189698,-0.10605128205128203,-0.03213446426391586,0.05579487179487181,runs/a4_same_bci_metric_utility_all_neural_artifacts_20260814_215900/a4_metric_utility_joined_long_rows.csv,"Display aggregation: SDR and downstream delta averaged to subject x width, then centered within subject"
csp_lda,eog,A04,2,1.549818754196167,-0.1889473684210526,25,5,5,5,5,0,1.347657232761383,-0.09684210526315785,0.20216152143478405,-0.09210526315789476,runs/a4_same_bci_metric_utility_all_neural_artifacts_20260814_215900/a4_metric_utility_joined_long_rows.csv,"Display aggregation: SDR and downstream delta averaged to subject x width, then centered within subject"
csp_lda,eog,A04,4,1.3156182670593262,-0.08877192982456135,25,5,5,5,5,0,1.347657232761383,-0.09684210526315785,-0.032038965702056776,0.008070175438596505,runs/a4_same_bci_metric_utility_all_neural_artifacts_20260814_215900/a4_metric_utility_joined_long_rows.csv,"Display aggregation: SDR and downstream delta averaged to subject x width, then centered within subject"
csp_lda,eog,A04,6,1.302065212726593,-0.07175438596491224,25,5,5,5,5,0,1.347657232761383,-0.09684210526315785,-0.045592020034789904,0.025087719298245617,runs/a4_same_bci_metric_utility_all_neural_artifacts_20260814_215900/a4_metric_utility_joined_long_rows.csv,"Display aggregation: SDR and downstream delta averaged to subject x width, then centered within subject"
csp_lda,eog,A04,8,1.2688886690139771,-0.08333333333333329,25,5,5,5,5,0,1.347657232761383,-0.09684210526315785,-0.07876856374740582,0.013508771929824567,runs/a4_same_bci_metric_utility_all_neural_artifacts_20260814_215900/a4_metric_utility_joined_long_rows.csv,"Display aggregation: SDR and downstream delta averaged to subject x width, then centered within subject"
csp_lda,eog,A04,16,1.301895260810852,-0.051403508771929785,25,5,5,5,5,0,1.347657232761383,-0.09684210526315785,-0.04576197195053089,0.04543859649122807,runs/a4_same_bci_metric_utility_all_neural_artifacts_20260814_215900/a4_metric_utility_joined_long_rows.csv,"Display aggregation: SDR and downstream delta averaged to subject x width, then centered within subject"
csp_lda,eog,A05,2,0.5846082615852356,0.021449275362318835,25,5,5,5,5,0,0.5863100481033325,0.022347826086956506,-0.0017017865180969372,-0.0008985507246376707,runs/a4_same_bci_metric_utility_all_neural_artifacts_20260814_215900/a4_metric_utility_joined_long_rows.csv,"Display aggregation: SDR and downstream delta averaged to subject x width, then centered within subject"
csp_lda,eog,A05,4,0.6865716207027436,0.03347826086956521,25,5,5,5,5,0,0.5863100481033325,0.022347826086956506,0.10026157259941104,0.011130434782608702,runs/a4_same_bci_metric_utility_all_neural_artifacts_20260814_215900/a4_metric_utility_joined_long_rows.csv,"Display aggregation: SDR and downstream delta averaged to subject x width, then centered within subject"
csp_lda,eog,A05,6,0.5200315380096435,0.024202898550724626,25,5,5,5,5,0,0.5863100481033325,0.022347826086956506,-0.06627851009368901,0.0018550724637681204,runs/a4_same_bci_metric_utility_all_neural_artifacts_20260814_215900/a4_metric_utility_joined_long_rows.csv,"Display aggregation: SDR and downstream delta averaged to subject x width, then centered within subject"
csp_lda,eog,A05,8,0.6252116334438323,0.019275362318840562,25,5,5,5,5,0,0.5863100481033325,0.022347826086956506,0.03890158534049981,-0.0030724637681159433,runs/a4_same_bci_metric_utility_all_neural_artifacts_20260814_215900/a4_metric_utility_joined_long_rows.csv,"Display aggregation: SDR and downstream delta averaged to subject x width, then centered within subject"
csp_lda,eog,A05,16,0.5151271867752075,0.013333333333333313,25,5,5,5,5,0,0.5863100481033325,0.022347826086956506,-0.07118286132812501,-0.009014492753623192,runs/a4_same_bci_metric_utility_all_neural_artifacts_20260814_215900/a4_metric_utility_joined_long_rows.csv,"Display aggregation: SDR and downstream delta averaged to subject x width, then centered within subject"
csp_lda,eog,A06,2,1.1493053197860719,-0.0626976744186046,25,5,5,5,5,0,0.542466885142494,-0.03806511627906973,0.6068384346435779,-0.024632558139534876,runs/a4_same_bci_metric_utility_all_neural_artifacts_20260814_215900/a4_metric_utility_joined_long_rows.csv,"Display aggregation: SDR and downstream delta averaged to subject x width, then centered within subject"
csp_lda,eog,A06,4,0.48125661954283716,-0.03572093023255809,25,5,5,5,5,0,0.542466885142494,-0.03806511627906973,-0.06121026559965681,0.00234418604651164,runs/a4_same_bci_metric_utility_all_neural_artifacts_20260814_215900/a4_metric_utility_joined_long_rows.csv,"Display aggregation: SDR and downstream delta averaged to subject x width, then centered within subject"
csp_lda,eog,A06,6,0.4107261957228184,-0.02660465116279066,25,5,5,5,5,0,0.542466885142494,-0.03806511627906973,-0.1317406894196756,0.01146046511627907,runs/a4_same_bci_metric_utility_all_neural_artifacts_20260814_215900/a4_metric_utility_joined_long_rows.csv,"Display aggregation: SDR and downstream delta averaged to subject x width, then centered within subject"
csp_lda,eog,A06,8,0.2979398368299007,-0.03553488372093021,25,5,5,5,5,0,0.542466885142494,-0.03806511627906973,-0.24452704831259325,0.002530232558139521,runs/a4_same_bci_metric_utility_all_neural_artifacts_20260814_215900/a4_metric_utility_joined_long_rows.csv,"Display aggregation: SDR and downstream delta averaged to subject x width, then centered within subject"
csp_lda,eog,A06,16,0.37310645383084196,-0.029767441860465083,25,5,5,5,5,0,0.542466885142494,-0.03806511627906973,-0.16936043131165202,0.008297674418604645,runs/a4_same_bci_metric_utility_all_neural_artifacts_20260814_215900/a4_metric_utility_joined_long_rows.csv,"Display aggregation: SDR and downstream delta averaged to subject x width, then centered within subject"
csp_lda,eog,A07,2,1.4130902290344238,-0.09501805054151621,25,5,5,5,5,0,0.8434138205051422,-0.11630324909747289,0.5696764085292816,0.021285198555956675,runs/a4_same_bci_metric_utility_all_neural_artifacts_20260814_215900/a4_metric_utility_joined_long_rows.csv,"Display aggregation: SDR and downstream delta averaged to subject x width, then centered within subject"
csp_lda,eog,A07,4,0.770595736503601,-0.111913357400722,25,5,5,5,5,0,0.8434138205051422,-0.11630324909747289,-0.07281808400154122,0.004389891696750886,runs/a4_same_bci_metric_utility_all_neural_artifacts_20260814_215900/a4_metric_utility_joined_long_rows.csv,"Display aggregation: SDR and downstream delta averaged to subject x width, then centered within subject"
csp_lda,eog,A07,6,0.6640028488636017,-0.13761732851985556,25,5,5,5,5,0,0.8434138205051422,-0.11630324909747289,-0.17941097164154052,-0.02131407942238267,runs/a4_same_bci_metric_utility_all_neural_artifacts_20260814_215900/a4_metric_utility_joined_long_rows.csv,"Display aggregation: SDR and downstream delta averaged to subject x width, then centered within subject"
csp_lda,eog,A07,8,0.6637175977230072,-0.12433212996389888,25,5,5,5,5,0,0.8434138205051422,-0.11630324909747289,-0.17969622278213504,-0.008028880866425989,runs/a4_same_bci_metric_utility_all_neural_artifacts_20260814_215900/a4_metric_utility_joined_long_rows.csv,"Display aggregation: SDR and downstream delta averaged to subject x width, then centered within subject"
csp_lda,eog,A07,16,0.7056626904010773,-0.11263537906137179,25,5,5,5,5,0,0.8434138205051422,-0.11630324909747289,-0.13775113010406492,0.003667870036101098,runs/a4_same_bci_metric_utility_all_neural_artifacts_20260814_215900/a4_metric_utility_joined_long_rows.csv,"Display aggregation: SDR and downstream delta averaged to subject x width, then centered within subject"
csp_lda,eog,A08,2,2.392296724319458,-0.08929889298892986,25,5,5,5,5,0,2.2609811811447145,-0.04903321033210329,0.1313155431747437,-0.04026568265682657,runs/a4_same_bci_metric_utility_all_neural_artifacts_20260814_215900/a4_metric_utility_joined_long_rows.csv,"Display aggregation: SDR and downstream delta averaged to subject x width, then centered within subject"
csp_lda,eog,A08,4,2.3154669618606567,-0.050332103321033175,25,5,5,5,5,0,2.2609811811447145,-0.04903321033210329,0.054485780715942234,-0.0012988929889298853,runs/a4_same_bci_metric_utility_all_neural_artifacts_20260814_215900/a4_metric_utility_joined_long_rows.csv,"Display aggregation: SDR and downstream delta averaged to subject x width, then centered within subject"
csp_lda,eog,A08,6,2.1926416540145874,-0.03040590405904057,25,5,5,5,5,0,2.2609811811447145,-0.04903321033210329,-0.06833952713012703,0.01862730627306272,runs/a4_same_bci_metric_utility_all_neural_artifacts_20260814_215900/a4_metric_utility_joined_long_rows.csv,"Display aggregation: SDR and downstream delta averaged to subject x width, then centered within subject"
csp_lda,eog,A08,8,2.216304521560669,-0.04162361623616233,25,5,5,5,5,0,2.2609811811447145,-0.04903321033210329,-0.04467665958404554,0.007409594095940962,runs/a4_same_bci_metric_utility_all_neural_artifacts_20260814_215900/a4_metric_utility_joined_long_rows.csv,"Display aggregation: SDR and downstream delta averaged to subject x width, then centered within subject"
csp_lda,eog,A08,16,2.1881960439682007,-0.03350553505535052,25,5,5,5,5,0,2.2609811811447145,-0.04903321033210329,-0.0727851371765138,0.015527675276752771,runs/a4_same_bci_metric_utility_all_neural_artifacts_20260814_215900/a4_metric_utility_joined_long_rows.csv,"Display aggregation: SDR and downstream delta averaged to subject x width, then centered within subject"
csp_lda,eog,A09,2,0.58616569429636,-0.04106060606060605,25,5,5,5,5,0,0.14326519585587083,-0.019969696969696974,0.4429004984404892,-0.021090909090909073,runs/a4_same_bci_metric_utility_all_neural_artifacts_20260814_215900/a4_metric_utility_joined_long_rows.csv,"Display aggregation: SDR and downstream delta averaged to subject x width, then centered within subject"
csp_lda,eog,A09,4,0.08041282057762145,-0.007121212121212136,25,5,5,5,5,0,0.14326519585587083,-0.019969696969696974,-0.06285237527824938,0.012848484848484838,runs/a4_same_bci_metric_utility_all_neural_artifacts_20260814_215900/a4_metric_utility_joined_long_rows.csv,"Display aggregation: SDR and downstream delta averaged to subject x width, then centered within subject"
csp_lda,eog,A09,6,0.02221278401091693,-0.00803030303030304,25,5,5,5,5,0,0.14326519585587083,-0.019969696969696974,-0.1210524118449539,0.011939393939393934,runs/a4_same_bci_metric_utility_all_neural_artifacts_20260814_215900/a4_metric_utility_joined_long_rows.csv,"Display aggregation: SDR and downstream delta averaged to subject x width, then centered within subject"
csp_lda,eog,A09,8,-0.06255966755561528,-0.01606060606060607,25,5,5,5,5,0,0.14326519585587083,-0.019969696969696974,-0.2058248634114861,0.003909090909090904,runs/a4_same_bci_metric_utility_all_neural_artifacts_20260814_215900/a4_metric_utility_joined_long_rows.csv,"Display aggregation: SDR and downstream delta averaged to subject x width, then centered within subject"
csp_lda,eog,A09,16,0.09009434795007108,-0.02757575757575757,25,5,5,5,5,0,0.14326519585587083,-0.019969696969696974,-0.05317084790579975,-0.007606060606060595,runs/a4_same_bci_metric_utility_all_neural_artifacts_20260814_215900/a4_metric_utility_joined_long_rows.csv,"Display aggregation: SDR and downstream delta averaged to subject x width, then centered within subject"
shallowfbcsp,eog_emg_line,A01,6,1.9807844559351604,-0.09568999604586786,9,3,3,3,3,3,2.074958556228214,-0.09568999604586786,-0.0941741002930534,0.0,runs/a4_same_bci_metric_utility_all_neural_artifacts_20260814_215900/a4_metric_utility_joined_long_rows.csv,"Display aggregation: SDR and downstream delta averaged to subject x width, then centered within subject"
shallowfbcsp,eog_emg_line,A01,16,2.1691326565212674,-0.09568999604586786,9,3,3,3,3,3,2.074958556228214,-0.09568999604586786,0.09417410029305362,0.0,runs/a4_same_bci_metric_utility_all_neural_artifacts_20260814_215900/a4_metric_utility_joined_long_rows.csv,"Display aggregation: SDR and downstream delta averaged to subject x width, then centered within subject"
shallowfbcsp,eog_emg_line,A02,6,1.2866875992880926,-0.11883261353226013,9,3,3,3,3,3,1.3091880745357938,-0.11870174060986777,-0.022500475247701157,-0.00013087292239236104,runs/a4_same_bci_metric_utility_all_neural_artifacts_20260814_215900/a4_metric_utility_joined_long_rows.csv,"Display aggregation: SDR and downstream delta averaged to subject x width, then centered within subject"
shallowfbcsp,eog_emg_line,A02,16,1.3316885497834947,-0.11857086768747542,9,3,3,3,3,3,1.3091880745357938,-0.11870174060986777,0.022500475247700935,0.00013087292239234716,runs/a4_same_bci_metric_utility_all_neural_artifacts_20260814_215900/a4_metric_utility_joined_long_rows.csv,"Display aggregation: SDR and downstream delta averaged to subject x width, then centered within subject"
shallowfbcsp,eog_emg_line,A03,6,2.257247739368015,-0.03839370506037166,9,3,3,3,3,3,2.272359596358405,-0.05019671686338347,-0.015111856990390304,0.011803011803011812,runs/a4_same_bci_metric_utility_all_neural_artifacts_20260814_215900/a4_metric_utility_joined_long_rows.csv,"Display aggregation: SDR and downstream delta averaged to subject x width, then centered within subject"
shallowfbcsp,eog_emg_line,A03,16,2.2874714533487954,-0.06199972866639528,9,3,3,3,3,3,2.272359596358405,-0.05019671686338347,0.015111856990390304,-0.011803011803011812,runs/a4_same_bci_metric_utility_all_neural_artifacts_20260814_215900/a4_metric_utility_joined_long_rows.csv,"Display aggregation: SDR and downstream delta averaged to subject x width, then centered within subject"
shallowfbcsp,eog_emg_line,A04,6,2.850140412648519,-0.07504873294346975,9,3,3,3,3,3,2.9309564696417914,-0.0766731643924626,-0.08081605699327232,0.0016244314489928524,runs/a4_same_bci_metric_utility_all_neural_artifacts_20260814_215900/a4_metric_utility_joined_long_rows.csv,"Display aggregation: SDR and downstream delta averaged to subject x width, then centered within subject"
shallowfbcsp,eog_emg_line,A04,16,3.011772526635064,-0.07829759584145544,9,3,3,3,3,3,2.9309564696417914,-0.0766731643924626,0.08081605699327277,-0.0016244314489928385,runs/a4_same_bci_metric_utility_all_neural_artifacts_20260814_215900/a4_metric_utility_joined_long_rows.csv,"Display aggregation: SDR and downstream delta averaged to subject x width, then centered within subject"
shallowfbcsp,eog_emg_line,A05,6,0.2956037190225389,-0.011674718196457299,9,3,3,3,3,3,0.3169445743163426,-0.009728931830381083,-0.021340855293803696,-0.001945786366076216,runs/a4_same_bci_metric_utility_all_neural_artifacts_20260814_215900/a4_metric_utility_joined_long_rows.csv,"Display aggregation: SDR and downstream delta averaged to subject x width, then centered within subject"
shallowfbcsp,eog_emg_line,A05,16,0.33828542961014635,-0.007783145464304867,9,3,3,3,3,3,0.3169445743163426,-0.009728931830381083,0.02134085529380375,0.001945786366076216,runs/a4_same_bci_metric_utility_all_neural_artifacts_20260814_215900/a4_metric_utility_joined_long_rows.csv,"Display aggregation: SDR and downstream delta averaged to subject x width, then centered within subject"
shallowfbcsp,eog_emg_line,A06,6,3.4729661411709256,-0.013608957795004277,9,3,3,3,3,3,3.5709527995851307,-0.009646856158484044,-0.09798665841420506,-0.003962101636520233,runs/a4_same_bci_metric_utility_all_neural_artifacts_20260814_215900/a4_metric_utility_joined_long_rows.csv,"Display aggregation: SDR and downstream delta averaged to subject x width, then centered within subject"
shallowfbcsp,eog_emg_line,A06,16,3.6689394579993353,-0.00568475452196381,9,3,3,3,3,3,3.5709527995851307,-0.009646856158484044,0.09798665841420462,0.003962101636520234,runs/a4_same_bci_metric_utility_all_neural_artifacts_20260814_215900/a4_metric_utility_joined_long_rows.csv,"Display aggregation: SDR and downstream delta averaged to subject x width, then centered within subject"
shallowfbcsp,eog_emg_line,A07,6,3.3584662278493247,-0.13036502206177294,9,3,3,3,3,3,3.437628308931987,-0.12327851317020991,-0.0791620810826621,-0.007086508891563037,runs/a4_same_bci_metric_utility_all_neural_artifacts_20260814_215900/a4_metric_utility_joined_long_rows.csv,"Display aggregation: SDR and downstream delta averaged to subject x width, then centered within subject"
shallowfbcsp,eog_emg_line,A07,16,3.5167903900146484,-0.11619200427864687,9,3,3,3,3,3,3.437628308931987,-0.12327851317020991,0.07916208108266165,0.007086508891563037,runs/a4_same_bci_metric_utility_all_neural_artifacts_20260814_215900/a4_metric_utility_joined_long_rows.csv,"Display aggregation: SDR and downstream delta averaged to subject x width, then centered within subject"
shallowfbcsp,eog_emg_line,A08,6,2.852662139468723,-0.013530135301352966,9,3,3,3,3,3,2.8458242416381836,-0.015648489818231477,0.00683789783053923,0.0021183545168785116,runs/a4_same_bci_metric_utility_all_neural_artifacts_20260814_215900/a4_metric_utility_joined_long_rows.csv,"Display aggregation: SDR and downstream delta averaged to subject x width, then centered within subject"
shallowfbcsp,eog_emg_line,A08,16,2.8389863438076444,-0.017766844335109985,9,3,3,3,3,3,2.8458242416381836,-0.015648489818231477,-0.00683789783053923,-0.002118354516878508,runs/a4_same_bci_metric_utility_all_neural_artifacts_20260814_215900/a4_metric_utility_joined_long_rows.csv,"Display aggregation: SDR and downstream delta averaged to subject x width, then centered within subject"
shallowfbcsp,eog_emg_line,A09,6,4.647971736060248,0.0005611672278339179,9,3,3,3,3,3,4.641167746649848,-0.005892255892255852,0.006803989410400391,0.00645342312008977,runs/a4_same_bci_metric_utility_all_neural_artifacts_20260814_215900/a4_metric_utility_joined_long_rows.csv,"Display aggregation: SDR and downstream delta averaged to subject x width, then centered within subject"
shallowfbcsp,eog_emg_line,A09,16,4.634363757239448,-0.012345679012345623,9,3,3,3,3,3,4.641167746649848,-0.005892255892255852,-0.006803989410400391,-0.00645342312008977,runs/a4_same_bci_metric_utility_all_neural_artifacts_20260814_215900/a4_metric_utility_joined_long_rows.csv,"Display aggregation: SDR and downstream delta averaged to subject x width, then centered within subject"
