row_type,panel,recipe,classifier,classifier_label,base,subject,delta_accuracy,mean_delta_accuracy,bootstrap_ci95_low,bootstrap_ci95_high,n_subjects_for_inference,primary_independent_unit,n_contamination_seed_pairs,n_checkpoint_seeds,n_classifier_seeds,n_technical_observations_aggregated,source_file,aggregation
subject,EOG,eog,csp_lda,CSP+LDA,16,A01,-0.0828469750889679,,,,9,subject,5.0,5.0,0.0,25.0,runs/hierarchical_downstream_stats_20260815_000000/hierarchical_subject_deltas.csv,Subject-level delta after contamination/checkpoint/classifier-seed nuisance aggregation
subject,EOG,eog,csp_lda,CSP+LDA,16,A02,-0.1426148409893992,,,,9,subject,5.0,5.0,0.0,25.0,runs/hierarchical_downstream_stats_20260815_000000/hierarchical_subject_deltas.csv,Subject-level delta after contamination/checkpoint/classifier-seed nuisance aggregation
subject,EOG,eog,csp_lda,CSP+LDA,16,A03,-0.0502564102564102,,,,9,subject,5.0,5.0,0.0,25.0,runs/hierarchical_downstream_stats_20260815_000000/hierarchical_subject_deltas.csv,Subject-level delta after contamination/checkpoint/classifier-seed nuisance aggregation
subject,EOG,eog,csp_lda,CSP+LDA,16,A04,-0.0514035087719298,,,,9,subject,5.0,5.0,0.0,25.0,runs/hierarchical_downstream_stats_20260815_000000/hierarchical_subject_deltas.csv,Subject-level delta after contamination/checkpoint/classifier-seed nuisance aggregation
subject,EOG,eog,csp_lda,CSP+LDA,16,A05,0.0133333333333333,,,,9,subject,5.0,5.0,0.0,25.0,runs/hierarchical_downstream_stats_20260815_000000/hierarchical_subject_deltas.csv,Subject-level delta after contamination/checkpoint/classifier-seed nuisance aggregation
subject,EOG,eog,csp_lda,CSP+LDA,16,A06,-0.0297674418604651,,,,9,subject,5.0,5.0,0.0,25.0,runs/hierarchical_downstream_stats_20260815_000000/hierarchical_subject_deltas.csv,Subject-level delta after contamination/checkpoint/classifier-seed nuisance aggregation
subject,EOG,eog,csp_lda,CSP+LDA,16,A07,-0.1126353790613718,,,,9,subject,5.0,5.0,0.0,25.0,runs/hierarchical_downstream_stats_20260815_000000/hierarchical_subject_deltas.csv,Subject-level delta after contamination/checkpoint/classifier-seed nuisance aggregation
subject,EOG,eog,csp_lda,CSP+LDA,16,A08,-0.0335055350553505,,,,9,subject,5.0,5.0,0.0,25.0,runs/hierarchical_downstream_stats_20260815_000000/hierarchical_subject_deltas.csv,Subject-level delta after contamination/checkpoint/classifier-seed nuisance aggregation
subject,EOG,eog,csp_lda,CSP+LDA,16,A09,-0.0275757575757575,,,,9,subject,5.0,5.0,0.0,25.0,runs/hierarchical_downstream_stats_20260815_000000/hierarchical_subject_deltas.csv,Subject-level delta after contamination/checkpoint/classifier-seed nuisance aggregation
mean_ci,EOG,eog,csp_lda,CSP+LDA,16,,,-0.0574747239251465,-0.0874223996342399,-0.0294340840529812,9,subject,,,,,runs/hierarchical_downstream_stats_20260815_000000/hierarchical_confirmatory_effects.csv,Mean and 95% subject-bootstrap CI across n=9 subjects
subject,EOG,eog,shallowfbcsp,ShallowFBCSPNet,16,A01,-0.0159483326743113,,,,9,subject,3.0,3.0,3.0,27.0,runs/hierarchical_downstream_stats_20260815_000000/hierarchical_subject_deltas.csv,Subject-level delta after contamination/checkpoint/classifier-seed nuisance aggregation
subject,EOG,eog,shallowfbcsp,ShallowFBCSPNet,16,A02,-0.0694935217903415,,,,9,subject,3.0,3.0,3.0,27.0,runs/hierarchical_downstream_stats_20260815_000000/hierarchical_subject_deltas.csv,Subject-level delta after contamination/checkpoint/classifier-seed nuisance aggregation
subject,EOG,eog,shallowfbcsp,ShallowFBCSPNet,16,A03,-0.0377153710487043,,,,9,subject,3.0,3.0,3.0,27.0,runs/hierarchical_downstream_stats_20260815_000000/hierarchical_subject_deltas.csv,Subject-level delta after contamination/checkpoint/classifier-seed nuisance aggregation
subject,EOG,eog,shallowfbcsp,ShallowFBCSPNet,16,A04,0.0017868745938921,,,,9,subject,3.0,3.0,3.0,27.0,runs/hierarchical_downstream_stats_20260815_000000/hierarchical_subject_deltas.csv,Subject-level delta after contamination/checkpoint/classifier-seed nuisance aggregation
subject,EOG,eog,shallowfbcsp,ShallowFBCSPNet,16,A05,-0.0402576489533011,,,,9,subject,3.0,3.0,3.0,27.0,runs/hierarchical_downstream_stats_20260815_000000/hierarchical_subject_deltas.csv,Subject-level delta after contamination/checkpoint/classifier-seed nuisance aggregation
subject,EOG,eog,shallowfbcsp,ShallowFBCSPNet,16,A06,-0.0198105081826012,,,,9,subject,3.0,3.0,3.0,27.0,runs/hierarchical_downstream_stats_20260815_000000/hierarchical_subject_deltas.csv,Subject-level delta after contamination/checkpoint/classifier-seed nuisance aggregation
subject,EOG,eog,shallowfbcsp,ShallowFBCSPNet,16,A07,-0.0553549939831528,,,,9,subject,3.0,3.0,3.0,27.0,runs/hierarchical_downstream_stats_20260815_000000/hierarchical_subject_deltas.csv,Subject-level delta after contamination/checkpoint/classifier-seed nuisance aggregation
subject,EOG,eog,shallowfbcsp,ShallowFBCSPNet,16,A08,-0.002186688533552,,,,9,subject,3.0,3.0,3.0,27.0,runs/hierarchical_downstream_stats_20260815_000000/hierarchical_subject_deltas.csv,Subject-level delta after contamination/checkpoint/classifier-seed nuisance aggregation
subject,EOG,eog,shallowfbcsp,ShallowFBCSPNet,16,A09,-0.0007014590347923,,,,9,subject,3.0,3.0,3.0,27.0,runs/hierarchical_downstream_stats_20260815_000000/hierarchical_subject_deltas.csv,Subject-level delta after contamination/checkpoint/classifier-seed nuisance aggregation
mean_ci,EOG,eog,shallowfbcsp,ShallowFBCSPNet,16,,,-0.0266312944007627,-0.0431205292762744,-0.0116375851539943,9,subject,,,,,runs/hierarchical_downstream_stats_20260815_000000/hierarchical_confirmatory_effects.csv,Mean and 95% subject-bootstrap CI across n=9 subjects
subject,EOG,eog,eegconformer,EEGConformer,16,A01,-0.0127850270199024,,,,9,subject,3.0,3.0,3.0,27.0,runs/hierarchical_downstream_stats_20260815_000000/hierarchical_subject_deltas.csv,Subject-level delta after contamination/checkpoint/classifier-seed nuisance aggregation
subject,EOG,eog,eegconformer,EEGConformer,16,A02,-0.0427954456223007,,,,9,subject,3.0,3.0,3.0,27.0,runs/hierarchical_downstream_stats_20260815_000000/hierarchical_subject_deltas.csv,Subject-level delta after contamination/checkpoint/classifier-seed nuisance aggregation
subject,EOG,eog,eegconformer,EEGConformer,16,A03,-0.0478903812237145,,,,9,subject,3.0,3.0,3.0,27.0,runs/hierarchical_downstream_stats_20260815_000000/hierarchical_subject_deltas.csv,Subject-level delta after contamination/checkpoint/classifier-seed nuisance aggregation
subject,EOG,eog,eegconformer,EEGConformer,16,A04,-0.0264782326185834,,,,9,subject,3.0,3.0,3.0,27.0,runs/hierarchical_downstream_stats_20260815_000000/hierarchical_subject_deltas.csv,Subject-level delta after contamination/checkpoint/classifier-seed nuisance aggregation
subject,EOG,eog,eegconformer,EEGConformer,16,A05,-0.0267042404723564,,,,9,subject,3.0,3.0,3.0,27.0,runs/hierarchical_downstream_stats_20260815_000000/hierarchical_subject_deltas.csv,Subject-level delta after contamination/checkpoint/classifier-seed nuisance aggregation
subject,EOG,eog,eegconformer,EEGConformer,16,A06,0.0439276485788113,,,,9,subject,3.0,3.0,3.0,27.0,runs/hierarchical_downstream_stats_20260815_000000/hierarchical_subject_deltas.csv,Subject-level delta after contamination/checkpoint/classifier-seed nuisance aggregation
subject,EOG,eog,eegconformer,EEGConformer,16,A07,-0.0311538975798903,,,,9,subject,3.0,3.0,3.0,27.0,runs/hierarchical_downstream_stats_20260815_000000/hierarchical_subject_deltas.csv,Subject-level delta after contamination/checkpoint/classifier-seed nuisance aggregation
subject,EOG,eog,eegconformer,EEGConformer,16,A08,0.020090200902009,,,,9,subject,3.0,3.0,3.0,27.0,runs/hierarchical_downstream_stats_20260815_000000/hierarchical_subject_deltas.csv,Subject-level delta after contamination/checkpoint/classifier-seed nuisance aggregation
subject,EOG,eog,eegconformer,EEGConformer,16,A09,-0.0063131313131313,,,,9,subject,3.0,3.0,3.0,27.0,runs/hierarchical_downstream_stats_20260815_000000/hierarchical_subject_deltas.csv,Subject-level delta after contamination/checkpoint/classifier-seed nuisance aggregation
mean_ci,EOG,eog,eegconformer,EEGConformer,16,,,-0.0144558340410065,-0.0312986875462806,0.0055008754107375,9,subject,,,,,runs/hierarchical_downstream_stats_20260815_000000/hierarchical_confirmatory_effects.csv,Mean and 95% subject-bootstrap CI across n=9 subjects
subject,EOG,eog,eegnet,EEGNet,16,A01,-0.0146302886516409,,,,9,subject,3.0,3.0,3.0,27.0,runs/hierarchical_downstream_stats_20260815_000000/hierarchical_subject_deltas.csv,Subject-level delta after contamination/checkpoint/classifier-seed nuisance aggregation
subject,EOG,eog,eegnet,EEGNet,16,A02,-0.0014396021463159,,,,9,subject,3.0,3.0,3.0,27.0,runs/hierarchical_downstream_stats_20260815_000000/hierarchical_subject_deltas.csv,Subject-level delta after contamination/checkpoint/classifier-seed nuisance aggregation
subject,EOG,eog,eegnet,EEGNet,16,A03,0.0181793515126848,,,,9,subject,3.0,3.0,3.0,27.0,runs/hierarchical_downstream_stats_20260815_000000/hierarchical_subject_deltas.csv,Subject-level delta after contamination/checkpoint/classifier-seed nuisance aggregation
subject,EOG,eog,eegnet,EEGNet,16,A04,0.0133203378817413,,,,9,subject,3.0,3.0,3.0,27.0,runs/hierarchical_downstream_stats_20260815_000000/hierarchical_subject_deltas.csv,Subject-level delta after contamination/checkpoint/classifier-seed nuisance aggregation
subject,EOG,eog,eegnet,EEGNet,16,A05,-0.0356951154052603,,,,9,subject,3.0,3.0,3.0,27.0,runs/hierarchical_downstream_stats_20260815_000000/hierarchical_subject_deltas.csv,Subject-level delta after contamination/checkpoint/classifier-seed nuisance aggregation
subject,EOG,eog,eegnet,EEGNet,16,A06,0.0022394487510766,,,,9,subject,3.0,3.0,3.0,27.0,runs/hierarchical_downstream_stats_20260815_000000/hierarchical_subject_deltas.csv,Subject-level delta after contamination/checkpoint/classifier-seed nuisance aggregation
subject,EOG,eog,eegnet,EEGNet,16,A07,0.1005482016312341,,,,9,subject,3.0,3.0,3.0,27.0,runs/hierarchical_downstream_stats_20260815_000000/hierarchical_subject_deltas.csv,Subject-level delta after contamination/checkpoint/classifier-seed nuisance aggregation
subject,EOG,eog,eegnet,EEGNet,16,A08,-0.005056717233839,,,,9,subject,3.0,3.0,3.0,27.0,runs/hierarchical_downstream_stats_20260815_000000/hierarchical_subject_deltas.csv,Subject-level delta after contamination/checkpoint/classifier-seed nuisance aggregation
subject,EOG,eog,eegnet,EEGNet,16,A09,-0.0079966329966329,,,,9,subject,3.0,3.0,3.0,27.0,runs/hierarchical_downstream_stats_20260815_000000/hierarchical_subject_deltas.csv,Subject-level delta after contamination/checkpoint/classifier-seed nuisance aggregation
mean_ci,EOG,eog,eegnet,EEGNet,16,,,0.0077187759270053,-0.0122040286274218,0.0339572570945371,9,subject,,,,,runs/hierarchical_downstream_stats_20260815_000000/hierarchical_confirmatory_effects.csv,Mean and 95% subject-bootstrap CI across n=9 subjects
subject,EOG,eog,deep4net,Deep4Net,16,A01,0.0013180440226703,,,,9,subject,3.0,3.0,3.0,27.0,runs/hierarchical_downstream_stats_20260815_000000/hierarchical_subject_deltas.csv,Subject-level delta after contamination/checkpoint/classifier-seed nuisance aggregation
subject,EOG,eog,deep4net,Deep4Net,16,A02,-0.0217249051171312,,,,9,subject,3.0,3.0,3.0,27.0,runs/hierarchical_downstream_stats_20260815_000000/hierarchical_subject_deltas.csv,Subject-level delta after contamination/checkpoint/classifier-seed nuisance aggregation
subject,EOG,eog,deep4net,Deep4Net,16,A03,0.0748880748880748,,,,9,subject,3.0,3.0,3.0,27.0,runs/hierarchical_downstream_stats_20260815_000000/hierarchical_subject_deltas.csv,Subject-level delta after contamination/checkpoint/classifier-seed nuisance aggregation
subject,EOG,eog,deep4net,Deep4Net,16,A04,0.0019493177387914,,,,9,subject,3.0,3.0,3.0,27.0,runs/hierarchical_downstream_stats_20260815_000000/hierarchical_subject_deltas.csv,Subject-level delta after contamination/checkpoint/classifier-seed nuisance aggregation
subject,EOG,eog,deep4net,Deep4Net,16,A05,-0.0224100912506709,,,,9,subject,3.0,3.0,3.0,27.0,runs/hierarchical_downstream_stats_20260815_000000/hierarchical_subject_deltas.csv,Subject-level delta after contamination/checkpoint/classifier-seed nuisance aggregation
subject,EOG,eog,deep4net,Deep4Net,16,A06,0.0127476313522825,,,,9,subject,3.0,3.0,3.0,27.0,runs/hierarchical_downstream_stats_20260815_000000/hierarchical_subject_deltas.csv,Subject-level delta after contamination/checkpoint/classifier-seed nuisance aggregation
subject,EOG,eog,deep4net,Deep4Net,16,A07,0.0730044123545928,,,,9,subject,3.0,3.0,3.0,27.0,runs/hierarchical_downstream_stats_20260815_000000/hierarchical_subject_deltas.csv,Subject-level delta after contamination/checkpoint/classifier-seed nuisance aggregation
subject,EOG,eog,deep4net,Deep4Net,16,A08,0.014350143501435,,,,9,subject,3.0,3.0,3.0,27.0,runs/hierarchical_downstream_stats_20260815_000000/hierarchical_subject_deltas.csv,Subject-level delta after contamination/checkpoint/classifier-seed nuisance aggregation
subject,EOG,eog,deep4net,Deep4Net,16,A09,0.0126262626262626,,,,9,subject,3.0,3.0,3.0,27.0,runs/hierarchical_downstream_stats_20260815_000000/hierarchical_subject_deltas.csv,Subject-level delta after contamination/checkpoint/classifier-seed nuisance aggregation
mean_ci,EOG,eog,deep4net,Deep4Net,16,,,0.0163054322351452,-0.00376100068495,0.0390332809487498,9,subject,,,,,runs/hierarchical_downstream_stats_20260815_000000/hierarchical_confirmatory_effects.csv,Mean and 95% subject-bootstrap CI across n=9 subjects
subject,EMG,emg,csp_lda,CSP+LDA,16,A01,-0.2031316725978647,,,,9,subject,5.0,5.0,0.0,25.0,runs/hierarchical_downstream_stats_20260815_000000/hierarchical_subject_deltas.csv,Subject-level delta after contamination/checkpoint/classifier-seed nuisance aggregation
subject,EMG,emg,csp_lda,CSP+LDA,16,A02,-0.2118727915194346,,,,9,subject,5.0,5.0,0.0,25.0,runs/hierarchical_downstream_stats_20260815_000000/hierarchical_subject_deltas.csv,Subject-level delta after contamination/checkpoint/classifier-seed nuisance aggregation
subject,EMG,emg,csp_lda,CSP+LDA,16,A03,-0.0728205128205128,,,,9,subject,5.0,5.0,0.0,25.0,runs/hierarchical_downstream_stats_20260815_000000/hierarchical_subject_deltas.csv,Subject-level delta after contamination/checkpoint/classifier-seed nuisance aggregation
subject,EMG,emg,csp_lda,CSP+LDA,16,A04,-0.1721052631578947,,,,9,subject,5.0,5.0,0.0,25.0,runs/hierarchical_downstream_stats_20260815_000000/hierarchical_subject_deltas.csv,Subject-level delta after contamination/checkpoint/classifier-seed nuisance aggregation
subject,EMG,emg,csp_lda,CSP+LDA,16,A05,-0.0065217391304347,,,,9,subject,5.0,5.0,0.0,25.0,runs/hierarchical_downstream_stats_20260815_000000/hierarchical_subject_deltas.csv,Subject-level delta after contamination/checkpoint/classifier-seed nuisance aggregation
subject,EMG,emg,csp_lda,CSP+LDA,16,A06,-0.0805581395348837,,,,9,subject,5.0,5.0,0.0,25.0,runs/hierarchical_downstream_stats_20260815_000000/hierarchical_subject_deltas.csv,Subject-level delta after contamination/checkpoint/classifier-seed nuisance aggregation
subject,EMG,emg,csp_lda,CSP+LDA,16,A07,-0.0586281588447653,,,,9,subject,5.0,5.0,0.0,25.0,runs/hierarchical_downstream_stats_20260815_000000/hierarchical_subject_deltas.csv,Subject-level delta after contamination/checkpoint/classifier-seed nuisance aggregation
subject,EMG,emg,csp_lda,CSP+LDA,16,A08,-0.0949077490774907,,,,9,subject,5.0,5.0,0.0,25.0,runs/hierarchical_downstream_stats_20260815_000000/hierarchical_subject_deltas.csv,Subject-level delta after contamination/checkpoint/classifier-seed nuisance aggregation
subject,EMG,emg,csp_lda,CSP+LDA,16,A09,-0.015,,,,9,subject,5.0,5.0,0.0,25.0,runs/hierarchical_downstream_stats_20260815_000000/hierarchical_subject_deltas.csv,Subject-level delta after contamination/checkpoint/classifier-seed nuisance aggregation
mean_ci,EMG,emg,csp_lda,CSP+LDA,16,,,-0.1017273362981424,-0.1516322549465887,-0.0564949251454449,9,subject,,,,,runs/hierarchical_downstream_stats_20260815_000000/hierarchical_confirmatory_effects.csv,Mean and 95% subject-bootstrap CI across n=9 subjects
subject,EMG,emg,shallowfbcsp,ShallowFBCSPNet,16,A01,-0.0972716488730723,,,,9,subject,3.0,3.0,3.0,27.0,runs/hierarchical_downstream_stats_20260815_000000/hierarchical_subject_deltas.csv,Subject-level delta after contamination/checkpoint/classifier-seed nuisance aggregation
subject,EMG,emg,shallowfbcsp,ShallowFBCSPNet,16,A02,-0.1404266457269991,,,,9,subject,3.0,3.0,3.0,27.0,runs/hierarchical_downstream_stats_20260815_000000/hierarchical_subject_deltas.csv,Subject-level delta after contamination/checkpoint/classifier-seed nuisance aggregation
subject,EMG,emg,shallowfbcsp,ShallowFBCSPNet,16,A03,-0.0662053995387328,,,,9,subject,3.0,3.0,3.0,27.0,runs/hierarchical_downstream_stats_20260815_000000/hierarchical_subject_deltas.csv,Subject-level delta after contamination/checkpoint/classifier-seed nuisance aggregation
subject,EMG,emg,shallowfbcsp,ShallowFBCSPNet,16,A04,-0.0698505523066926,,,,9,subject,3.0,3.0,3.0,27.0,runs/hierarchical_downstream_stats_20260815_000000/hierarchical_subject_deltas.csv,Subject-level delta after contamination/checkpoint/classifier-seed nuisance aggregation
subject,EMG,emg,shallowfbcsp,ShallowFBCSPNet,16,A05,-0.0148953301127214,,,,9,subject,3.0,3.0,3.0,27.0,runs/hierarchical_downstream_stats_20260815_000000/hierarchical_subject_deltas.csv,Subject-level delta after contamination/checkpoint/classifier-seed nuisance aggregation
subject,EMG,emg,shallowfbcsp,ShallowFBCSPNet,16,A06,-0.0304909560723514,,,,9,subject,3.0,3.0,3.0,27.0,runs/hierarchical_downstream_stats_20260815_000000/hierarchical_subject_deltas.csv,Subject-level delta after contamination/checkpoint/classifier-seed nuisance aggregation
subject,EMG,emg,shallowfbcsp,ShallowFBCSPNet,16,A07,-0.080224628961091,,,,9,subject,3.0,3.0,3.0,27.0,runs/hierarchical_downstream_stats_20260815_000000/hierarchical_subject_deltas.csv,Subject-level delta after contamination/checkpoint/classifier-seed nuisance aggregation
subject,EMG,emg,shallowfbcsp,ShallowFBCSPNet,16,A08,-0.019543528768621,,,,9,subject,3.0,3.0,3.0,27.0,runs/hierarchical_downstream_stats_20260815_000000/hierarchical_subject_deltas.csv,Subject-level delta after contamination/checkpoint/classifier-seed nuisance aggregation
subject,EMG,emg,shallowfbcsp,ShallowFBCSPNet,16,A09,-0.012766554433221,,,,9,subject,3.0,3.0,3.0,27.0,runs/hierarchical_downstream_stats_20260815_000000/hierarchical_subject_deltas.csv,Subject-level delta after contamination/checkpoint/classifier-seed nuisance aggregation
mean_ci,EMG,emg,shallowfbcsp,ShallowFBCSPNet,16,,,-0.0590750271992781,-0.0871911288940248,-0.0338797198875759,9,subject,,,,,runs/hierarchical_downstream_stats_20260815_000000/hierarchical_confirmatory_effects.csv,Mean and 95% subject-bootstrap CI across n=9 subjects
subject,EMG,emg,eegconformer,EEGConformer,16,A01,-0.1202056148675365,,,,9,subject,3.0,3.0,3.0,27.0,runs/hierarchical_downstream_stats_20260815_000000/hierarchical_subject_deltas.csv,Subject-level delta after contamination/checkpoint/classifier-seed nuisance aggregation
subject,EMG,emg,eegconformer,EEGConformer,16,A02,-0.0819264494176155,,,,9,subject,3.0,3.0,3.0,27.0,runs/hierarchical_downstream_stats_20260815_000000/hierarchical_subject_deltas.csv,Subject-level delta after contamination/checkpoint/classifier-seed nuisance aggregation
subject,EMG,emg,eegconformer,EEGConformer,16,A03,-0.0780084113417446,,,,9,subject,3.0,3.0,3.0,27.0,runs/hierarchical_downstream_stats_20260815_000000/hierarchical_subject_deltas.csv,Subject-level delta after contamination/checkpoint/classifier-seed nuisance aggregation
subject,EMG,emg,eegconformer,EEGConformer,16,A04,-0.0477582846003898,,,,9,subject,3.0,3.0,3.0,27.0,runs/hierarchical_downstream_stats_20260815_000000/hierarchical_subject_deltas.csv,Subject-level delta after contamination/checkpoint/classifier-seed nuisance aggregation
subject,EMG,emg,eegconformer,EEGConformer,16,A05,-0.0017444981213097,,,,9,subject,3.0,3.0,3.0,27.0,runs/hierarchical_downstream_stats_20260815_000000/hierarchical_subject_deltas.csv,Subject-level delta after contamination/checkpoint/classifier-seed nuisance aggregation
subject,EMG,emg,eegconformer,EEGConformer,16,A06,-0.0551248923341946,,,,9,subject,3.0,3.0,3.0,27.0,runs/hierarchical_downstream_stats_20260815_000000/hierarchical_subject_deltas.csv,Subject-level delta after contamination/checkpoint/classifier-seed nuisance aggregation
subject,EMG,emg,eegconformer,EEGConformer,16,A07,-0.0672549806123813,,,,9,subject,3.0,3.0,3.0,27.0,runs/hierarchical_downstream_stats_20260815_000000/hierarchical_subject_deltas.csv,Subject-level delta after contamination/checkpoint/classifier-seed nuisance aggregation
subject,EMG,emg,eegconformer,EEGConformer,16,A08,-0.053437201038677,,,,9,subject,3.0,3.0,3.0,27.0,runs/hierarchical_downstream_stats_20260815_000000/hierarchical_subject_deltas.csv,Subject-level delta after contamination/checkpoint/classifier-seed nuisance aggregation
subject,EMG,emg,eegconformer,EEGConformer,16,A09,-0.0074354657687991,,,,9,subject,3.0,3.0,3.0,27.0,runs/hierarchical_downstream_stats_20260815_000000/hierarchical_subject_deltas.csv,Subject-level delta after contamination/checkpoint/classifier-seed nuisance aggregation
mean_ci,EMG,emg,eegconformer,EEGConformer,16,,,-0.0569884220114053,-0.0794611319811481,-0.0344383122120397,9,subject,,,,,runs/hierarchical_downstream_stats_20260815_000000/hierarchical_confirmatory_effects.csv,Mean and 95% subject-bootstrap CI across n=9 subjects
subject,EMG,emg,eegnet,EEGNet,16,A01,0.0317648609463556,,,,9,subject,3.0,3.0,3.0,27.0,runs/hierarchical_downstream_stats_20260815_000000/hierarchical_subject_deltas.csv,Subject-level delta after contamination/checkpoint/classifier-seed nuisance aggregation
subject,EMG,emg,eegnet,EEGNet,16,A02,-0.0172752257557911,,,,9,subject,3.0,3.0,3.0,27.0,runs/hierarchical_downstream_stats_20260815_000000/hierarchical_subject_deltas.csv,Subject-level delta after contamination/checkpoint/classifier-seed nuisance aggregation
subject,EMG,emg,eegnet,EEGNet,16,A03,-0.0522317188983855,,,,9,subject,3.0,3.0,3.0,27.0,runs/hierarchical_downstream_stats_20260815_000000/hierarchical_subject_deltas.csv,Subject-level delta after contamination/checkpoint/classifier-seed nuisance aggregation
subject,EMG,emg,eegnet,EEGNet,16,A04,-0.0597790773229369,,,,9,subject,3.0,3.0,3.0,27.0,runs/hierarchical_downstream_stats_20260815_000000/hierarchical_subject_deltas.csv,Subject-level delta after contamination/checkpoint/classifier-seed nuisance aggregation
subject,EMG,emg,eegnet,EEGNet,16,A05,-0.0085882984433709,,,,9,subject,3.0,3.0,3.0,27.0,runs/hierarchical_downstream_stats_20260815_000000/hierarchical_subject_deltas.csv,Subject-level delta after contamination/checkpoint/classifier-seed nuisance aggregation
subject,EMG,emg,eegnet,EEGNet,16,A06,0.0287683031869078,,,,9,subject,3.0,3.0,3.0,27.0,runs/hierarchical_downstream_stats_20260815_000000/hierarchical_subject_deltas.csv,Subject-level delta after contamination/checkpoint/classifier-seed nuisance aggregation
subject,EMG,emg,eegnet,EEGNet,16,A07,0.0171145875116994,,,,9,subject,3.0,3.0,3.0,27.0,runs/hierarchical_downstream_stats_20260815_000000/hierarchical_subject_deltas.csv,Subject-level delta after contamination/checkpoint/classifier-seed nuisance aggregation
subject,EMG,emg,eegnet,EEGNet,16,A08,-0.04236709033757,,,,9,subject,3.0,3.0,3.0,27.0,runs/hierarchical_downstream_stats_20260815_000000/hierarchical_subject_deltas.csv,Subject-level delta after contamination/checkpoint/classifier-seed nuisance aggregation
subject,EMG,emg,eegnet,EEGNet,16,A09,-0.0043490460157126,,,,9,subject,3.0,3.0,3.0,27.0,runs/hierarchical_downstream_stats_20260815_000000/hierarchical_subject_deltas.csv,Subject-level delta after contamination/checkpoint/classifier-seed nuisance aggregation
mean_ci,EMG,emg,eegnet,EEGNet,16,,,-0.0118825227920893,-0.0328623825834635,0.008944564723336,9,subject,,,,,runs/hierarchical_downstream_stats_20260815_000000/hierarchical_confirmatory_effects.csv,Mean and 95% subject-bootstrap CI across n=9 subjects
subject,EMG,emg,deep4net,Deep4Net,16,A01,-0.0469223672070647,,,,9,subject,3.0,3.0,3.0,27.0,runs/hierarchical_downstream_stats_20260815_000000/hierarchical_subject_deltas.csv,Subject-level delta after contamination/checkpoint/classifier-seed nuisance aggregation
subject,EMG,emg,deep4net,Deep4Net,16,A02,-0.0068053919644025,,,,9,subject,3.0,3.0,3.0,27.0,runs/hierarchical_downstream_stats_20260815_000000/hierarchical_subject_deltas.csv,Subject-level delta after contamination/checkpoint/classifier-seed nuisance aggregation
subject,EMG,emg,deep4net,Deep4Net,16,A03,0.0058336725003391,,,,9,subject,3.0,3.0,3.0,27.0,runs/hierarchical_downstream_stats_20260815_000000/hierarchical_subject_deltas.csv,Subject-level delta after contamination/checkpoint/classifier-seed nuisance aggregation
subject,EMG,emg,deep4net,Deep4Net,16,A04,-0.0159194282001299,,,,9,subject,3.0,3.0,3.0,27.0,runs/hierarchical_downstream_stats_20260815_000000/hierarchical_subject_deltas.csv,Subject-level delta after contamination/checkpoint/classifier-seed nuisance aggregation
subject,EMG,emg,deep4net,Deep4Net,16,A05,0.0100644122383252,,,,9,subject,3.0,3.0,3.0,27.0,runs/hierarchical_downstream_stats_20260815_000000/hierarchical_subject_deltas.csv,Subject-level delta after contamination/checkpoint/classifier-seed nuisance aggregation
subject,EMG,emg,deep4net,Deep4Net,16,A06,0.0058570198105081,,,,9,subject,3.0,3.0,3.0,27.0,runs/hierarchical_downstream_stats_20260815_000000/hierarchical_subject_deltas.csv,Subject-level delta after contamination/checkpoint/classifier-seed nuisance aggregation
subject,EMG,emg,deep4net,Deep4Net,16,A07,-0.0830324909747292,,,,9,subject,3.0,3.0,3.0,27.0,runs/hierarchical_downstream_stats_20260815_000000/hierarchical_subject_deltas.csv,Subject-level delta after contamination/checkpoint/classifier-seed nuisance aggregation
subject,EMG,emg,deep4net,Deep4Net,16,A08,-0.006696733634003,,,,9,subject,3.0,3.0,3.0,27.0,runs/hierarchical_downstream_stats_20260815_000000/hierarchical_subject_deltas.csv,Subject-level delta after contamination/checkpoint/classifier-seed nuisance aggregation
subject,EMG,emg,deep4net,Deep4Net,16,A09,-0.015432098765432,,,,9,subject,3.0,3.0,3.0,27.0,runs/hierarchical_downstream_stats_20260815_000000/hierarchical_subject_deltas.csv,Subject-level delta after contamination/checkpoint/classifier-seed nuisance aggregation
mean_ci,EMG,emg,deep4net,Deep4Net,16,,,-0.0170059340218432,-0.0371164442962453,-0.0007879783273034,9,subject,,,,,runs/hierarchical_downstream_stats_20260815_000000/hierarchical_confirmatory_effects.csv,Mean and 95% subject-bootstrap CI across n=9 subjects
subject,EOG+EMG+LINE,eog_emg_line,csp_lda,CSP+LDA,16,A01,-0.1916014234875445,,,,9,subject,5.0,5.0,0.0,25.0,runs/hierarchical_downstream_stats_20260815_000000/hierarchical_subject_deltas.csv,Subject-level delta after contamination/checkpoint/classifier-seed nuisance aggregation
subject,EOG+EMG+LINE,eog_emg_line,csp_lda,CSP+LDA,16,A02,-0.2192226148409894,,,,9,subject,5.0,5.0,0.0,25.0,runs/hierarchical_downstream_stats_20260815_000000/hierarchical_subject_deltas.csv,Subject-level delta after contamination/checkpoint/classifier-seed nuisance aggregation
subject,EOG+EMG+LINE,eog_emg_line,csp_lda,CSP+LDA,16,A03,-0.0962637362637362,,,,9,subject,5.0,5.0,0.0,25.0,runs/hierarchical_downstream_stats_20260815_000000/hierarchical_subject_deltas.csv,Subject-level delta after contamination/checkpoint/classifier-seed nuisance aggregation
subject,EOG+EMG+LINE,eog_emg_line,csp_lda,CSP+LDA,16,A04,-0.1942105263157894,,,,9,subject,5.0,5.0,0.0,25.0,runs/hierarchical_downstream_stats_20260815_000000/hierarchical_subject_deltas.csv,Subject-level delta after contamination/checkpoint/classifier-seed nuisance aggregation
subject,EOG+EMG+LINE,eog_emg_line,csp_lda,CSP+LDA,16,A05,0.0114492753623188,,,,9,subject,5.0,5.0,0.0,25.0,runs/hierarchical_downstream_stats_20260815_000000/hierarchical_subject_deltas.csv,Subject-level delta after contamination/checkpoint/classifier-seed nuisance aggregation
subject,EOG+EMG+LINE,eog_emg_line,csp_lda,CSP+LDA,16,A06,-0.0465116279069767,,,,9,subject,5.0,5.0,0.0,25.0,runs/hierarchical_downstream_stats_20260815_000000/hierarchical_subject_deltas.csv,Subject-level delta after contamination/checkpoint/classifier-seed nuisance aggregation
subject,EOG+EMG+LINE,eog_emg_line,csp_lda,CSP+LDA,16,A07,-0.0828880866425992,,,,9,subject,5.0,5.0,0.0,25.0,runs/hierarchical_downstream_stats_20260815_000000/hierarchical_subject_deltas.csv,Subject-level delta after contamination/checkpoint/classifier-seed nuisance aggregation
subject,EOG+EMG+LINE,eog_emg_line,csp_lda,CSP+LDA,16,A08,-0.0853136531365313,,,,9,subject,5.0,5.0,0.0,25.0,runs/hierarchical_downstream_stats_20260815_000000/hierarchical_subject_deltas.csv,Subject-level delta after contamination/checkpoint/classifier-seed nuisance aggregation
subject,EOG+EMG+LINE,eog_emg_line,csp_lda,CSP+LDA,16,A09,0.0127272727272727,,,,9,subject,5.0,5.0,0.0,25.0,runs/hierarchical_downstream_stats_20260815_000000/hierarchical_subject_deltas.csv,Subject-level delta after contamination/checkpoint/classifier-seed nuisance aggregation
mean_ci,EOG+EMG+LINE,eog_emg_line,csp_lda,CSP+LDA,16,,,-0.099092791167175,-0.1522712945250586,-0.04559583139898,9,subject,,,,,runs/hierarchical_downstream_stats_20260815_000000/hierarchical_confirmatory_effects.csv,Mean and 95% subject-bootstrap CI across n=9 subjects
subject,EOG+EMG+LINE,eog_emg_line,shallowfbcsp,ShallowFBCSPNet,16,A01,-0.0956899960458679,,,,9,subject,3.0,3.0,3.0,27.0,runs/hierarchical_downstream_stats_20260815_000000/hierarchical_subject_deltas.csv,Subject-level delta after contamination/checkpoint/classifier-seed nuisance aggregation
subject,EOG+EMG+LINE,eog_emg_line,shallowfbcsp,ShallowFBCSPNet,16,A02,-0.1185708676874754,,,,9,subject,3.0,3.0,3.0,27.0,runs/hierarchical_downstream_stats_20260815_000000/hierarchical_subject_deltas.csv,Subject-level delta after contamination/checkpoint/classifier-seed nuisance aggregation
subject,EOG+EMG+LINE,eog_emg_line,shallowfbcsp,ShallowFBCSPNet,16,A03,-0.0619997286663953,,,,9,subject,3.0,3.0,3.0,27.0,runs/hierarchical_downstream_stats_20260815_000000/hierarchical_subject_deltas.csv,Subject-level delta after contamination/checkpoint/classifier-seed nuisance aggregation
subject,EOG+EMG+LINE,eog_emg_line,shallowfbcsp,ShallowFBCSPNet,16,A04,-0.0782975958414554,,,,9,subject,3.0,3.0,3.0,27.0,runs/hierarchical_downstream_stats_20260815_000000/hierarchical_subject_deltas.csv,Subject-level delta after contamination/checkpoint/classifier-seed nuisance aggregation
subject,EOG+EMG+LINE,eog_emg_line,shallowfbcsp,ShallowFBCSPNet,16,A05,-0.0077831454643048,,,,9,subject,3.0,3.0,3.0,27.0,runs/hierarchical_downstream_stats_20260815_000000/hierarchical_subject_deltas.csv,Subject-level delta after contamination/checkpoint/classifier-seed nuisance aggregation
subject,EOG+EMG+LINE,eog_emg_line,shallowfbcsp,ShallowFBCSPNet,16,A06,-0.0056847545219638,,,,9,subject,3.0,3.0,3.0,27.0,runs/hierarchical_downstream_stats_20260815_000000/hierarchical_subject_deltas.csv,Subject-level delta after contamination/checkpoint/classifier-seed nuisance aggregation
subject,EOG+EMG+LINE,eog_emg_line,shallowfbcsp,ShallowFBCSPNet,16,A07,-0.1161920042786468,,,,9,subject,3.0,3.0,3.0,27.0,runs/hierarchical_downstream_stats_20260815_000000/hierarchical_subject_deltas.csv,Subject-level delta after contamination/checkpoint/classifier-seed nuisance aggregation
subject,EOG+EMG+LINE,eog_emg_line,shallowfbcsp,ShallowFBCSPNet,16,A08,-0.01776684433511,,,,9,subject,3.0,3.0,3.0,27.0,runs/hierarchical_downstream_stats_20260815_000000/hierarchical_subject_deltas.csv,Subject-level delta after contamination/checkpoint/classifier-seed nuisance aggregation
subject,EOG+EMG+LINE,eog_emg_line,shallowfbcsp,ShallowFBCSPNet,16,A09,-0.0123456790123456,,,,9,subject,3.0,3.0,3.0,27.0,runs/hierarchical_downstream_stats_20260815_000000/hierarchical_subject_deltas.csv,Subject-level delta after contamination/checkpoint/classifier-seed nuisance aggregation
mean_ci,EOG+EMG+LINE,eog_emg_line,shallowfbcsp,ShallowFBCSPNet,16,,,-0.0571478462059517,-0.0866514659593066,-0.0283448482721661,9,subject,,,,,runs/hierarchical_downstream_stats_20260815_000000/hierarchical_confirmatory_effects.csv,Mean and 95% subject-bootstrap CI across n=9 subjects
subject,EOG+EMG+LINE,eog_emg_line,eegconformer,EEGConformer,16,A01,-0.0909450375642546,,,,9,subject,3.0,3.0,3.0,27.0,runs/hierarchical_downstream_stats_20260815_000000/hierarchical_subject_deltas.csv,Subject-level delta after contamination/checkpoint/classifier-seed nuisance aggregation
subject,EOG+EMG+LINE,eog_emg_line,eegconformer,EEGConformer,16,A02,-0.0478994895956026,,,,9,subject,3.0,3.0,3.0,27.0,runs/hierarchical_downstream_stats_20260815_000000/hierarchical_subject_deltas.csv,Subject-level delta after contamination/checkpoint/classifier-seed nuisance aggregation
subject,EOG+EMG+LINE,eog_emg_line,eegconformer,EEGConformer,16,A03,-0.0615927282593949,,,,9,subject,3.0,3.0,3.0,27.0,runs/hierarchical_downstream_stats_20260815_000000/hierarchical_subject_deltas.csv,Subject-level delta after contamination/checkpoint/classifier-seed nuisance aggregation
subject,EOG+EMG+LINE,eog_emg_line,eegconformer,EEGConformer,16,A04,-0.0419103313840155,,,,9,subject,3.0,3.0,3.0,27.0,runs/hierarchical_downstream_stats_20260815_000000/hierarchical_subject_deltas.csv,Subject-level delta after contamination/checkpoint/classifier-seed nuisance aggregation
subject,EOG+EMG+LINE,eog_emg_line,eegconformer,EEGConformer,16,A05,-0.0151637144390767,,,,9,subject,3.0,3.0,3.0,27.0,runs/hierarchical_downstream_stats_20260815_000000/hierarchical_subject_deltas.csv,Subject-level delta after contamination/checkpoint/classifier-seed nuisance aggregation
subject,EOG+EMG+LINE,eog_emg_line,eegconformer,EEGConformer,16,A06,-0.0482342807924203,,,,9,subject,3.0,3.0,3.0,27.0,runs/hierarchical_downstream_stats_20260815_000000/hierarchical_subject_deltas.csv,Subject-level delta after contamination/checkpoint/classifier-seed nuisance aggregation
subject,EOG+EMG+LINE,eog_emg_line,eegconformer,EEGConformer,16,A07,-0.0726032892097874,,,,9,subject,3.0,3.0,3.0,27.0,runs/hierarchical_downstream_stats_20260815_000000/hierarchical_subject_deltas.csv,Subject-level delta after contamination/checkpoint/classifier-seed nuisance aggregation
subject,EOG+EMG+LINE,eog_emg_line,eegconformer,EEGConformer,16,A08,-0.052207188738554,,,,9,subject,3.0,3.0,3.0,27.0,runs/hierarchical_downstream_stats_20260815_000000/hierarchical_subject_deltas.csv,Subject-level delta after contamination/checkpoint/classifier-seed nuisance aggregation
subject,EOG+EMG+LINE,eog_emg_line,eegconformer,EEGConformer,16,A09,0.0242704826038159,,,,9,subject,3.0,3.0,3.0,27.0,runs/hierarchical_downstream_stats_20260815_000000/hierarchical_subject_deltas.csv,Subject-level delta after contamination/checkpoint/classifier-seed nuisance aggregation
mean_ci,EOG+EMG+LINE,eog_emg_line,eegconformer,EEGConformer,16,,,-0.0451428419310322,-0.0638067141165028,-0.0230242244079093,9,subject,,,,,runs/hierarchical_downstream_stats_20260815_000000/hierarchical_confirmatory_effects.csv,Mean and 95% subject-bootstrap CI across n=9 subjects
subject,EOG+EMG+LINE,eog_emg_line,eegnet,EEGNet,16,A01,0.0342691445894292,,,,9,subject,3.0,3.0,3.0,27.0,runs/hierarchical_downstream_stats_20260815_000000/hierarchical_subject_deltas.csv,Subject-level delta after contamination/checkpoint/classifier-seed nuisance aggregation
subject,EOG+EMG+LINE,eog_emg_line,eegnet,EEGNet,16,A02,-0.0206779217379924,,,,9,subject,3.0,3.0,3.0,27.0,runs/hierarchical_downstream_stats_20260815_000000/hierarchical_subject_deltas.csv,Subject-level delta after contamination/checkpoint/classifier-seed nuisance aggregation
subject,EOG+EMG+LINE,eog_emg_line,eegnet,EEGNet,16,A03,-0.0468050468050468,,,,9,subject,3.0,3.0,3.0,27.0,runs/hierarchical_downstream_stats_20260815_000000/hierarchical_subject_deltas.csv,Subject-level delta after contamination/checkpoint/classifier-seed nuisance aggregation
subject,EOG+EMG+LINE,eog_emg_line,eegnet,EEGNet,16,A04,-0.0423976608187134,,,,9,subject,3.0,3.0,3.0,27.0,runs/hierarchical_downstream_stats_20260815_000000/hierarchical_subject_deltas.csv,Subject-level delta after contamination/checkpoint/classifier-seed nuisance aggregation
subject,EOG+EMG+LINE,eog_emg_line,eegnet,EEGNet,16,A05,-0.0108695652173913,,,,9,subject,3.0,3.0,3.0,27.0,runs/hierarchical_downstream_stats_20260815_000000/hierarchical_subject_deltas.csv,Subject-level delta after contamination/checkpoint/classifier-seed nuisance aggregation
subject,EOG+EMG+LINE,eog_emg_line,eegnet,EEGNet,16,A06,0.0628768303186907,,,,9,subject,3.0,3.0,3.0,27.0,runs/hierarchical_downstream_stats_20260815_000000/hierarchical_subject_deltas.csv,Subject-level delta after contamination/checkpoint/classifier-seed nuisance aggregation
subject,EOG+EMG+LINE,eog_emg_line,eegnet,EEGNet,16,A07,-0.0018719080090921,,,,9,subject,3.0,3.0,3.0,27.0,runs/hierarchical_downstream_stats_20260815_000000/hierarchical_subject_deltas.csv,Subject-level delta after contamination/checkpoint/classifier-seed nuisance aggregation
subject,EOG+EMG+LINE,eog_emg_line,eegnet,EEGNet,16,A08,-0.007106737734044,,,,9,subject,3.0,3.0,3.0,27.0,runs/hierarchical_downstream_stats_20260815_000000/hierarchical_subject_deltas.csv,Subject-level delta after contamination/checkpoint/classifier-seed nuisance aggregation
subject,EOG+EMG+LINE,eog_emg_line,eegnet,EEGNet,16,A09,0.0218855218855218,,,,9,subject,3.0,3.0,3.0,27.0,runs/hierarchical_downstream_stats_20260815_000000/hierarchical_subject_deltas.csv,Subject-level delta after contamination/checkpoint/classifier-seed nuisance aggregation
mean_ci,EOG+EMG+LINE,eog_emg_line,eegnet,EEGNet,16,,,-0.0011885937254042,-0.0222375363310487,0.0214441606520049,9,subject,,,,,runs/hierarchical_downstream_stats_20260815_000000/hierarchical_confirmatory_effects.csv,Mean and 95% subject-bootstrap CI across n=9 subjects
subject,EOG+EMG+LINE,eog_emg_line,deep4net,Deep4Net,16,A01,-0.0376960590483722,,,,9,subject,3.0,3.0,3.0,27.0,runs/hierarchical_downstream_stats_20260815_000000/hierarchical_subject_deltas.csv,Subject-level delta after contamination/checkpoint/classifier-seed nuisance aggregation
subject,EOG+EMG+LINE,eog_emg_line,deep4net,Deep4Net,16,A02,0.0283994241591414,,,,9,subject,3.0,3.0,3.0,27.0,runs/hierarchical_downstream_stats_20260815_000000/hierarchical_subject_deltas.csv,Subject-level delta after contamination/checkpoint/classifier-seed nuisance aggregation
subject,EOG+EMG+LINE,eog_emg_line,deep4net,Deep4Net,16,A03,0.0073260073260073,,,,9,subject,3.0,3.0,3.0,27.0,runs/hierarchical_downstream_stats_20260815_000000/hierarchical_subject_deltas.csv,Subject-level delta after contamination/checkpoint/classifier-seed nuisance aggregation
subject,EOG+EMG+LINE,eog_emg_line,deep4net,Deep4Net,16,A04,-0.0053606237816764,,,,9,subject,3.0,3.0,3.0,27.0,runs/hierarchical_downstream_stats_20260815_000000/hierarchical_subject_deltas.csv,Subject-level delta after contamination/checkpoint/classifier-seed nuisance aggregation
subject,EOG+EMG+LINE,eog_emg_line,deep4net,Deep4Net,16,A05,0.0203972088030059,,,,9,subject,3.0,3.0,3.0,27.0,runs/hierarchical_downstream_stats_20260815_000000/hierarchical_subject_deltas.csv,Subject-level delta after contamination/checkpoint/classifier-seed nuisance aggregation
subject,EOG+EMG+LINE,eog_emg_line,deep4net,Deep4Net,16,A06,-0.0001722652885443,,,,9,subject,3.0,3.0,3.0,27.0,runs/hierarchical_downstream_stats_20260815_000000/hierarchical_subject_deltas.csv,Subject-level delta after contamination/checkpoint/classifier-seed nuisance aggregation
subject,EOG+EMG+LINE,eog_emg_line,deep4net,Deep4Net,16,A07,-0.0279449124214467,,,,9,subject,3.0,3.0,3.0,27.0,runs/hierarchical_downstream_stats_20260815_000000/hierarchical_subject_deltas.csv,Subject-level delta after contamination/checkpoint/classifier-seed nuisance aggregation
subject,EOG+EMG+LINE,eog_emg_line,deep4net,Deep4Net,16,A08,0.010113434467678,,,,9,subject,3.0,3.0,3.0,27.0,runs/hierarchical_downstream_stats_20260815_000000/hierarchical_subject_deltas.csv,Subject-level delta after contamination/checkpoint/classifier-seed nuisance aggregation
subject,EOG+EMG+LINE,eog_emg_line,deep4net,Deep4Net,16,A09,0.0015432098765432,,,,9,subject,3.0,3.0,3.0,27.0,runs/hierarchical_downstream_stats_20260815_000000/hierarchical_subject_deltas.csv,Subject-level delta after contamination/checkpoint/classifier-seed nuisance aggregation
mean_ci,EOG+EMG+LINE,eog_emg_line,deep4net,Deep4Net,16,,,-0.0003771751008515,-0.0137283435513398,0.011979913286776,9,subject,,,,,runs/hierarchical_downstream_stats_20260815_000000/hierarchical_confirmatory_effects.csv,Mean and 95% subject-bootstrap CI across n=9 subjects
