fraction_sources,n_sources,reuse_count,source_type,split,source_file
0.0002769315978953,1,171,clean,train,runs/a11_mixed1m_source_reuse_20260816_140553/a11_reuse_count_histogram.csv
0.0002769315978953,1,172,clean,train,runs/a11_mixed1m_source_reuse_20260816_140553/a11_reuse_count_histogram.csv
0.0002769315978953,1,174,clean,train,runs/a11_mixed1m_source_reuse_20260816_140553/a11_reuse_count_histogram.csv
0.0005538631957906,2,175,clean,train,runs/a11_mixed1m_source_reuse_20260816_140553/a11_reuse_count_histogram.csv
0.0002769315978953,1,176,clean,train,runs/a11_mixed1m_source_reuse_20260816_140553/a11_reuse_count_histogram.csv
0.0005538631957906,2,177,clean,train,runs/a11_mixed1m_source_reuse_20260816_140553/a11_reuse_count_histogram.csv
0.0005538631957906,2,179,clean,train,runs/a11_mixed1m_source_reuse_20260816_140553/a11_reuse_count_histogram.csv
0.0005538631957906,2,180,clean,train,runs/a11_mixed1m_source_reuse_20260816_140553/a11_reuse_count_histogram.csv
0.0008307947936859,3,182,clean,train,runs/a11_mixed1m_source_reuse_20260816_140553/a11_reuse_count_histogram.csv
0.0008307947936859,3,183,clean,train,runs/a11_mixed1m_source_reuse_20260816_140553/a11_reuse_count_histogram.csv
0.0019385211852672,7,184,clean,train,runs/a11_mixed1m_source_reuse_20260816_140553/a11_reuse_count_histogram.csv
0.0002769315978953,1,185,clean,train,runs/a11_mixed1m_source_reuse_20260816_140553/a11_reuse_count_histogram.csv
0.0008307947936859,3,186,clean,train,runs/a11_mixed1m_source_reuse_20260816_140553/a11_reuse_count_histogram.csv
0.0013846579894765,5,187,clean,train,runs/a11_mixed1m_source_reuse_20260816_140553/a11_reuse_count_histogram.csv
0.0024923843810578,9,188,clean,train,runs/a11_mixed1m_source_reuse_20260816_140553/a11_reuse_count_histogram.csv
0.0024923843810578,9,189,clean,train,runs/a11_mixed1m_source_reuse_20260816_140553/a11_reuse_count_histogram.csv
0.0041539739684297,15,190,clean,train,runs/a11_mixed1m_source_reuse_20260816_140553/a11_reuse_count_histogram.csv
0.0019385211852672,7,191,clean,train,runs/a11_mixed1m_source_reuse_20260816_140553/a11_reuse_count_histogram.csv
0.0033231791747438,12,192,clean,train,runs/a11_mixed1m_source_reuse_20260816_140553/a11_reuse_count_histogram.csv
0.0038770423705344,14,193,clean,train,runs/a11_mixed1m_source_reuse_20260816_140553/a11_reuse_count_histogram.csv
0.0036001107726391,13,194,clean,train,runs/a11_mixed1m_source_reuse_20260816_140553/a11_reuse_count_histogram.csv
0.0063694267515923,23,195,clean,train,runs/a11_mixed1m_source_reuse_20260816_140553/a11_reuse_count_histogram.csv
0.0069232899473829,25,196,clean,train,runs/a11_mixed1m_source_reuse_20260816_140553/a11_reuse_count_histogram.csv
0.0049847687621157,18,197,clean,train,runs/a11_mixed1m_source_reuse_20260816_140553/a11_reuse_count_histogram.csv
0.0091387427305455,33,198,clean,train,runs/a11_mixed1m_source_reuse_20260816_140553/a11_reuse_count_histogram.csv
0.0096926059263361,35,199,clean,train,runs/a11_mixed1m_source_reuse_20260816_140553/a11_reuse_count_histogram.csv
0.0108003323179174,39,200,clean,train,runs/a11_mixed1m_source_reuse_20260816_140553/a11_reuse_count_histogram.csv
0.0102464691221268,37,201,clean,train,runs/a11_mixed1m_source_reuse_20260816_140553/a11_reuse_count_histogram.csv
0.0063694267515923,23,202,clean,train,runs/a11_mixed1m_source_reuse_20260816_140553/a11_reuse_count_histogram.csv
0.0110772639158127,40,203,clean,train,runs/a11_mixed1m_source_reuse_20260816_140553/a11_reuse_count_histogram.csv
0.0135696482968706,49,204,clean,train,runs/a11_mixed1m_source_reuse_20260816_140553/a11_reuse_count_histogram.csv
0.012184990307394,44,205,clean,train,runs/a11_mixed1m_source_reuse_20260816_140553/a11_reuse_count_histogram.csv
0.0149543062863472,54,206,clean,train,runs/a11_mixed1m_source_reuse_20260816_140553/a11_reuse_count_histogram.csv
0.0196621434505677,71,207,clean,train,runs/a11_mixed1m_source_reuse_20260816_140553/a11_reuse_count_histogram.csv
0.0138465798947659,50,208,clean,train,runs/a11_mixed1m_source_reuse_20260816_140553/a11_reuse_count_histogram.csv
0.0202160066463583,73,209,clean,train,runs/a11_mixed1m_source_reuse_20260816_140553/a11_reuse_count_histogram.csv
0.0238161174189975,86,210,clean,train,runs/a11_mixed1m_source_reuse_20260816_140553/a11_reuse_count_histogram.csv
0.0243699806147881,88,211,clean,train,runs/a11_mixed1m_source_reuse_20260816_140553/a11_reuse_count_histogram.csv
0.0221545278316255,80,212,clean,train,runs/a11_mixed1m_source_reuse_20260816_140553/a11_reuse_count_histogram.csv
0.0257546386042647,93,213,clean,train,runs/a11_mixed1m_source_reuse_20260816_140553/a11_reuse_count_histogram.csv
0.0246469122126834,89,214,clean,train,runs/a11_mixed1m_source_reuse_20260816_140553/a11_reuse_count_histogram.csv
0.0254777070063694,92,215,clean,train,runs/a11_mixed1m_source_reuse_20260816_140553/a11_reuse_count_histogram.csv
0.0271392965937413,98,216,clean,train,runs/a11_mixed1m_source_reuse_20260816_140553/a11_reuse_count_histogram.csv
0.0282470229853226,102,217,clean,train,runs/a11_mixed1m_source_reuse_20260816_140553/a11_reuse_count_histogram.csv
0.0282470229853226,102,218,clean,train,runs/a11_mixed1m_source_reuse_20260816_140553/a11_reuse_count_histogram.csv
0.0279700913874273,101,219,clean,train,runs/a11_mixed1m_source_reuse_20260816_140553/a11_reuse_count_histogram.csv
0.0285239545832179,103,220,clean,train,runs/a11_mixed1m_source_reuse_20260816_140553/a11_reuse_count_histogram.csv
0.0227083910274162,82,221,clean,train,runs/a11_mixed1m_source_reuse_20260816_140553/a11_reuse_count_histogram.csv
0.0310163389642758,112,222,clean,train,runs/a11_mixed1m_source_reuse_20260816_140553/a11_reuse_count_histogram.csv
0.0216006646358349,78,223,clean,train,runs/a11_mixed1m_source_reuse_20260816_140553/a11_reuse_count_histogram.csv
0.0274162281916366,99,224,clean,train,runs/a11_mixed1m_source_reuse_20260816_140553/a11_reuse_count_histogram.csv
0.0265854333979507,96,225,clean,train,runs/a11_mixed1m_source_reuse_20260816_140553/a11_reuse_count_histogram.csv
0.0216006646358349,78,226,clean,train,runs/a11_mixed1m_source_reuse_20260816_140553/a11_reuse_count_histogram.csv
0.0232622542232068,84,227,clean,train,runs/a11_mixed1m_source_reuse_20260816_140553/a11_reuse_count_histogram.csv
0.0229853226253115,83,228,clean,train,runs/a11_mixed1m_source_reuse_20260816_140553/a11_reuse_count_histogram.csv
0.0238161174189975,86,229,clean,train,runs/a11_mixed1m_source_reuse_20260816_140553/a11_reuse_count_histogram.csv
0.0216006646358349,78,230,clean,train,runs/a11_mixed1m_source_reuse_20260816_140553/a11_reuse_count_histogram.csv
0.0218775962337302,79,231,clean,train,runs/a11_mixed1m_source_reuse_20260816_140553/a11_reuse_count_histogram.csv
0.0174466906674051,63,232,clean,train,runs/a11_mixed1m_source_reuse_20260816_140553/a11_reuse_count_histogram.csv
0.0193852118526723,70,233,clean,train,runs/a11_mixed1m_source_reuse_20260816_140553/a11_reuse_count_histogram.csv
0.0180005538631957,65,234,clean,train,runs/a11_mixed1m_source_reuse_20260816_140553/a11_reuse_count_histogram.csv
0.0182774854610911,66,235,clean,train,runs/a11_mixed1m_source_reuse_20260816_140553/a11_reuse_count_histogram.csv
0.0157851010800332,57,236,clean,train,runs/a11_mixed1m_source_reuse_20260816_140553/a11_reuse_count_histogram.csv
0.0141235114926613,51,237,clean,train,runs/a11_mixed1m_source_reuse_20260816_140553/a11_reuse_count_histogram.csv
0.0157851010800332,57,238,clean,train,runs/a11_mixed1m_source_reuse_20260816_140553/a11_reuse_count_histogram.csv
0.0110772639158127,40,239,clean,train,runs/a11_mixed1m_source_reuse_20260816_140553/a11_reuse_count_histogram.csv
0.0113541955137081,41,240,clean,train,runs/a11_mixed1m_source_reuse_20260816_140553/a11_reuse_count_histogram.csv
0.0124619219052893,45,241,clean,train,runs/a11_mixed1m_source_reuse_20260816_140553/a11_reuse_count_histogram.csv
0.0080310163389642,29,242,clean,train,runs/a11_mixed1m_source_reuse_20260816_140553/a11_reuse_count_histogram.csv
0.0085848795347549,31,243,clean,train,runs/a11_mixed1m_source_reuse_20260816_140553/a11_reuse_count_histogram.csv
0.0099695375242315,36,244,clean,train,runs/a11_mixed1m_source_reuse_20260816_140553/a11_reuse_count_histogram.csv
0.0077540847410689,28,245,clean,train,runs/a11_mixed1m_source_reuse_20260816_140553/a11_reuse_count_histogram.csv
0.005261700360011,19,246,clean,train,runs/a11_mixed1m_source_reuse_20260816_140553/a11_reuse_count_histogram.csv
0.0077540847410689,28,247,clean,train,runs/a11_mixed1m_source_reuse_20260816_140553/a11_reuse_count_histogram.csv
0.0049847687621157,18,248,clean,train,runs/a11_mixed1m_source_reuse_20260816_140553/a11_reuse_count_histogram.csv
0.006092495153697,22,249,clean,train,runs/a11_mixed1m_source_reuse_20260816_140553/a11_reuse_count_histogram.csv
0.005261700360011,19,250,clean,train,runs/a11_mixed1m_source_reuse_20260816_140553/a11_reuse_count_histogram.csv
0.0038770423705344,14,251,clean,train,runs/a11_mixed1m_source_reuse_20260816_140553/a11_reuse_count_histogram.csv
0.0049847687621157,18,252,clean,train,runs/a11_mixed1m_source_reuse_20260816_140553/a11_reuse_count_histogram.csv
0.0038770423705344,14,253,clean,train,runs/a11_mixed1m_source_reuse_20260816_140553/a11_reuse_count_histogram.csv
0.0036001107726391,13,254,clean,train,runs/a11_mixed1m_source_reuse_20260816_140553/a11_reuse_count_histogram.csv
0.0022154527831625,8,255,clean,train,runs/a11_mixed1m_source_reuse_20260816_140553/a11_reuse_count_histogram.csv
0.0019385211852672,7,256,clean,train,runs/a11_mixed1m_source_reuse_20260816_140553/a11_reuse_count_histogram.csv
0.0022154527831625,8,257,clean,train,runs/a11_mixed1m_source_reuse_20260816_140553/a11_reuse_count_histogram.csv
0.0011077263915812,4,258,clean,train,runs/a11_mixed1m_source_reuse_20260816_140553/a11_reuse_count_histogram.csv
0.0013846579894765,5,259,clean,train,runs/a11_mixed1m_source_reuse_20260816_140553/a11_reuse_count_histogram.csv
0.0008307947936859,3,260,clean,train,runs/a11_mixed1m_source_reuse_20260816_140553/a11_reuse_count_histogram.csv
0.0011077263915812,4,261,clean,train,runs/a11_mixed1m_source_reuse_20260816_140553/a11_reuse_count_histogram.csv
0.0005538631957906,2,262,clean,train,runs/a11_mixed1m_source_reuse_20260816_140553/a11_reuse_count_histogram.csv
0.0005538631957906,2,264,clean,train,runs/a11_mixed1m_source_reuse_20260816_140553/a11_reuse_count_histogram.csv
0.0011077263915812,4,265,clean,train,runs/a11_mixed1m_source_reuse_20260816_140553/a11_reuse_count_histogram.csv
0.0005538631957906,2,266,clean,train,runs/a11_mixed1m_source_reuse_20260816_140553/a11_reuse_count_histogram.csv
0.0002769315978953,1,267,clean,train,runs/a11_mixed1m_source_reuse_20260816_140553/a11_reuse_count_histogram.csv
0.0002769315978953,1,273,clean,train,runs/a11_mixed1m_source_reuse_20260816_140553/a11_reuse_count_histogram.csv
0.0003676470588235,1,141,eog,train,runs/a11_mixed1m_source_reuse_20260816_140553/a11_reuse_count_histogram.csv
0.0003676470588235,1,145,eog,train,runs/a11_mixed1m_source_reuse_20260816_140553/a11_reuse_count_histogram.csv
0.000735294117647,2,148,eog,train,runs/a11_mixed1m_source_reuse_20260816_140553/a11_reuse_count_histogram.csv
0.0003676470588235,1,152,eog,train,runs/a11_mixed1m_source_reuse_20260816_140553/a11_reuse_count_histogram.csv
0.0014705882352941,4,153,eog,train,runs/a11_mixed1m_source_reuse_20260816_140553/a11_reuse_count_histogram.csv
0.0014705882352941,4,154,eog,train,runs/a11_mixed1m_source_reuse_20260816_140553/a11_reuse_count_histogram.csv
0.0014705882352941,4,156,eog,train,runs/a11_mixed1m_source_reuse_20260816_140553/a11_reuse_count_histogram.csv
0.000735294117647,2,157,eog,train,runs/a11_mixed1m_source_reuse_20260816_140553/a11_reuse_count_histogram.csv
0.0014705882352941,4,158,eog,train,runs/a11_mixed1m_source_reuse_20260816_140553/a11_reuse_count_histogram.csv
0.0025735294117647,7,159,eog,train,runs/a11_mixed1m_source_reuse_20260816_140553/a11_reuse_count_histogram.csv
0.0025735294117647,7,160,eog,train,runs/a11_mixed1m_source_reuse_20260816_140553/a11_reuse_count_histogram.csv
0.0033088235294117,9,161,eog,train,runs/a11_mixed1m_source_reuse_20260816_140553/a11_reuse_count_histogram.csv
0.0025735294117647,7,162,eog,train,runs/a11_mixed1m_source_reuse_20260816_140553/a11_reuse_count_histogram.csv
0.0044117647058823,12,163,eog,train,runs/a11_mixed1m_source_reuse_20260816_140553/a11_reuse_count_histogram.csv
0.0029411764705882,8,164,eog,train,runs/a11_mixed1m_source_reuse_20260816_140553/a11_reuse_count_histogram.csv
0.0051470588235294,14,165,eog,train,runs/a11_mixed1m_source_reuse_20260816_140553/a11_reuse_count_histogram.csv
0.0058823529411764,16,166,eog,train,runs/a11_mixed1m_source_reuse_20260816_140553/a11_reuse_count_histogram.csv
0.00625,17,167,eog,train,runs/a11_mixed1m_source_reuse_20260816_140553/a11_reuse_count_histogram.csv
0.0077205882352941,21,168,eog,train,runs/a11_mixed1m_source_reuse_20260816_140553/a11_reuse_count_histogram.csv
0.0077205882352941,21,169,eog,train,runs/a11_mixed1m_source_reuse_20260816_140553/a11_reuse_count_histogram.csv
0.0102941176470588,28,170,eog,train,runs/a11_mixed1m_source_reuse_20260816_140553/a11_reuse_count_histogram.csv
0.0106617647058823,29,171,eog,train,runs/a11_mixed1m_source_reuse_20260816_140553/a11_reuse_count_histogram.csv
0.0147058823529411,40,172,eog,train,runs/a11_mixed1m_source_reuse_20260816_140553/a11_reuse_count_histogram.csv
0.0125,34,173,eog,train,runs/a11_mixed1m_source_reuse_20260816_140553/a11_reuse_count_histogram.csv
0.0143382352941176,39,174,eog,train,runs/a11_mixed1m_source_reuse_20260816_140553/a11_reuse_count_histogram.csv
0.0110294117647058,30,175,eog,train,runs/a11_mixed1m_source_reuse_20260816_140553/a11_reuse_count_histogram.csv
0.0147058823529411,40,176,eog,train,runs/a11_mixed1m_source_reuse_20260816_140553/a11_reuse_count_histogram.csv
0.01875,51,177,eog,train,runs/a11_mixed1m_source_reuse_20260816_140553/a11_reuse_count_histogram.csv
0.0220588235294117,60,178,eog,train,runs/a11_mixed1m_source_reuse_20260816_140553/a11_reuse_count_histogram.csv
0.0231617647058823,63,179,eog,train,runs/a11_mixed1m_source_reuse_20260816_140553/a11_reuse_count_histogram.csv
0.0158088235294117,43,180,eog,train,runs/a11_mixed1m_source_reuse_20260816_140553/a11_reuse_count_histogram.csv
0.0275735294117647,75,181,eog,train,runs/a11_mixed1m_source_reuse_20260816_140553/a11_reuse_count_histogram.csv
0.0224264705882352,61,182,eog,train,runs/a11_mixed1m_source_reuse_20260816_140553/a11_reuse_count_histogram.csv
0.0147058823529411,40,183,eog,train,runs/a11_mixed1m_source_reuse_20260816_140553/a11_reuse_count_histogram.csv
0.0297794117647058,81,184,eog,train,runs/a11_mixed1m_source_reuse_20260816_140553/a11_reuse_count_histogram.csv
0.0231617647058823,63,185,eog,train,runs/a11_mixed1m_source_reuse_20260816_140553/a11_reuse_count_histogram.csv
0.0316176470588235,86,186,eog,train,runs/a11_mixed1m_source_reuse_20260816_140553/a11_reuse_count_histogram.csv
0.0216911764705882,59,187,eog,train,runs/a11_mixed1m_source_reuse_20260816_140553/a11_reuse_count_histogram.csv
0.0323529411764705,88,188,eog,train,runs/a11_mixed1m_source_reuse_20260816_140553/a11_reuse_count_histogram.csv
0.025,68,189,eog,train,runs/a11_mixed1m_source_reuse_20260816_140553/a11_reuse_count_histogram.csv
0.0264705882352941,72,190,eog,train,runs/a11_mixed1m_source_reuse_20260816_140553/a11_reuse_count_histogram.csv
0.0279411764705882,76,191,eog,train,runs/a11_mixed1m_source_reuse_20260816_140553/a11_reuse_count_histogram.csv
0.0286764705882352,78,192,eog,train,runs/a11_mixed1m_source_reuse_20260816_140553/a11_reuse_count_histogram.csv
0.0308823529411764,84,193,eog,train,runs/a11_mixed1m_source_reuse_20260816_140553/a11_reuse_count_histogram.csv
0.0253676470588235,69,194,eog,train,runs/a11_mixed1m_source_reuse_20260816_140553/a11_reuse_count_histogram.csv
0.0231617647058823,63,195,eog,train,runs/a11_mixed1m_source_reuse_20260816_140553/a11_reuse_count_histogram.csv
0.0224264705882352,61,196,eog,train,runs/a11_mixed1m_source_reuse_20260816_140553/a11_reuse_count_histogram.csv
0.0272058823529411,74,197,eog,train,runs/a11_mixed1m_source_reuse_20260816_140553/a11_reuse_count_histogram.csv
0.0242647058823529,66,198,eog,train,runs/a11_mixed1m_source_reuse_20260816_140553/a11_reuse_count_histogram.csv
0.0305147058823529,83,199,eog,train,runs/a11_mixed1m_source_reuse_20260816_140553/a11_reuse_count_histogram.csv
0.0268382352941176,73,200,eog,train,runs/a11_mixed1m_source_reuse_20260816_140553/a11_reuse_count_histogram.csv
0.0169117647058823,46,201,eog,train,runs/a11_mixed1m_source_reuse_20260816_140553/a11_reuse_count_histogram.csv
0.0198529411764705,54,202,eog,train,runs/a11_mixed1m_source_reuse_20260816_140553/a11_reuse_count_histogram.csv
0.0220588235294117,60,203,eog,train,runs/a11_mixed1m_source_reuse_20260816_140553/a11_reuse_count_histogram.csv
0.0161764705882352,44,204,eog,train,runs/a11_mixed1m_source_reuse_20260816_140553/a11_reuse_count_histogram.csv
0.0165441176470588,45,205,eog,train,runs/a11_mixed1m_source_reuse_20260816_140553/a11_reuse_count_histogram.csv
0.0161764705882352,44,206,eog,train,runs/a11_mixed1m_source_reuse_20260816_140553/a11_reuse_count_histogram.csv
0.0172794117647058,47,207,eog,train,runs/a11_mixed1m_source_reuse_20260816_140553/a11_reuse_count_histogram.csv
0.0110294117647058,30,208,eog,train,runs/a11_mixed1m_source_reuse_20260816_140553/a11_reuse_count_histogram.csv
0.0125,34,209,eog,train,runs/a11_mixed1m_source_reuse_20260816_140553/a11_reuse_count_histogram.csv
0.013235294117647,36,210,eog,train,runs/a11_mixed1m_source_reuse_20260816_140553/a11_reuse_count_histogram.csv
0.0125,34,211,eog,train,runs/a11_mixed1m_source_reuse_20260816_140553/a11_reuse_count_histogram.csv
0.0113970588235294,31,212,eog,train,runs/a11_mixed1m_source_reuse_20260816_140553/a11_reuse_count_histogram.csv
0.0073529411764705,20,213,eog,train,runs/a11_mixed1m_source_reuse_20260816_140553/a11_reuse_count_histogram.csv
0.0066176470588235,18,214,eog,train,runs/a11_mixed1m_source_reuse_20260816_140553/a11_reuse_count_histogram.csv
0.0044117647058823,12,215,eog,train,runs/a11_mixed1m_source_reuse_20260816_140553/a11_reuse_count_histogram.csv
0.0084558823529411,23,216,eog,train,runs/a11_mixed1m_source_reuse_20260816_140553/a11_reuse_count_histogram.csv
0.0033088235294117,9,217,eog,train,runs/a11_mixed1m_source_reuse_20260816_140553/a11_reuse_count_histogram.csv
0.0033088235294117,9,218,eog,train,runs/a11_mixed1m_source_reuse_20260816_140553/a11_reuse_count_histogram.csv
0.0044117647058823,12,219,eog,train,runs/a11_mixed1m_source_reuse_20260816_140553/a11_reuse_count_histogram.csv
0.0040441176470588,11,220,eog,train,runs/a11_mixed1m_source_reuse_20260816_140553/a11_reuse_count_histogram.csv
0.0025735294117647,7,221,eog,train,runs/a11_mixed1m_source_reuse_20260816_140553/a11_reuse_count_histogram.csv
0.0025735294117647,7,222,eog,train,runs/a11_mixed1m_source_reuse_20260816_140553/a11_reuse_count_histogram.csv
0.0036764705882352,10,223,eog,train,runs/a11_mixed1m_source_reuse_20260816_140553/a11_reuse_count_histogram.csv
0.0025735294117647,7,224,eog,train,runs/a11_mixed1m_source_reuse_20260816_140553/a11_reuse_count_histogram.csv
0.0018382352941176,5,225,eog,train,runs/a11_mixed1m_source_reuse_20260816_140553/a11_reuse_count_histogram.csv
0.000735294117647,2,226,eog,train,runs/a11_mixed1m_source_reuse_20260816_140553/a11_reuse_count_histogram.csv
0.0018382352941176,5,227,eog,train,runs/a11_mixed1m_source_reuse_20260816_140553/a11_reuse_count_histogram.csv
0.0011029411764705,3,228,eog,train,runs/a11_mixed1m_source_reuse_20260816_140553/a11_reuse_count_histogram.csv
0.0011029411764705,3,229,eog,train,runs/a11_mixed1m_source_reuse_20260816_140553/a11_reuse_count_histogram.csv
0.0011029411764705,3,230,eog,train,runs/a11_mixed1m_source_reuse_20260816_140553/a11_reuse_count_histogram.csv
0.0011029411764705,3,231,eog,train,runs/a11_mixed1m_source_reuse_20260816_140553/a11_reuse_count_histogram.csv
0.000735294117647,2,232,eog,train,runs/a11_mixed1m_source_reuse_20260816_140553/a11_reuse_count_histogram.csv
0.0011029411764705,3,235,eog,train,runs/a11_mixed1m_source_reuse_20260816_140553/a11_reuse_count_histogram.csv
0.0003676470588235,1,236,eog,train,runs/a11_mixed1m_source_reuse_20260816_140553/a11_reuse_count_histogram.csv
0.0003676470588235,1,237,eog,train,runs/a11_mixed1m_source_reuse_20260816_140553/a11_reuse_count_histogram.csv
0.0004466279589102,2,83,emg,train,runs/a11_mixed1m_source_reuse_20260816_140553/a11_reuse_count_histogram.csv
0.0002233139794551,1,84,emg,train,runs/a11_mixed1m_source_reuse_20260816_140553/a11_reuse_count_histogram.csv
0.0011165698972755,5,85,emg,train,runs/a11_mixed1m_source_reuse_20260816_140553/a11_reuse_count_histogram.csv
0.0008932559178204,4,86,emg,train,runs/a11_mixed1m_source_reuse_20260816_140553/a11_reuse_count_histogram.csv
0.0004466279589102,2,87,emg,train,runs/a11_mixed1m_source_reuse_20260816_140553/a11_reuse_count_histogram.csv
0.0015631978561857,7,88,emg,train,runs/a11_mixed1m_source_reuse_20260816_140553/a11_reuse_count_histogram.csv
0.002009825815096,9,89,emg,train,runs/a11_mixed1m_source_reuse_20260816_140553/a11_reuse_count_histogram.csv
0.0031263957123715,14,91,emg,train,runs/a11_mixed1m_source_reuse_20260816_140553/a11_reuse_count_histogram.csv
0.0015631978561857,7,92,emg,train,runs/a11_mixed1m_source_reuse_20260816_140553/a11_reuse_count_histogram.csv
0.0015631978561857,7,93,emg,train,runs/a11_mixed1m_source_reuse_20260816_140553/a11_reuse_count_histogram.csv
0.0064761054041983,29,94,emg,train,runs/a11_mixed1m_source_reuse_20260816_140553/a11_reuse_count_histogram.csv
0.0058061634658329,26,95,emg,train,runs/a11_mixed1m_source_reuse_20260816_140553/a11_reuse_count_histogram.csv
0.0062527914247431,28,96,emg,train,runs/a11_mixed1m_source_reuse_20260816_140553/a11_reuse_count_histogram.csv
0.0075926753014738,34,97,emg,train,runs/a11_mixed1m_source_reuse_20260816_140553/a11_reuse_count_histogram.csv
0.0080393032603841,36,98,emg,train,runs/a11_mixed1m_source_reuse_20260816_140553/a11_reuse_count_histogram.csv
0.009825815096025,44,99,emg,train,runs/a11_mixed1m_source_reuse_20260816_140553/a11_reuse_count_histogram.csv
0.0122822688700312,55,100,emg,train,runs/a11_mixed1m_source_reuse_20260816_140553/a11_reuse_count_histogram.csv
0.0145154086645824,65,101,emg,train,runs/a11_mixed1m_source_reuse_20260816_140553/a11_reuse_count_histogram.csv
0.0183117463153193,82,102,emg,train,runs/a11_mixed1m_source_reuse_20260816_140553/a11_reuse_count_histogram.csv
0.0187583742742295,84,103,emg,train,runs/a11_mixed1m_source_reuse_20260816_140553/a11_reuse_count_histogram.csv
0.0178651183564091,80,104,emg,train,runs/a11_mixed1m_source_reuse_20260816_140553/a11_reuse_count_histogram.csv
0.0225547119249665,101,105,emg,train,runs/a11_mixed1m_source_reuse_20260816_140553/a11_reuse_count_histogram.csv
0.0243412237606074,109,106,emg,train,runs/a11_mixed1m_source_reuse_20260816_140553/a11_reuse_count_histogram.csv
0.0272443054935238,122,107,emg,train,runs/a11_mixed1m_source_reuse_20260816_140553/a11_reuse_count_histogram.csv
0.0265743635551585,119,108,emg,train,runs/a11_mixed1m_source_reuse_20260816_140553/a11_reuse_count_histogram.csv
0.0330504689593568,148,109,emg,train,runs/a11_mixed1m_source_reuse_20260816_140553/a11_reuse_count_histogram.csv
0.0348369807949977,156,110,emg,train,runs/a11_mixed1m_source_reuse_20260816_140553/a11_reuse_count_histogram.csv
0.0317105850826261,142,111,emg,train,runs/a11_mixed1m_source_reuse_20260816_140553/a11_reuse_count_histogram.csv
0.0370701205895489,166,112,emg,train,runs/a11_mixed1m_source_reuse_20260816_140553/a11_reuse_count_histogram.csv
0.0390799464046449,175,113,emg,train,runs/a11_mixed1m_source_reuse_20260816_140553/a11_reuse_count_histogram.csv
0.0388566324251898,174,114,emg,train,runs/a11_mixed1m_source_reuse_20260816_140553/a11_reuse_count_histogram.csv
0.0357302367128182,160,115,emg,train,runs/a11_mixed1m_source_reuse_20260816_140553/a11_reuse_count_histogram.csv
0.0384100044662795,172,116,emg,train,runs/a11_mixed1m_source_reuse_20260816_140553/a11_reuse_count_histogram.csv
0.0337204108977221,151,117,emg,train,runs/a11_mixed1m_source_reuse_20260816_140553/a11_reuse_count_histogram.csv
0.0346136668155426,155,118,emg,train,runs/a11_mixed1m_source_reuse_20260816_140553/a11_reuse_count_histogram.csv
0.0350602947744528,157,119,emg,train,runs/a11_mixed1m_source_reuse_20260816_140553/a11_reuse_count_histogram.csv
0.0337204108977221,151,120,emg,train,runs/a11_mixed1m_source_reuse_20260816_140553/a11_reuse_count_histogram.csv
0.0312639571237159,140,121,emg,train,runs/a11_mixed1m_source_reuse_20260816_140553/a11_reuse_count_histogram.csv
0.0276909334524341,124,122,emg,train,runs/a11_mixed1m_source_reuse_20260816_140553/a11_reuse_count_histogram.csv
0.0290308173291648,130,123,emg,train,runs/a11_mixed1m_source_reuse_20260816_140553/a11_reuse_count_histogram.csv
0.0270209915140687,121,124,emg,train,runs/a11_mixed1m_source_reuse_20260816_140553/a11_reuse_count_histogram.csv
0.025681107637338,115,125,emg,train,runs/a11_mixed1m_source_reuse_20260816_140553/a11_reuse_count_histogram.csv
0.0247878517195176,111,126,emg,train,runs/a11_mixed1m_source_reuse_20260816_140553/a11_reuse_count_histogram.csv
0.0209915140687807,94,127,emg,train,runs/a11_mixed1m_source_reuse_20260816_140553/a11_reuse_count_histogram.csv
0.0194283162125949,87,128,emg,train,runs/a11_mixed1m_source_reuse_20260816_140553/a11_reuse_count_histogram.csv
0.0223313979455113,100,129,emg,train,runs/a11_mixed1m_source_reuse_20260816_140553/a11_reuse_count_histogram.csv
0.0174184903974988,78,130,emg,train,runs/a11_mixed1m_source_reuse_20260816_140553/a11_reuse_count_histogram.csv
0.0136221527467619,61,131,emg,train,runs/a11_mixed1m_source_reuse_20260816_140553/a11_reuse_count_histogram.csv
0.0133988387673068,60,132,emg,train,runs/a11_mixed1m_source_reuse_20260816_140553/a11_reuse_count_histogram.csv
0.009825815096025,44,133,emg,train,runs/a11_mixed1m_source_reuse_20260816_140553/a11_reuse_count_histogram.csv
0.0087092451987494,39,134,emg,train,runs/a11_mixed1m_source_reuse_20260816_140553/a11_reuse_count_histogram.csv
0.006029477445288,27,135,emg,train,runs/a11_mixed1m_source_reuse_20260816_140553/a11_reuse_count_histogram.csv
0.0078159892809289,35,136,emg,train,runs/a11_mixed1m_source_reuse_20260816_140553/a11_reuse_count_histogram.csv
0.0051362215274676,23,137,emg,train,runs/a11_mixed1m_source_reuse_20260816_140553/a11_reuse_count_histogram.csv
0.0035730236712818,16,138,emg,train,runs/a11_mixed1m_source_reuse_20260816_140553/a11_reuse_count_histogram.csv
0.0049129075480125,22,139,emg,train,runs/a11_mixed1m_source_reuse_20260816_140553/a11_reuse_count_histogram.csv
0.0051362215274676,23,140,emg,train,runs/a11_mixed1m_source_reuse_20260816_140553/a11_reuse_count_histogram.csv
0.002009825815096,9,141,emg,train,runs/a11_mixed1m_source_reuse_20260816_140553/a11_reuse_count_histogram.csv
0.0022331397945511,10,142,emg,train,runs/a11_mixed1m_source_reuse_20260816_140553/a11_reuse_count_histogram.csv
0.0013398838767306,6,143,emg,train,runs/a11_mixed1m_source_reuse_20260816_140553/a11_reuse_count_histogram.csv
0.0002233139794551,1,144,emg,train,runs/a11_mixed1m_source_reuse_20260816_140553/a11_reuse_count_histogram.csv
0.0015631978561857,7,145,emg,train,runs/a11_mixed1m_source_reuse_20260816_140553/a11_reuse_count_histogram.csv
0.0008932559178204,4,146,emg,train,runs/a11_mixed1m_source_reuse_20260816_140553/a11_reuse_count_histogram.csv
0.0002233139794551,1,147,emg,train,runs/a11_mixed1m_source_reuse_20260816_140553/a11_reuse_count_histogram.csv
0.0006699419383653,3,148,emg,train,runs/a11_mixed1m_source_reuse_20260816_140553/a11_reuse_count_histogram.csv
0.0004466279589102,2,149,emg,train,runs/a11_mixed1m_source_reuse_20260816_140553/a11_reuse_count_histogram.csv
0.0006699419383653,3,150,emg,train,runs/a11_mixed1m_source_reuse_20260816_140553/a11_reuse_count_histogram.csv
0.0004466279589102,2,151,emg,train,runs/a11_mixed1m_source_reuse_20260816_140553/a11_reuse_count_histogram.csv
0.0002233139794551,1,161,emg,train,runs/a11_mixed1m_source_reuse_20260816_140553/a11_reuse_count_histogram.csv
0.0022172949002217,1,178,clean,val,runs/a11_mixed1m_source_reuse_20260816_140553/a11_reuse_count_histogram.csv
0.0044345898004434,2,183,clean,val,runs/a11_mixed1m_source_reuse_20260816_140553/a11_reuse_count_histogram.csv
0.0044345898004434,2,187,clean,val,runs/a11_mixed1m_source_reuse_20260816_140553/a11_reuse_count_histogram.csv
0.0022172949002217,1,189,clean,val,runs/a11_mixed1m_source_reuse_20260816_140553/a11_reuse_count_histogram.csv
0.0088691796008869,4,190,clean,val,runs/a11_mixed1m_source_reuse_20260816_140553/a11_reuse_count_histogram.csv
0.0022172949002217,1,191,clean,val,runs/a11_mixed1m_source_reuse_20260816_140553/a11_reuse_count_histogram.csv
0.0022172949002217,1,192,clean,val,runs/a11_mixed1m_source_reuse_20260816_140553/a11_reuse_count_histogram.csv
0.0066518847006651,3,193,clean,val,runs/a11_mixed1m_source_reuse_20260816_140553/a11_reuse_count_histogram.csv
0.0022172949002217,1,195,clean,val,runs/a11_mixed1m_source_reuse_20260816_140553/a11_reuse_count_histogram.csv
0.0044345898004434,2,196,clean,val,runs/a11_mixed1m_source_reuse_20260816_140553/a11_reuse_count_histogram.csv
0.0110864745011086,5,197,clean,val,runs/a11_mixed1m_source_reuse_20260816_140553/a11_reuse_count_histogram.csv
0.0088691796008869,4,198,clean,val,runs/a11_mixed1m_source_reuse_20260816_140553/a11_reuse_count_histogram.csv
0.0044345898004434,2,199,clean,val,runs/a11_mixed1m_source_reuse_20260816_140553/a11_reuse_count_histogram.csv
0.0066518847006651,3,200,clean,val,runs/a11_mixed1m_source_reuse_20260816_140553/a11_reuse_count_histogram.csv
0.0177383592017738,8,201,clean,val,runs/a11_mixed1m_source_reuse_20260816_140553/a11_reuse_count_histogram.csv
0.0044345898004434,2,202,clean,val,runs/a11_mixed1m_source_reuse_20260816_140553/a11_reuse_count_histogram.csv
0.0177383592017738,8,203,clean,val,runs/a11_mixed1m_source_reuse_20260816_140553/a11_reuse_count_histogram.csv
0.0110864745011086,5,204,clean,val,runs/a11_mixed1m_source_reuse_20260816_140553/a11_reuse_count_histogram.csv
0.0177383592017738,8,205,clean,val,runs/a11_mixed1m_source_reuse_20260816_140553/a11_reuse_count_histogram.csv
0.0133037694013303,6,206,clean,val,runs/a11_mixed1m_source_reuse_20260816_140553/a11_reuse_count_histogram.csv
0.0266075388026607,12,207,clean,val,runs/a11_mixed1m_source_reuse_20260816_140553/a11_reuse_count_histogram.csv
0.0177383592017738,8,208,clean,val,runs/a11_mixed1m_source_reuse_20260816_140553/a11_reuse_count_histogram.csv
0.0155210643015521,7,209,clean,val,runs/a11_mixed1m_source_reuse_20260816_140553/a11_reuse_count_histogram.csv
0.0310421286031042,14,210,clean,val,runs/a11_mixed1m_source_reuse_20260816_140553/a11_reuse_count_histogram.csv
0.0221729490022172,10,211,clean,val,runs/a11_mixed1m_source_reuse_20260816_140553/a11_reuse_count_histogram.csv
0.0177383592017738,8,212,clean,val,runs/a11_mixed1m_source_reuse_20260816_140553/a11_reuse_count_histogram.csv
0.0221729490022172,10,213,clean,val,runs/a11_mixed1m_source_reuse_20260816_140553/a11_reuse_count_histogram.csv
0.0199556541019955,9,214,clean,val,runs/a11_mixed1m_source_reuse_20260816_140553/a11_reuse_count_histogram.csv
0.024390243902439,11,215,clean,val,runs/a11_mixed1m_source_reuse_20260816_140553/a11_reuse_count_histogram.csv
0.0177383592017738,8,216,clean,val,runs/a11_mixed1m_source_reuse_20260816_140553/a11_reuse_count_histogram.csv
0.0221729490022172,10,217,clean,val,runs/a11_mixed1m_source_reuse_20260816_140553/a11_reuse_count_histogram.csv
0.024390243902439,11,218,clean,val,runs/a11_mixed1m_source_reuse_20260816_140553/a11_reuse_count_histogram.csv
0.024390243902439,11,219,clean,val,runs/a11_mixed1m_source_reuse_20260816_140553/a11_reuse_count_histogram.csv
0.0177383592017738,8,220,clean,val,runs/a11_mixed1m_source_reuse_20260816_140553/a11_reuse_count_histogram.csv
0.0177383592017738,8,221,clean,val,runs/a11_mixed1m_source_reuse_20260816_140553/a11_reuse_count_histogram.csv
0.0288248337028824,13,222,clean,val,runs/a11_mixed1m_source_reuse_20260816_140553/a11_reuse_count_histogram.csv
0.0376940133037694,17,223,clean,val,runs/a11_mixed1m_source_reuse_20260816_140553/a11_reuse_count_histogram.csv
0.0177383592017738,8,224,clean,val,runs/a11_mixed1m_source_reuse_20260816_140553/a11_reuse_count_histogram.csv
0.0266075388026607,12,225,clean,val,runs/a11_mixed1m_source_reuse_20260816_140553/a11_reuse_count_histogram.csv
0.0288248337028824,13,226,clean,val,runs/a11_mixed1m_source_reuse_20260816_140553/a11_reuse_count_histogram.csv
0.024390243902439,11,227,clean,val,runs/a11_mixed1m_source_reuse_20260816_140553/a11_reuse_count_histogram.csv
0.0310421286031042,14,228,clean,val,runs/a11_mixed1m_source_reuse_20260816_140553/a11_reuse_count_histogram.csv
0.0354767184035476,16,229,clean,val,runs/a11_mixed1m_source_reuse_20260816_140553/a11_reuse_count_histogram.csv
0.0155210643015521,7,230,clean,val,runs/a11_mixed1m_source_reuse_20260816_140553/a11_reuse_count_histogram.csv
0.0177383592017738,8,231,clean,val,runs/a11_mixed1m_source_reuse_20260816_140553/a11_reuse_count_histogram.csv
0.0155210643015521,7,232,clean,val,runs/a11_mixed1m_source_reuse_20260816_140553/a11_reuse_count_histogram.csv
0.0221729490022172,10,233,clean,val,runs/a11_mixed1m_source_reuse_20260816_140553/a11_reuse_count_histogram.csv
0.0177383592017738,8,234,clean,val,runs/a11_mixed1m_source_reuse_20260816_140553/a11_reuse_count_histogram.csv
0.0221729490022172,10,235,clean,val,runs/a11_mixed1m_source_reuse_20260816_140553/a11_reuse_count_histogram.csv
0.0155210643015521,7,236,clean,val,runs/a11_mixed1m_source_reuse_20260816_140553/a11_reuse_count_histogram.csv
0.0177383592017738,8,237,clean,val,runs/a11_mixed1m_source_reuse_20260816_140553/a11_reuse_count_histogram.csv
0.0133037694013303,6,238,clean,val,runs/a11_mixed1m_source_reuse_20260816_140553/a11_reuse_count_histogram.csv
0.0354767184035476,16,239,clean,val,runs/a11_mixed1m_source_reuse_20260816_140553/a11_reuse_count_histogram.csv
0.0066518847006651,3,240,clean,val,runs/a11_mixed1m_source_reuse_20260816_140553/a11_reuse_count_histogram.csv
0.0110864745011086,5,241,clean,val,runs/a11_mixed1m_source_reuse_20260816_140553/a11_reuse_count_histogram.csv
0.0110864745011086,5,242,clean,val,runs/a11_mixed1m_source_reuse_20260816_140553/a11_reuse_count_histogram.csv
0.0044345898004434,2,243,clean,val,runs/a11_mixed1m_source_reuse_20260816_140553/a11_reuse_count_histogram.csv
0.0110864745011086,5,244,clean,val,runs/a11_mixed1m_source_reuse_20260816_140553/a11_reuse_count_histogram.csv
0.0044345898004434,2,245,clean,val,runs/a11_mixed1m_source_reuse_20260816_140553/a11_reuse_count_histogram.csv
0.0066518847006651,3,246,clean,val,runs/a11_mixed1m_source_reuse_20260816_140553/a11_reuse_count_histogram.csv
0.0088691796008869,4,247,clean,val,runs/a11_mixed1m_source_reuse_20260816_140553/a11_reuse_count_histogram.csv
0.0044345898004434,2,248,clean,val,runs/a11_mixed1m_source_reuse_20260816_140553/a11_reuse_count_histogram.csv
0.0044345898004434,2,249,clean,val,runs/a11_mixed1m_source_reuse_20260816_140553/a11_reuse_count_histogram.csv
0.0066518847006651,3,250,clean,val,runs/a11_mixed1m_source_reuse_20260816_140553/a11_reuse_count_histogram.csv
0.0022172949002217,1,252,clean,val,runs/a11_mixed1m_source_reuse_20260816_140553/a11_reuse_count_histogram.csv
0.0022172949002217,1,253,clean,val,runs/a11_mixed1m_source_reuse_20260816_140553/a11_reuse_count_histogram.csv
0.0022172949002217,1,254,clean,val,runs/a11_mixed1m_source_reuse_20260816_140553/a11_reuse_count_histogram.csv
0.0022172949002217,1,256,clean,val,runs/a11_mixed1m_source_reuse_20260816_140553/a11_reuse_count_histogram.csv
0.0044345898004434,2,257,clean,val,runs/a11_mixed1m_source_reuse_20260816_140553/a11_reuse_count_histogram.csv
0.0044345898004434,2,258,clean,val,runs/a11_mixed1m_source_reuse_20260816_140553/a11_reuse_count_histogram.csv
0.0022172949002217,1,262,clean,val,runs/a11_mixed1m_source_reuse_20260816_140553/a11_reuse_count_histogram.csv
0.0022172949002217,1,264,clean,val,runs/a11_mixed1m_source_reuse_20260816_140553/a11_reuse_count_histogram.csv
0.0058823529411764,2,158,eog,val,runs/a11_mixed1m_source_reuse_20260816_140553/a11_reuse_count_histogram.csv
0.0029411764705882,1,160,eog,val,runs/a11_mixed1m_source_reuse_20260816_140553/a11_reuse_count_histogram.csv
0.0029411764705882,1,162,eog,val,runs/a11_mixed1m_source_reuse_20260816_140553/a11_reuse_count_histogram.csv
0.0117647058823529,4,165,eog,val,runs/a11_mixed1m_source_reuse_20260816_140553/a11_reuse_count_histogram.csv
0.0029411764705882,1,166,eog,val,runs/a11_mixed1m_source_reuse_20260816_140553/a11_reuse_count_histogram.csv
0.0029411764705882,1,167,eog,val,runs/a11_mixed1m_source_reuse_20260816_140553/a11_reuse_count_histogram.csv
0.0088235294117647,3,168,eog,val,runs/a11_mixed1m_source_reuse_20260816_140553/a11_reuse_count_histogram.csv
0.0088235294117647,3,169,eog,val,runs/a11_mixed1m_source_reuse_20260816_140553/a11_reuse_count_histogram.csv
0.0117647058823529,4,170,eog,val,runs/a11_mixed1m_source_reuse_20260816_140553/a11_reuse_count_histogram.csv
0.0088235294117647,3,171,eog,val,runs/a11_mixed1m_source_reuse_20260816_140553/a11_reuse_count_histogram.csv
0.0058823529411764,2,172,eog,val,runs/a11_mixed1m_source_reuse_20260816_140553/a11_reuse_count_histogram.csv
0.0029411764705882,1,173,eog,val,runs/a11_mixed1m_source_reuse_20260816_140553/a11_reuse_count_histogram.csv
0.0088235294117647,3,174,eog,val,runs/a11_mixed1m_source_reuse_20260816_140553/a11_reuse_count_histogram.csv
0.0147058823529411,5,175,eog,val,runs/a11_mixed1m_source_reuse_20260816_140553/a11_reuse_count_histogram.csv
0.0205882352941176,7,176,eog,val,runs/a11_mixed1m_source_reuse_20260816_140553/a11_reuse_count_histogram.csv
0.0235294117647058,8,177,eog,val,runs/a11_mixed1m_source_reuse_20260816_140553/a11_reuse_count_histogram.csv
0.0294117647058823,10,178,eog,val,runs/a11_mixed1m_source_reuse_20260816_140553/a11_reuse_count_histogram.csv
0.0352941176470588,12,179,eog,val,runs/a11_mixed1m_source_reuse_20260816_140553/a11_reuse_count_histogram.csv
0.0294117647058823,10,180,eog,val,runs/a11_mixed1m_source_reuse_20260816_140553/a11_reuse_count_histogram.csv
0.0323529411764705,11,181,eog,val,runs/a11_mixed1m_source_reuse_20260816_140553/a11_reuse_count_histogram.csv
0.0264705882352941,9,182,eog,val,runs/a11_mixed1m_source_reuse_20260816_140553/a11_reuse_count_histogram.csv
0.0205882352941176,7,183,eog,val,runs/a11_mixed1m_source_reuse_20260816_140553/a11_reuse_count_histogram.csv
0.0176470588235294,6,184,eog,val,runs/a11_mixed1m_source_reuse_20260816_140553/a11_reuse_count_histogram.csv
0.0088235294117647,3,185,eog,val,runs/a11_mixed1m_source_reuse_20260816_140553/a11_reuse_count_histogram.csv
0.0470588235294117,16,186,eog,val,runs/a11_mixed1m_source_reuse_20260816_140553/a11_reuse_count_histogram.csv
0.0176470588235294,6,187,eog,val,runs/a11_mixed1m_source_reuse_20260816_140553/a11_reuse_count_histogram.csv
0.0235294117647058,8,188,eog,val,runs/a11_mixed1m_source_reuse_20260816_140553/a11_reuse_count_histogram.csv
0.0323529411764705,11,189,eog,val,runs/a11_mixed1m_source_reuse_20260816_140553/a11_reuse_count_histogram.csv
0.0352941176470588,12,190,eog,val,runs/a11_mixed1m_source_reuse_20260816_140553/a11_reuse_count_histogram.csv
0.0205882352941176,7,191,eog,val,runs/a11_mixed1m_source_reuse_20260816_140553/a11_reuse_count_histogram.csv
0.0176470588235294,6,192,eog,val,runs/a11_mixed1m_source_reuse_20260816_140553/a11_reuse_count_histogram.csv
0.0117647058823529,4,193,eog,val,runs/a11_mixed1m_source_reuse_20260816_140553/a11_reuse_count_histogram.csv
0.0411764705882352,14,194,eog,val,runs/a11_mixed1m_source_reuse_20260816_140553/a11_reuse_count_histogram.csv
0.0205882352941176,7,195,eog,val,runs/a11_mixed1m_source_reuse_20260816_140553/a11_reuse_count_histogram.csv
0.0205882352941176,7,196,eog,val,runs/a11_mixed1m_source_reuse_20260816_140553/a11_reuse_count_histogram.csv
0.0235294117647058,8,197,eog,val,runs/a11_mixed1m_source_reuse_20260816_140553/a11_reuse_count_histogram.csv
0.0294117647058823,10,198,eog,val,runs/a11_mixed1m_source_reuse_20260816_140553/a11_reuse_count_histogram.csv
0.0323529411764705,11,199,eog,val,runs/a11_mixed1m_source_reuse_20260816_140553/a11_reuse_count_histogram.csv
0.0176470588235294,6,200,eog,val,runs/a11_mixed1m_source_reuse_20260816_140553/a11_reuse_count_histogram.csv
0.0235294117647058,8,201,eog,val,runs/a11_mixed1m_source_reuse_20260816_140553/a11_reuse_count_histogram.csv
0.0264705882352941,9,202,eog,val,runs/a11_mixed1m_source_reuse_20260816_140553/a11_reuse_count_histogram.csv
0.0205882352941176,7,203,eog,val,runs/a11_mixed1m_source_reuse_20260816_140553/a11_reuse_count_histogram.csv
0.0235294117647058,8,204,eog,val,runs/a11_mixed1m_source_reuse_20260816_140553/a11_reuse_count_histogram.csv
0.0088235294117647,3,205,eog,val,runs/a11_mixed1m_source_reuse_20260816_140553/a11_reuse_count_histogram.csv
0.0147058823529411,5,206,eog,val,runs/a11_mixed1m_source_reuse_20260816_140553/a11_reuse_count_histogram.csv
0.0205882352941176,7,207,eog,val,runs/a11_mixed1m_source_reuse_20260816_140553/a11_reuse_count_histogram.csv
0.0117647058823529,4,208,eog,val,runs/a11_mixed1m_source_reuse_20260816_140553/a11_reuse_count_histogram.csv
0.0117647058823529,4,209,eog,val,runs/a11_mixed1m_source_reuse_20260816_140553/a11_reuse_count_histogram.csv
0.0088235294117647,3,210,eog,val,runs/a11_mixed1m_source_reuse_20260816_140553/a11_reuse_count_histogram.csv
0.0117647058823529,4,211,eog,val,runs/a11_mixed1m_source_reuse_20260816_140553/a11_reuse_count_histogram.csv
0.0058823529411764,2,212,eog,val,runs/a11_mixed1m_source_reuse_20260816_140553/a11_reuse_count_histogram.csv
0.0088235294117647,3,213,eog,val,runs/a11_mixed1m_source_reuse_20260816_140553/a11_reuse_count_histogram.csv
0.0058823529411764,2,214,eog,val,runs/a11_mixed1m_source_reuse_20260816_140553/a11_reuse_count_histogram.csv
0.0117647058823529,4,215,eog,val,runs/a11_mixed1m_source_reuse_20260816_140553/a11_reuse_count_histogram.csv
0.0147058823529411,5,216,eog,val,runs/a11_mixed1m_source_reuse_20260816_140553/a11_reuse_count_histogram.csv
0.0029411764705882,1,218,eog,val,runs/a11_mixed1m_source_reuse_20260816_140553/a11_reuse_count_histogram.csv
0.0088235294117647,3,221,eog,val,runs/a11_mixed1m_source_reuse_20260816_140553/a11_reuse_count_histogram.csv
0.0088235294117647,3,224,eog,val,runs/a11_mixed1m_source_reuse_20260816_140553/a11_reuse_count_histogram.csv
0.0029411764705882,1,226,eog,val,runs/a11_mixed1m_source_reuse_20260816_140553/a11_reuse_count_histogram.csv
0.0058823529411764,2,229,eog,val,runs/a11_mixed1m_source_reuse_20260816_140553/a11_reuse_count_histogram.csv
0.0029411764705882,1,231,eog,val,runs/a11_mixed1m_source_reuse_20260816_140553/a11_reuse_count_histogram.csv
0.0029411764705882,1,232,eog,val,runs/a11_mixed1m_source_reuse_20260816_140553/a11_reuse_count_histogram.csv
0.0017889087656529,1,83,emg,val,runs/a11_mixed1m_source_reuse_20260816_140553/a11_reuse_count_histogram.csv
0.0017889087656529,1,88,emg,val,runs/a11_mixed1m_source_reuse_20260816_140553/a11_reuse_count_histogram.csv
0.0017889087656529,1,92,emg,val,runs/a11_mixed1m_source_reuse_20260816_140553/a11_reuse_count_histogram.csv
0.0035778175313059,2,93,emg,val,runs/a11_mixed1m_source_reuse_20260816_140553/a11_reuse_count_histogram.csv
0.0017889087656529,1,94,emg,val,runs/a11_mixed1m_source_reuse_20260816_140553/a11_reuse_count_histogram.csv
0.0053667262969588,3,95,emg,val,runs/a11_mixed1m_source_reuse_20260816_140553/a11_reuse_count_histogram.csv
0.0053667262969588,3,96,emg,val,runs/a11_mixed1m_source_reuse_20260816_140553/a11_reuse_count_histogram.csv
0.0017889087656529,1,97,emg,val,runs/a11_mixed1m_source_reuse_20260816_140553/a11_reuse_count_histogram.csv
0.0196779964221824,11,98,emg,val,runs/a11_mixed1m_source_reuse_20260816_140553/a11_reuse_count_histogram.csv
0.0107334525939177,6,99,emg,val,runs/a11_mixed1m_source_reuse_20260816_140553/a11_reuse_count_histogram.csv
0.0143112701252236,8,100,emg,val,runs/a11_mixed1m_source_reuse_20260816_140553/a11_reuse_count_histogram.csv
0.0125223613595706,7,101,emg,val,runs/a11_mixed1m_source_reuse_20260816_140553/a11_reuse_count_histogram.csv
0.0196779964221824,11,102,emg,val,runs/a11_mixed1m_source_reuse_20260816_140553/a11_reuse_count_histogram.csv
0.0214669051878354,12,103,emg,val,runs/a11_mixed1m_source_reuse_20260816_140553/a11_reuse_count_histogram.csv
0.0196779964221824,11,104,emg,val,runs/a11_mixed1m_source_reuse_20260816_140553/a11_reuse_count_histogram.csv
0.0214669051878354,12,105,emg,val,runs/a11_mixed1m_source_reuse_20260816_140553/a11_reuse_count_histogram.csv
0.0196779964221824,11,106,emg,val,runs/a11_mixed1m_source_reuse_20260816_140553/a11_reuse_count_histogram.csv
0.0178890876565295,10,107,emg,val,runs/a11_mixed1m_source_reuse_20260816_140553/a11_reuse_count_histogram.csv
0.0286225402504472,16,108,emg,val,runs/a11_mixed1m_source_reuse_20260816_140553/a11_reuse_count_histogram.csv
0.0286225402504472,16,109,emg,val,runs/a11_mixed1m_source_reuse_20260816_140553/a11_reuse_count_histogram.csv
0.0232558139534883,13,110,emg,val,runs/a11_mixed1m_source_reuse_20260816_140553/a11_reuse_count_histogram.csv
0.0465116279069767,26,111,emg,val,runs/a11_mixed1m_source_reuse_20260816_140553/a11_reuse_count_histogram.csv
0.035778175313059,20,112,emg,val,runs/a11_mixed1m_source_reuse_20260816_140553/a11_reuse_count_histogram.csv
0.0286225402504472,16,113,emg,val,runs/a11_mixed1m_source_reuse_20260816_140553/a11_reuse_count_histogram.csv
0.0375670840787119,21,114,emg,val,runs/a11_mixed1m_source_reuse_20260816_140553/a11_reuse_count_histogram.csv
0.0429338103756708,24,115,emg,val,runs/a11_mixed1m_source_reuse_20260816_140553/a11_reuse_count_histogram.csv
0.0304114490161001,17,116,emg,val,runs/a11_mixed1m_source_reuse_20260816_140553/a11_reuse_count_histogram.csv
0.0375670840787119,21,117,emg,val,runs/a11_mixed1m_source_reuse_20260816_140553/a11_reuse_count_histogram.csv
0.0393559928443649,22,118,emg,val,runs/a11_mixed1m_source_reuse_20260816_140553/a11_reuse_count_histogram.csv
0.0500894454382826,28,119,emg,val,runs/a11_mixed1m_source_reuse_20260816_140553/a11_reuse_count_histogram.csv
0.0393559928443649,22,120,emg,val,runs/a11_mixed1m_source_reuse_20260816_140553/a11_reuse_count_histogram.csv
0.0375670840787119,21,121,emg,val,runs/a11_mixed1m_source_reuse_20260816_140553/a11_reuse_count_histogram.csv
0.0465116279069767,26,122,emg,val,runs/a11_mixed1m_source_reuse_20260816_140553/a11_reuse_count_histogram.csv
0.0232558139534883,13,123,emg,val,runs/a11_mixed1m_source_reuse_20260816_140553/a11_reuse_count_histogram.csv
0.0322003577817531,18,124,emg,val,runs/a11_mixed1m_source_reuse_20260816_140553/a11_reuse_count_histogram.csv
0.0268336314847942,15,125,emg,val,runs/a11_mixed1m_source_reuse_20260816_140553/a11_reuse_count_histogram.csv
0.0161001788908765,9,126,emg,val,runs/a11_mixed1m_source_reuse_20260816_140553/a11_reuse_count_histogram.csv
0.0125223613595706,7,127,emg,val,runs/a11_mixed1m_source_reuse_20260816_140553/a11_reuse_count_histogram.csv
0.0161001788908765,9,128,emg,val,runs/a11_mixed1m_source_reuse_20260816_140553/a11_reuse_count_histogram.csv
0.0143112701252236,8,129,emg,val,runs/a11_mixed1m_source_reuse_20260816_140553/a11_reuse_count_histogram.csv
0.0178890876565295,10,130,emg,val,runs/a11_mixed1m_source_reuse_20260816_140553/a11_reuse_count_histogram.csv
0.0107334525939177,6,131,emg,val,runs/a11_mixed1m_source_reuse_20260816_140553/a11_reuse_count_histogram.csv
0.0143112701252236,8,132,emg,val,runs/a11_mixed1m_source_reuse_20260816_140553/a11_reuse_count_histogram.csv
0.0178890876565295,10,133,emg,val,runs/a11_mixed1m_source_reuse_20260816_140553/a11_reuse_count_histogram.csv
0.0035778175313059,2,134,emg,val,runs/a11_mixed1m_source_reuse_20260816_140553/a11_reuse_count_histogram.csv
0.0017889087656529,1,135,emg,val,runs/a11_mixed1m_source_reuse_20260816_140553/a11_reuse_count_histogram.csv
0.0089445438282647,5,136,emg,val,runs/a11_mixed1m_source_reuse_20260816_140553/a11_reuse_count_histogram.csv
0.0053667262969588,3,137,emg,val,runs/a11_mixed1m_source_reuse_20260816_140553/a11_reuse_count_histogram.csv
0.0053667262969588,3,138,emg,val,runs/a11_mixed1m_source_reuse_20260816_140553/a11_reuse_count_histogram.csv
0.0035778175313059,2,139,emg,val,runs/a11_mixed1m_source_reuse_20260816_140553/a11_reuse_count_histogram.csv
0.0017889087656529,1,140,emg,val,runs/a11_mixed1m_source_reuse_20260816_140553/a11_reuse_count_histogram.csv
0.0053667262969588,3,142,emg,val,runs/a11_mixed1m_source_reuse_20260816_140553/a11_reuse_count_histogram.csv
0.0035778175313059,2,144,emg,val,runs/a11_mixed1m_source_reuse_20260816_140553/a11_reuse_count_histogram.csv
0.0017889087656529,1,145,emg,val,runs/a11_mixed1m_source_reuse_20260816_140553/a11_reuse_count_histogram.csv
0.0017889087656529,1,146,emg,val,runs/a11_mixed1m_source_reuse_20260816_140553/a11_reuse_count_histogram.csv
0.0017889087656529,1,148,emg,val,runs/a11_mixed1m_source_reuse_20260816_140553/a11_reuse_count_histogram.csv
0.0022123893805309,1,180,clean,test,runs/a11_mixed1m_source_reuse_20260816_140553/a11_reuse_count_histogram.csv
0.0022123893805309,1,182,clean,test,runs/a11_mixed1m_source_reuse_20260816_140553/a11_reuse_count_histogram.csv
0.0044247787610619,2,184,clean,test,runs/a11_mixed1m_source_reuse_20260816_140553/a11_reuse_count_histogram.csv
0.0022123893805309,1,186,clean,test,runs/a11_mixed1m_source_reuse_20260816_140553/a11_reuse_count_histogram.csv
0.0044247787610619,2,188,clean,test,runs/a11_mixed1m_source_reuse_20260816_140553/a11_reuse_count_histogram.csv
0.0022123893805309,1,190,clean,test,runs/a11_mixed1m_source_reuse_20260816_140553/a11_reuse_count_histogram.csv
0.0022123893805309,1,191,clean,test,runs/a11_mixed1m_source_reuse_20260816_140553/a11_reuse_count_histogram.csv
0.0066371681415929,3,192,clean,test,runs/a11_mixed1m_source_reuse_20260816_140553/a11_reuse_count_histogram.csv
0.0066371681415929,3,193,clean,test,runs/a11_mixed1m_source_reuse_20260816_140553/a11_reuse_count_histogram.csv
0.0066371681415929,3,194,clean,test,runs/a11_mixed1m_source_reuse_20260816_140553/a11_reuse_count_histogram.csv
0.0088495575221238,4,195,clean,test,runs/a11_mixed1m_source_reuse_20260816_140553/a11_reuse_count_histogram.csv
0.0022123893805309,1,196,clean,test,runs/a11_mixed1m_source_reuse_20260816_140553/a11_reuse_count_histogram.csv
0.0088495575221238,4,197,clean,test,runs/a11_mixed1m_source_reuse_20260816_140553/a11_reuse_count_histogram.csv
0.0044247787610619,2,198,clean,test,runs/a11_mixed1m_source_reuse_20260816_140553/a11_reuse_count_histogram.csv
0.0176991150442477,8,199,clean,test,runs/a11_mixed1m_source_reuse_20260816_140553/a11_reuse_count_histogram.csv
0.0066371681415929,3,200,clean,test,runs/a11_mixed1m_source_reuse_20260816_140553/a11_reuse_count_histogram.csv
0.0110619469026548,5,201,clean,test,runs/a11_mixed1m_source_reuse_20260816_140553/a11_reuse_count_histogram.csv
0.0110619469026548,5,202,clean,test,runs/a11_mixed1m_source_reuse_20260816_140553/a11_reuse_count_histogram.csv
0.0154867256637168,7,203,clean,test,runs/a11_mixed1m_source_reuse_20260816_140553/a11_reuse_count_histogram.csv
0.0132743362831858,6,204,clean,test,runs/a11_mixed1m_source_reuse_20260816_140553/a11_reuse_count_histogram.csv
0.0199115044247787,9,205,clean,test,runs/a11_mixed1m_source_reuse_20260816_140553/a11_reuse_count_histogram.csv
0.0154867256637168,7,206,clean,test,runs/a11_mixed1m_source_reuse_20260816_140553/a11_reuse_count_histogram.csv
0.0154867256637168,7,207,clean,test,runs/a11_mixed1m_source_reuse_20260816_140553/a11_reuse_count_histogram.csv
0.0176991150442477,8,208,clean,test,runs/a11_mixed1m_source_reuse_20260816_140553/a11_reuse_count_histogram.csv
0.0221238938053097,10,209,clean,test,runs/a11_mixed1m_source_reuse_20260816_140553/a11_reuse_count_histogram.csv
0.0199115044247787,9,210,clean,test,runs/a11_mixed1m_source_reuse_20260816_140553/a11_reuse_count_histogram.csv
0.0243362831858407,11,211,clean,test,runs/a11_mixed1m_source_reuse_20260816_140553/a11_reuse_count_histogram.csv
0.0265486725663716,12,212,clean,test,runs/a11_mixed1m_source_reuse_20260816_140553/a11_reuse_count_histogram.csv
0.0309734513274336,14,213,clean,test,runs/a11_mixed1m_source_reuse_20260816_140553/a11_reuse_count_histogram.csv
0.0221238938053097,10,214,clean,test,runs/a11_mixed1m_source_reuse_20260816_140553/a11_reuse_count_histogram.csv
0.0287610619469026,13,215,clean,test,runs/a11_mixed1m_source_reuse_20260816_140553/a11_reuse_count_histogram.csv
0.0154867256637168,7,216,clean,test,runs/a11_mixed1m_source_reuse_20260816_140553/a11_reuse_count_histogram.csv
0.0199115044247787,9,217,clean,test,runs/a11_mixed1m_source_reuse_20260816_140553/a11_reuse_count_histogram.csv
0.0331858407079646,15,218,clean,test,runs/a11_mixed1m_source_reuse_20260816_140553/a11_reuse_count_histogram.csv
0.0154867256637168,7,219,clean,test,runs/a11_mixed1m_source_reuse_20260816_140553/a11_reuse_count_histogram.csv
0.0176991150442477,8,220,clean,test,runs/a11_mixed1m_source_reuse_20260816_140553/a11_reuse_count_histogram.csv
0.0243362831858407,11,221,clean,test,runs/a11_mixed1m_source_reuse_20260816_140553/a11_reuse_count_histogram.csv
0.0287610619469026,13,222,clean,test,runs/a11_mixed1m_source_reuse_20260816_140553/a11_reuse_count_histogram.csv
0.0265486725663716,12,223,clean,test,runs/a11_mixed1m_source_reuse_20260816_140553/a11_reuse_count_histogram.csv
0.0132743362831858,6,224,clean,test,runs/a11_mixed1m_source_reuse_20260816_140553/a11_reuse_count_histogram.csv
0.0199115044247787,9,225,clean,test,runs/a11_mixed1m_source_reuse_20260816_140553/a11_reuse_count_histogram.csv
0.0176991150442477,8,226,clean,test,runs/a11_mixed1m_source_reuse_20260816_140553/a11_reuse_count_histogram.csv
0.0287610619469026,13,227,clean,test,runs/a11_mixed1m_source_reuse_20260816_140553/a11_reuse_count_histogram.csv
0.0353982300884955,16,228,clean,test,runs/a11_mixed1m_source_reuse_20260816_140553/a11_reuse_count_histogram.csv
0.0221238938053097,10,229,clean,test,runs/a11_mixed1m_source_reuse_20260816_140553/a11_reuse_count_histogram.csv
0.0265486725663716,12,230,clean,test,runs/a11_mixed1m_source_reuse_20260816_140553/a11_reuse_count_histogram.csv
0.0176991150442477,8,231,clean,test,runs/a11_mixed1m_source_reuse_20260816_140553/a11_reuse_count_histogram.csv
0.0088495575221238,4,232,clean,test,runs/a11_mixed1m_source_reuse_20260816_140553/a11_reuse_count_histogram.csv
0.0132743362831858,6,233,clean,test,runs/a11_mixed1m_source_reuse_20260816_140553/a11_reuse_count_histogram.csv
0.0154867256637168,7,234,clean,test,runs/a11_mixed1m_source_reuse_20260816_140553/a11_reuse_count_histogram.csv
0.0044247787610619,2,235,clean,test,runs/a11_mixed1m_source_reuse_20260816_140553/a11_reuse_count_histogram.csv
0.0287610619469026,13,236,clean,test,runs/a11_mixed1m_source_reuse_20260816_140553/a11_reuse_count_histogram.csv
0.0243362831858407,11,237,clean,test,runs/a11_mixed1m_source_reuse_20260816_140553/a11_reuse_count_histogram.csv
0.0154867256637168,7,238,clean,test,runs/a11_mixed1m_source_reuse_20260816_140553/a11_reuse_count_histogram.csv
0.0154867256637168,7,239,clean,test,runs/a11_mixed1m_source_reuse_20260816_140553/a11_reuse_count_histogram.csv
0.0154867256637168,7,240,clean,test,runs/a11_mixed1m_source_reuse_20260816_140553/a11_reuse_count_histogram.csv
0.0154867256637168,7,241,clean,test,runs/a11_mixed1m_source_reuse_20260816_140553/a11_reuse_count_histogram.csv
0.0132743362831858,6,242,clean,test,runs/a11_mixed1m_source_reuse_20260816_140553/a11_reuse_count_histogram.csv
0.0066371681415929,3,243,clean,test,runs/a11_mixed1m_source_reuse_20260816_140553/a11_reuse_count_histogram.csv
0.0132743362831858,6,244,clean,test,runs/a11_mixed1m_source_reuse_20260816_140553/a11_reuse_count_histogram.csv
0.0088495575221238,4,245,clean,test,runs/a11_mixed1m_source_reuse_20260816_140553/a11_reuse_count_histogram.csv
0.0044247787610619,2,246,clean,test,runs/a11_mixed1m_source_reuse_20260816_140553/a11_reuse_count_histogram.csv
0.0066371681415929,3,247,clean,test,runs/a11_mixed1m_source_reuse_20260816_140553/a11_reuse_count_histogram.csv
0.0088495575221238,4,248,clean,test,runs/a11_mixed1m_source_reuse_20260816_140553/a11_reuse_count_histogram.csv
0.0132743362831858,6,249,clean,test,runs/a11_mixed1m_source_reuse_20260816_140553/a11_reuse_count_histogram.csv
0.0044247787610619,2,250,clean,test,runs/a11_mixed1m_source_reuse_20260816_140553/a11_reuse_count_histogram.csv
0.0044247787610619,2,251,clean,test,runs/a11_mixed1m_source_reuse_20260816_140553/a11_reuse_count_histogram.csv
0.0044247787610619,2,253,clean,test,runs/a11_mixed1m_source_reuse_20260816_140553/a11_reuse_count_histogram.csv
0.0022123893805309,1,255,clean,test,runs/a11_mixed1m_source_reuse_20260816_140553/a11_reuse_count_histogram.csv
0.0022123893805309,1,259,clean,test,runs/a11_mixed1m_source_reuse_20260816_140553/a11_reuse_count_histogram.csv
0.0022123893805309,1,264,clean,test,runs/a11_mixed1m_source_reuse_20260816_140553/a11_reuse_count_histogram.csv
0.0022123893805309,1,276,clean,test,runs/a11_mixed1m_source_reuse_20260816_140553/a11_reuse_count_histogram.csv
0.0029411764705882,1,151,eog,test,runs/a11_mixed1m_source_reuse_20260816_140553/a11_reuse_count_histogram.csv
0.0029411764705882,1,154,eog,test,runs/a11_mixed1m_source_reuse_20260816_140553/a11_reuse_count_histogram.csv
0.0029411764705882,1,155,eog,test,runs/a11_mixed1m_source_reuse_20260816_140553/a11_reuse_count_histogram.csv
0.0029411764705882,1,156,eog,test,runs/a11_mixed1m_source_reuse_20260816_140553/a11_reuse_count_histogram.csv
0.0058823529411764,2,160,eog,test,runs/a11_mixed1m_source_reuse_20260816_140553/a11_reuse_count_histogram.csv
0.0029411764705882,1,161,eog,test,runs/a11_mixed1m_source_reuse_20260816_140553/a11_reuse_count_histogram.csv
0.0088235294117647,3,163,eog,test,runs/a11_mixed1m_source_reuse_20260816_140553/a11_reuse_count_histogram.csv
0.0088235294117647,3,164,eog,test,runs/a11_mixed1m_source_reuse_20260816_140553/a11_reuse_count_histogram.csv
0.0088235294117647,3,165,eog,test,runs/a11_mixed1m_source_reuse_20260816_140553/a11_reuse_count_histogram.csv
0.0058823529411764,2,166,eog,test,runs/a11_mixed1m_source_reuse_20260816_140553/a11_reuse_count_histogram.csv
0.0088235294117647,3,167,eog,test,runs/a11_mixed1m_source_reuse_20260816_140553/a11_reuse_count_histogram.csv
0.0088235294117647,3,168,eog,test,runs/a11_mixed1m_source_reuse_20260816_140553/a11_reuse_count_histogram.csv
0.0088235294117647,3,169,eog,test,runs/a11_mixed1m_source_reuse_20260816_140553/a11_reuse_count_histogram.csv
0.0117647058823529,4,170,eog,test,runs/a11_mixed1m_source_reuse_20260816_140553/a11_reuse_count_histogram.csv
0.0029411764705882,1,171,eog,test,runs/a11_mixed1m_source_reuse_20260816_140553/a11_reuse_count_histogram.csv
0.0147058823529411,5,172,eog,test,runs/a11_mixed1m_source_reuse_20260816_140553/a11_reuse_count_histogram.csv
0.0176470588235294,6,173,eog,test,runs/a11_mixed1m_source_reuse_20260816_140553/a11_reuse_count_histogram.csv
0.0147058823529411,5,174,eog,test,runs/a11_mixed1m_source_reuse_20260816_140553/a11_reuse_count_histogram.csv
0.0147058823529411,5,175,eog,test,runs/a11_mixed1m_source_reuse_20260816_140553/a11_reuse_count_histogram.csv
0.0147058823529411,5,176,eog,test,runs/a11_mixed1m_source_reuse_20260816_140553/a11_reuse_count_histogram.csv
0.0088235294117647,3,177,eog,test,runs/a11_mixed1m_source_reuse_20260816_140553/a11_reuse_count_histogram.csv
0.0294117647058823,10,178,eog,test,runs/a11_mixed1m_source_reuse_20260816_140553/a11_reuse_count_histogram.csv
0.0058823529411764,2,179,eog,test,runs/a11_mixed1m_source_reuse_20260816_140553/a11_reuse_count_histogram.csv
0.0147058823529411,5,180,eog,test,runs/a11_mixed1m_source_reuse_20260816_140553/a11_reuse_count_histogram.csv
0.0147058823529411,5,181,eog,test,runs/a11_mixed1m_source_reuse_20260816_140553/a11_reuse_count_histogram.csv
0.0294117647058823,10,182,eog,test,runs/a11_mixed1m_source_reuse_20260816_140553/a11_reuse_count_histogram.csv
0.0205882352941176,7,183,eog,test,runs/a11_mixed1m_source_reuse_20260816_140553/a11_reuse_count_histogram.csv
0.0264705882352941,9,184,eog,test,runs/a11_mixed1m_source_reuse_20260816_140553/a11_reuse_count_histogram.csv
0.0323529411764705,11,185,eog,test,runs/a11_mixed1m_source_reuse_20260816_140553/a11_reuse_count_histogram.csv
0.0441176470588235,15,186,eog,test,runs/a11_mixed1m_source_reuse_20260816_140553/a11_reuse_count_histogram.csv
0.0205882352941176,7,187,eog,test,runs/a11_mixed1m_source_reuse_20260816_140553/a11_reuse_count_histogram.csv
0.0205882352941176,7,188,eog,test,runs/a11_mixed1m_source_reuse_20260816_140553/a11_reuse_count_histogram.csv
0.0235294117647058,8,189,eog,test,runs/a11_mixed1m_source_reuse_20260816_140553/a11_reuse_count_histogram.csv
0.0264705882352941,9,190,eog,test,runs/a11_mixed1m_source_reuse_20260816_140553/a11_reuse_count_histogram.csv
0.0323529411764705,11,191,eog,test,runs/a11_mixed1m_source_reuse_20260816_140553/a11_reuse_count_histogram.csv
0.0294117647058823,10,192,eog,test,runs/a11_mixed1m_source_reuse_20260816_140553/a11_reuse_count_histogram.csv
0.0294117647058823,10,193,eog,test,runs/a11_mixed1m_source_reuse_20260816_140553/a11_reuse_count_histogram.csv
0.0147058823529411,5,194,eog,test,runs/a11_mixed1m_source_reuse_20260816_140553/a11_reuse_count_histogram.csv
0.0352941176470588,12,195,eog,test,runs/a11_mixed1m_source_reuse_20260816_140553/a11_reuse_count_histogram.csv
0.0323529411764705,11,196,eog,test,runs/a11_mixed1m_source_reuse_20260816_140553/a11_reuse_count_histogram.csv
0.0294117647058823,10,197,eog,test,runs/a11_mixed1m_source_reuse_20260816_140553/a11_reuse_count_histogram.csv
0.0235294117647058,8,198,eog,test,runs/a11_mixed1m_source_reuse_20260816_140553/a11_reuse_count_histogram.csv
0.0264705882352941,9,199,eog,test,runs/a11_mixed1m_source_reuse_20260816_140553/a11_reuse_count_histogram.csv
0.0323529411764705,11,200,eog,test,runs/a11_mixed1m_source_reuse_20260816_140553/a11_reuse_count_histogram.csv
0.0176470588235294,6,201,eog,test,runs/a11_mixed1m_source_reuse_20260816_140553/a11_reuse_count_histogram.csv
0.0147058823529411,5,202,eog,test,runs/a11_mixed1m_source_reuse_20260816_140553/a11_reuse_count_histogram.csv
0.0264705882352941,9,203,eog,test,runs/a11_mixed1m_source_reuse_20260816_140553/a11_reuse_count_histogram.csv
0.0147058823529411,5,204,eog,test,runs/a11_mixed1m_source_reuse_20260816_140553/a11_reuse_count_histogram.csv
0.0147058823529411,5,205,eog,test,runs/a11_mixed1m_source_reuse_20260816_140553/a11_reuse_count_histogram.csv
0.0176470588235294,6,206,eog,test,runs/a11_mixed1m_source_reuse_20260816_140553/a11_reuse_count_histogram.csv
0.0088235294117647,3,207,eog,test,runs/a11_mixed1m_source_reuse_20260816_140553/a11_reuse_count_histogram.csv
0.0117647058823529,4,208,eog,test,runs/a11_mixed1m_source_reuse_20260816_140553/a11_reuse_count_histogram.csv
0.0117647058823529,4,209,eog,test,runs/a11_mixed1m_source_reuse_20260816_140553/a11_reuse_count_histogram.csv
0.0088235294117647,3,210,eog,test,runs/a11_mixed1m_source_reuse_20260816_140553/a11_reuse_count_histogram.csv
0.0117647058823529,4,211,eog,test,runs/a11_mixed1m_source_reuse_20260816_140553/a11_reuse_count_histogram.csv
0.0117647058823529,4,212,eog,test,runs/a11_mixed1m_source_reuse_20260816_140553/a11_reuse_count_histogram.csv
0.0029411764705882,1,213,eog,test,runs/a11_mixed1m_source_reuse_20260816_140553/a11_reuse_count_histogram.csv
0.0088235294117647,3,214,eog,test,runs/a11_mixed1m_source_reuse_20260816_140553/a11_reuse_count_histogram.csv
0.0058823529411764,2,215,eog,test,runs/a11_mixed1m_source_reuse_20260816_140553/a11_reuse_count_histogram.csv
0.0147058823529411,5,216,eog,test,runs/a11_mixed1m_source_reuse_20260816_140553/a11_reuse_count_histogram.csv
0.0029411764705882,1,217,eog,test,runs/a11_mixed1m_source_reuse_20260816_140553/a11_reuse_count_histogram.csv
0.0029411764705882,1,218,eog,test,runs/a11_mixed1m_source_reuse_20260816_140553/a11_reuse_count_histogram.csv
0.0029411764705882,1,221,eog,test,runs/a11_mixed1m_source_reuse_20260816_140553/a11_reuse_count_histogram.csv
0.0029411764705882,1,223,eog,test,runs/a11_mixed1m_source_reuse_20260816_140553/a11_reuse_count_histogram.csv
0.0029411764705882,1,224,eog,test,runs/a11_mixed1m_source_reuse_20260816_140553/a11_reuse_count_histogram.csv
0.0029411764705882,1,225,eog,test,runs/a11_mixed1m_source_reuse_20260816_140553/a11_reuse_count_histogram.csv
0.0029411764705882,1,226,eog,test,runs/a11_mixed1m_source_reuse_20260816_140553/a11_reuse_count_histogram.csv
0.0029411764705882,1,227,eog,test,runs/a11_mixed1m_source_reuse_20260816_140553/a11_reuse_count_histogram.csv
0.0017825311942959,1,82,emg,test,runs/a11_mixed1m_source_reuse_20260816_140553/a11_reuse_count_histogram.csv
0.0017825311942959,1,85,emg,test,runs/a11_mixed1m_source_reuse_20260816_140553/a11_reuse_count_histogram.csv
0.0017825311942959,1,89,emg,test,runs/a11_mixed1m_source_reuse_20260816_140553/a11_reuse_count_histogram.csv
0.0017825311942959,1,91,emg,test,runs/a11_mixed1m_source_reuse_20260816_140553/a11_reuse_count_histogram.csv
0.0071301247771836,4,92,emg,test,runs/a11_mixed1m_source_reuse_20260816_140553/a11_reuse_count_histogram.csv
0.0071301247771836,4,93,emg,test,runs/a11_mixed1m_source_reuse_20260816_140553/a11_reuse_count_histogram.csv
0.0017825311942959,1,94,emg,test,runs/a11_mixed1m_source_reuse_20260816_140553/a11_reuse_count_histogram.csv
0.0106951871657754,6,95,emg,test,runs/a11_mixed1m_source_reuse_20260816_140553/a11_reuse_count_histogram.csv
0.0017825311942959,1,96,emg,test,runs/a11_mixed1m_source_reuse_20260816_140553/a11_reuse_count_histogram.csv
0.0053475935828877,3,97,emg,test,runs/a11_mixed1m_source_reuse_20260816_140553/a11_reuse_count_histogram.csv
0.0196078431372549,11,98,emg,test,runs/a11_mixed1m_source_reuse_20260816_140553/a11_reuse_count_histogram.csv
0.0142602495543672,8,99,emg,test,runs/a11_mixed1m_source_reuse_20260816_140553/a11_reuse_count_histogram.csv
0.0071301247771836,4,100,emg,test,runs/a11_mixed1m_source_reuse_20260816_140553/a11_reuse_count_histogram.csv
0.0071301247771836,4,101,emg,test,runs/a11_mixed1m_source_reuse_20260816_140553/a11_reuse_count_histogram.csv
0.0142602495543672,8,102,emg,test,runs/a11_mixed1m_source_reuse_20260816_140553/a11_reuse_count_histogram.csv
0.0124777183600713,7,103,emg,test,runs/a11_mixed1m_source_reuse_20260816_140553/a11_reuse_count_histogram.csv
0.0160427807486631,9,104,emg,test,runs/a11_mixed1m_source_reuse_20260816_140553/a11_reuse_count_histogram.csv
0.0142602495543672,8,105,emg,test,runs/a11_mixed1m_source_reuse_20260816_140553/a11_reuse_count_histogram.csv
0.017825311942959,10,106,emg,test,runs/a11_mixed1m_source_reuse_20260816_140553/a11_reuse_count_histogram.csv
0.0338680926916221,19,107,emg,test,runs/a11_mixed1m_source_reuse_20260816_140553/a11_reuse_count_histogram.csv
0.0374331550802139,21,108,emg,test,runs/a11_mixed1m_source_reuse_20260816_140553/a11_reuse_count_histogram.csv
0.035650623885918,20,109,emg,test,runs/a11_mixed1m_source_reuse_20260816_140553/a11_reuse_count_histogram.csv
0.0231729055258467,13,110,emg,test,runs/a11_mixed1m_source_reuse_20260816_140553/a11_reuse_count_histogram.csv
0.0392156862745098,22,111,emg,test,runs/a11_mixed1m_source_reuse_20260816_140553/a11_reuse_count_histogram.csv
0.0374331550802139,21,112,emg,test,runs/a11_mixed1m_source_reuse_20260816_140553/a11_reuse_count_histogram.csv
0.0303030303030303,17,113,emg,test,runs/a11_mixed1m_source_reuse_20260816_140553/a11_reuse_count_histogram.csv
0.0481283422459893,27,114,emg,test,runs/a11_mixed1m_source_reuse_20260816_140553/a11_reuse_count_histogram.csv
0.0374331550802139,21,115,emg,test,runs/a11_mixed1m_source_reuse_20260816_140553/a11_reuse_count_histogram.csv
0.0481283422459893,27,116,emg,test,runs/a11_mixed1m_source_reuse_20260816_140553/a11_reuse_count_histogram.csv
0.0320855614973262,18,117,emg,test,runs/a11_mixed1m_source_reuse_20260816_140553/a11_reuse_count_histogram.csv
0.0481283422459893,27,118,emg,test,runs/a11_mixed1m_source_reuse_20260816_140553/a11_reuse_count_histogram.csv
0.053475935828877,30,119,emg,test,runs/a11_mixed1m_source_reuse_20260816_140553/a11_reuse_count_histogram.csv
0.0196078431372549,11,120,emg,test,runs/a11_mixed1m_source_reuse_20260816_140553/a11_reuse_count_histogram.csv
0.0374331550802139,21,121,emg,test,runs/a11_mixed1m_source_reuse_20260816_140553/a11_reuse_count_histogram.csv
0.0303030303030303,17,122,emg,test,runs/a11_mixed1m_source_reuse_20260816_140553/a11_reuse_count_histogram.csv
0.0231729055258467,13,123,emg,test,runs/a11_mixed1m_source_reuse_20260816_140553/a11_reuse_count_histogram.csv
0.0196078431372549,11,124,emg,test,runs/a11_mixed1m_source_reuse_20260816_140553/a11_reuse_count_histogram.csv
0.0267379679144385,15,125,emg,test,runs/a11_mixed1m_source_reuse_20260816_140553/a11_reuse_count_histogram.csv
0.0160427807486631,9,126,emg,test,runs/a11_mixed1m_source_reuse_20260816_140553/a11_reuse_count_histogram.csv
0.0213903743315508,12,127,emg,test,runs/a11_mixed1m_source_reuse_20260816_140553/a11_reuse_count_histogram.csv
0.017825311942959,10,128,emg,test,runs/a11_mixed1m_source_reuse_20260816_140553/a11_reuse_count_histogram.csv
0.0231729055258467,13,129,emg,test,runs/a11_mixed1m_source_reuse_20260816_140553/a11_reuse_count_histogram.csv
0.0160427807486631,9,130,emg,test,runs/a11_mixed1m_source_reuse_20260816_140553/a11_reuse_count_histogram.csv
0.017825311942959,10,131,emg,test,runs/a11_mixed1m_source_reuse_20260816_140553/a11_reuse_count_histogram.csv
0.0106951871657754,6,132,emg,test,runs/a11_mixed1m_source_reuse_20260816_140553/a11_reuse_count_histogram.csv
0.0089126559714795,5,133,emg,test,runs/a11_mixed1m_source_reuse_20260816_140553/a11_reuse_count_histogram.csv
0.0089126559714795,5,134,emg,test,runs/a11_mixed1m_source_reuse_20260816_140553/a11_reuse_count_histogram.csv
0.0035650623885918,2,135,emg,test,runs/a11_mixed1m_source_reuse_20260816_140553/a11_reuse_count_histogram.csv
0.0053475935828877,3,136,emg,test,runs/a11_mixed1m_source_reuse_20260816_140553/a11_reuse_count_histogram.csv
0.0053475935828877,3,137,emg,test,runs/a11_mixed1m_source_reuse_20260816_140553/a11_reuse_count_histogram.csv
0.0089126559714795,5,138,emg,test,runs/a11_mixed1m_source_reuse_20260816_140553/a11_reuse_count_histogram.csv
0.0035650623885918,2,139,emg,test,runs/a11_mixed1m_source_reuse_20260816_140553/a11_reuse_count_histogram.csv
0.0017825311942959,1,142,emg,test,runs/a11_mixed1m_source_reuse_20260816_140553/a11_reuse_count_histogram.csv
0.0017825311942959,1,143,emg,test,runs/a11_mixed1m_source_reuse_20260816_140553/a11_reuse_count_histogram.csv
0.0035650623885918,2,144,emg,test,runs/a11_mixed1m_source_reuse_20260816_140553/a11_reuse_count_histogram.csv
