run_id,dataset,subject,base,n_checkpoints,train_seeds,n_eval_total_per_checkpoint,CC,MSE,RMSE,T_RRMSE,S_RRMSE,SDR,PSD_KLD,PSD_WD,source_file
a7_bci_zero_shot_all_subjects_20260815_000000,BCI_IV2a,A01,2,3,42 43 44,816,0.6846669382519193,0.238890442583296,0.4758871462610032,0.7515130374166701,0.806935985883077,2.561195479498969,0.7779608170191447,8.466547277238634,runs/a7_bci_zero_shot_all_subjects_20260815_000000/a7_subject_width_rows.csv
a7_bci_zero_shot_all_subjects_20260815_000000,BCI_IV2a,A01,4,3,42 43 44,816,0.7295436792903477,0.2021750277943081,0.4377094838354323,0.6924904055065578,0.7259459098180135,3.289498700035943,0.546691914399465,7.196685896979438,runs/a7_bci_zero_shot_all_subjects_20260815_000000/a7_subject_width_rows.csv
a7_bci_zero_shot_all_subjects_20260815_000000,BCI_IV2a,A01,6,3,42 43 44,816,0.7366874085532295,0.196278765797615,0.4308811955981784,0.6821237868732876,0.6974817911783854,3.4346439838409424,0.4982221391465928,6.769190576341417,runs/a7_bci_zero_shot_all_subjects_20260815_000000/a7_subject_width_rows.csv
a7_bci_zero_shot_all_subjects_20260815_000000,BCI_IV2a,A01,8,3,42 43 44,816,0.742039269871182,0.1927596231301625,0.4265228145652347,0.6748862597677443,0.6539527244038051,3.531625297334459,0.4662180708514319,6.7034436331854925,runs/a7_bci_zero_shot_all_subjects_20260815_000000/a7_subject_width_rows.csv
a7_bci_zero_shot_all_subjects_20260815_000000,BCI_IV2a,A01,16,3,42 43 44,816,0.741284085644616,0.1918841633531782,0.4250010914272732,0.6723466846677992,0.6123115950160556,3.5732365714179144,0.4507406817542182,6.755079958173964,runs/a7_bci_zero_shot_all_subjects_20260815_000000/a7_subject_width_rows.csv
a7_bci_zero_shot_all_subjects_20260815_000000,BCI_IV2a,A02,2,3,42 43 44,804,0.6626495454046462,0.2457287791702482,0.4820284148057301,0.7618317339155409,0.7278262244330512,2.4964814715915256,1.264188806215922,20.692957560221355,runs/a7_bci_zero_shot_all_subjects_20260815_000000/a7_subject_width_rows.csv
a7_bci_zero_shot_all_subjects_20260815_000000,BCI_IV2a,A02,4,3,42 43 44,804,0.690681517124176,0.2232328057289123,0.4574074182245466,0.7226739393340217,0.662126726574368,2.992553340064154,1.0772787928581238,20.29831949869792,runs/a7_bci_zero_shot_all_subjects_20260815_000000/a7_subject_width_rows.csv
a7_bci_zero_shot_all_subjects_20260815_000000,BCI_IV2a,A02,6,3,42 43 44,804,0.6938196221987407,0.2209464427497652,0.4546507199605306,0.7181267473432753,0.6497790614763896,3.0542319880591497,1.1152290768093531,20.27134047614204,runs/a7_bci_zero_shot_all_subjects_20260815_000000/a7_subject_width_rows.csv
a7_bci_zero_shot_all_subjects_20260815_000000,BCI_IV2a,A02,8,3,42 43 44,804,0.6844287912050883,0.2227271182669533,0.4564929637644026,0.7208718458811442,0.6399890184402466,3.0215955045488148,1.1992446846432157,21.15730158487956,runs/a7_bci_zero_shot_all_subjects_20260815_000000/a7_subject_width_rows.csv
a7_bci_zero_shot_all_subjects_20260815_000000,BCI_IV2a,A02,16,3,42 43 44,804,0.672268807888031,0.2279323057995902,0.4619970056745741,0.7303536004490322,0.6678347918722365,2.9169705973731146,1.3408059941397772,21.906556023491756,runs/a7_bci_zero_shot_all_subjects_20260815_000000/a7_subject_width_rows.csv
a7_bci_zero_shot_all_subjects_20260815_000000,BCI_IV2a,A03,2,3,42 43 44,786,0.6804080075687833,0.2337837037112977,0.4746222131782108,0.7484142912758721,0.6535819901360406,2.5982319513956704,1.2134888238377042,20.30105845133464,runs/a7_bci_zero_shot_all_subjects_20260815_000000/a7_subject_width_rows.csv
a7_bci_zero_shot_all_subjects_20260815_000000,BCI_IV2a,A03,4,3,42 43 44,786,0.6976540949609544,0.2203671452071931,0.4600073827637566,0.725245992342631,0.6134681436750624,2.885181771384345,1.0418416791492038,20.28447935316298,runs/a7_bci_zero_shot_all_subjects_20260815_000000/a7_subject_width_rows.csv
a7_bci_zero_shot_all_subjects_20260815_000000,BCI_IV2a,A03,6,3,42 43 44,786,0.6970135834481981,0.2203242149617937,0.4597762293285793,0.7245923148261176,0.6063711510764228,2.893907149632772,1.0948406921492682,20.34199502733019,runs/a7_bci_zero_shot_all_subjects_20260815_000000/a7_subject_width_rows.csv
a7_bci_zero_shot_all_subjects_20260815_000000,BCI_IV2a,A03,8,3,42 43 44,786,0.6926326221889919,0.2210719618532392,0.4606172839800517,0.7258225944307115,0.5867560108502705,2.877418120702108,1.1757065720028348,21.09592628479004,runs/a7_bci_zero_shot_all_subjects_20260815_000000/a7_subject_width_rows.csv
a7_bci_zero_shot_all_subjects_20260815_000000,BCI_IV2a,A03,16,3,42 43 44,786,0.6817335486412048,0.2260807255903879,0.4660416841506958,0.7349935173988342,0.5848292178577847,2.77156310611301,1.3209474484125774,21.85211944580078,runs/a7_bci_zero_shot_all_subjects_20260815_000000/a7_subject_width_rows.csv
a7_bci_zero_shot_all_subjects_20260815_000000,BCI_IV2a,A04,2,3,42 43 44,756,0.7671263813972473,0.1941370384560691,0.4272258679072062,0.6681329011917114,0.726858033074273,3.621129565768772,0.6635589798291524,8.206970585717094,runs/a7_bci_zero_shot_all_subjects_20260815_000000/a7_subject_width_rows.csv
a7_bci_zero_shot_all_subjects_20260815_000000,BCI_IV2a,A04,4,3,42 43 44,756,0.8100486662652757,0.1539346343941158,0.378959231906467,0.5928587052557204,0.6077147523562113,4.692831039428711,0.433259023560418,6.68443579143948,runs/a7_bci_zero_shot_all_subjects_20260815_000000/a7_subject_width_rows.csv
a7_bci_zero_shot_all_subjects_20260815_000000,BCI_IV2a,A04,6,3,42 43 44,756,0.8184601532088386,0.1473438342412313,0.3700407644112904,0.5790972510973612,0.582556770907508,4.915920257568359,0.3913082281748454,6.150395022498237,runs/a7_bci_zero_shot_all_subjects_20260815_000000/a7_subject_width_rows.csv
a7_bci_zero_shot_all_subjects_20260815_000000,BCI_IV2a,A04,8,3,42 43 44,756,0.8214663929409451,0.1453051120042801,0.3667031294769711,0.5733069578806559,0.5598092873891195,5.012423992156982,0.3853546612792545,6.13173156314426,runs/a7_bci_zero_shot_all_subjects_20260815_000000/a7_subject_width_rows.csv
a7_bci_zero_shot_all_subjects_20260815_000000,BCI_IV2a,A04,16,3,42 43 44,756,0.8223958479033576,0.1434789912568198,0.3640966018040975,0.5692297750049167,0.5391549732949998,5.081780009799534,0.3907866544193691,6.1923441886901855,runs/a7_bci_zero_shot_all_subjects_20260815_000000/a7_subject_width_rows.csv
a7_bci_zero_shot_all_subjects_20260815_000000,BCI_IV2a,A05,2,3,42 43 44,819,0.5693955421447754,0.3114132384459178,0.5456654495663112,0.8610634538862441,0.9292220407062108,1.3557729985978868,1.4352574480904474,18.30130386352539,runs/a7_bci_zero_shot_all_subjects_20260815_000000/a7_subject_width_rows.csv
a7_bci_zero_shot_all_subjects_20260815_000000,BCI_IV2a,A05,4,3,42 43 44,819,0.6148624685075548,0.2756032745043437,0.5111967623233795,0.8079873455895318,0.8661652339829339,1.9556189907921688,1.306255751185947,17.437462276882595,runs/a7_bci_zero_shot_all_subjects_20260815_000000/a7_subject_width_rows.csv
a7_bci_zero_shot_all_subjects_20260815_000000,BCI_IV2a,A05,6,3,42 43 44,819,0.6114286382993063,0.2743647926383548,0.5088438954618242,0.804865234427982,0.8414880898263719,2.018024894926283,1.322577502992418,17.466228908962673,runs/a7_bci_zero_shot_all_subjects_20260815_000000/a7_subject_width_rows.csv
a7_bci_zero_shot_all_subjects_20260815_000000,BCI_IV2a,A05,8,3,42 43 44,819,0.6269554628266228,0.2666322390238444,0.50098717212677,0.7923187878396776,0.81017005443573,2.16446942753262,1.3232097625732422,17.585610919528538,runs/a7_bci_zero_shot_all_subjects_20260815_000000/a7_subject_width_rows.csv
a7_bci_zero_shot_all_subjects_20260815_000000,BCI_IV2a,A05,16,3,42 43 44,819,0.6362347536616855,0.2557011594374974,0.4908187058236864,0.7763225502438015,0.7641961442099677,2.339195516374376,1.2882890303929646,18.047252443101677,runs/a7_bci_zero_shot_all_subjects_20260815_000000/a7_subject_width_rows.csv
a7_bci_zero_shot_all_subjects_20260815_000000,BCI_IV2a,A06,2,3,42 43 44,807,0.6977217197418213,0.2250525487793816,0.4657566414939033,0.7368350889947679,0.6175115505854288,2.7794708675808377,0.4715043505032857,5.99192115995619,runs/a7_bci_zero_shot_all_subjects_20260815_000000/a7_subject_width_rows.csv
a7_bci_zero_shot_all_subjects_20260815_000000,BCI_IV2a,A06,4,3,42 43 44,807,0.7174489961730109,0.2193442053265041,0.4594277607070075,0.730024258295695,0.5856795774565803,2.9084503915574818,0.3545570737785763,5.062863190968831,runs/a7_bci_zero_shot_all_subjects_20260815_000000/a7_subject_width_rows.csv
a7_bci_zero_shot_all_subjects_20260815_000000,BCI_IV2a,A06,6,3,42 43 44,807,0.7208980454338921,0.21940944592158,0.4593522416220771,0.7307220697402954,0.5783145427703857,2.9139219654930963,0.3320684333642323,4.84038586086697,runs/a7_bci_zero_shot_all_subjects_20260815_000000/a7_subject_width_rows.csv
a7_bci_zero_shot_all_subjects_20260815_000000,BCI_IV2a,A06,8,3,42 43 44,807,0.7207813130484687,0.2241569774018393,0.463930543926027,0.7382785280545553,0.5828756822480096,2.8342357211642795,0.3297272225220998,4.825039598676893,runs/a7_bci_zero_shot_all_subjects_20260815_000000/a7_subject_width_rows.csv
a7_bci_zero_shot_all_subjects_20260815_000000,BCI_IV2a,A06,16,3,42 43 44,807,0.718599345948961,0.2257524381081263,0.4656309220525953,0.741676476266649,0.5845558510886298,2.80270971192254,0.3421435058116913,4.954464753468831,runs/a7_bci_zero_shot_all_subjects_20260815_000000/a7_subject_width_rows.csv
a7_bci_zero_shot_all_subjects_20260815_000000,BCI_IV2a,A07,2,3,42 43 44,813,0.7513853046629164,0.1883442832363976,0.4219188789526621,0.6780022713873122,0.712549520863427,3.493058522542318,0.6217525998751322,7.053609000311957,runs/a7_bci_zero_shot_all_subjects_20260815_000000/a7_subject_width_rows.csv
a7_bci_zero_shot_all_subjects_20260815_000000,BCI_IV2a,A07,4,3,42 43 44,813,0.7872412602106731,0.1577726089292102,0.3853595389260186,0.6195992628733317,0.6102857324812148,4.294286674923368,0.439461092154185,5.89409425523546,runs/a7_bci_zero_shot_all_subjects_20260815_000000/a7_subject_width_rows.csv
a7_bci_zero_shot_all_subjects_20260815_000000,BCI_IV2a,A07,6,3,42 43 44,813,0.7906558977233039,0.1552712387508816,0.3818603952725728,0.6141581800248888,0.5937484701474508,4.3821832868787975,0.4166748325030009,5.6581818792555065,runs/a7_bci_zero_shot_all_subjects_20260815_000000/a7_subject_width_rows.csv
a7_bci_zero_shot_all_subjects_20260815_000000,BCI_IV2a,A07,8,3,42 43 44,813,0.7951702210638258,0.152332271138827,0.3778708279132843,0.6073355542288886,0.5685467190212674,4.481045987870958,0.4063503709104326,5.579600705040826,runs/a7_bci_zero_shot_all_subjects_20260815_000000/a7_subject_width_rows.csv
a7_bci_zero_shot_all_subjects_20260815_000000,BCI_IV2a,A07,16,3,42 43 44,813,0.7937671211030748,0.1527610669533411,0.3780958520041572,0.6074340211020576,0.5465947323375278,4.480952103932698,0.3954630692799886,5.61496278974745,runs/a7_bci_zero_shot_all_subjects_20260815_000000/a7_subject_width_rows.csv
a7_bci_zero_shot_all_subjects_20260815_000000,BCI_IV2a,A08,2,3,42 43 44,819,0.7457658582263522,0.1890241569942898,0.4254651996824476,0.6736899415651957,0.5255183080832163,3.5203406280941434,0.8094525900151994,14.090118302239311,runs/a7_bci_zero_shot_all_subjects_20260815_000000/a7_subject_width_rows.csv
a7_bci_zero_shot_all_subjects_20260815_000000,BCI_IV2a,A08,4,3,42 43 44,819,0.7764474749565125,0.169452675514751,0.4009160962369706,0.6344984836048551,0.4853341016504499,4.076062361399333,0.578432493739658,12.954944716559517,runs/a7_bci_zero_shot_all_subjects_20260815_000000/a7_subject_width_rows.csv
a7_bci_zero_shot_all_subjects_20260815_000000,BCI_IV2a,A08,6,3,42 43 44,819,0.7806143893135918,0.1677376214000913,0.3984995947943793,0.6308194001515707,0.4823322958416409,4.137396812438965,0.5480036205715604,12.48046726650662,runs/a7_bci_zero_shot_all_subjects_20260815_000000/a7_subject_width_rows.csv
a7_bci_zero_shot_all_subjects_20260815_000000,BCI_IV2a,A08,8,3,42 43 44,819,0.7678575846883986,0.1782212687863243,0.4096235235532124,0.6480010218090482,0.5315049886703491,3.924966785642836,0.6274082793129815,13.396613226996529,runs/a7_bci_zero_shot_all_subjects_20260815_000000/a7_subject_width_rows.csv
a7_bci_zero_shot_all_subjects_20260815_000000,BCI_IV2a,A08,16,3,42 43 44,819,0.7604184084468417,0.1833730240662892,0.4158904453118642,0.6588713394271003,0.5452067951361338,3.786374171574911,0.7096051110161675,13.94478628370497,runs/a7_bci_zero_shot_all_subjects_20260815_000000/a7_subject_width_rows.csv
a7_bci_zero_shot_all_subjects_20260815_000000,BCI_IV2a,A09,2,3,42 43 44,810,0.7540799842940437,0.1890066663424174,0.422641310426924,0.6789162026511298,0.4848103920618692,3.543810394075181,0.26417552265856,3.2934608459472656,runs/a7_bci_zero_shot_all_subjects_20260815_000000/a7_subject_width_rows.csv
a7_bci_zero_shot_all_subjects_20260815_000000,BCI_IV2a,A09,4,3,42 43 44,810,0.7852792077594334,0.1674647728602091,0.3968799975183275,0.6388505101203918,0.4334870345062679,4.11795695622762,0.2033406330479515,2.518454233805339,runs/a7_bci_zero_shot_all_subjects_20260815_000000/a7_subject_width_rows.csv
a7_bci_zero_shot_all_subjects_20260815_000000,BCI_IV2a,A09,6,3,42 43 44,810,0.7867530783017477,0.1693886054886711,0.3985570636060502,0.6422127882639567,0.4337595933013492,4.09674678908454,0.1892700178755654,2.3245551851060657,runs/a7_bci_zero_shot_all_subjects_20260815_000000/a7_subject_width_rows.csv
a7_bci_zero_shot_all_subjects_20260815_000000,BCI_IV2a,A09,8,3,42 43 44,810,0.786063724093967,0.1710524062315623,0.3999610907501644,0.6441446211602952,0.4390121301015218,4.077654441197714,0.1931025601095623,2.332958459854126,runs/a7_bci_zero_shot_all_subjects_20260815_000000/a7_subject_width_rows.csv
a7_bci_zero_shot_all_subjects_20260815_000000,BCI_IV2a,A09,16,3,42 43 44,810,0.7853515942891439,0.1706050038337707,0.3993956877125634,0.6431124409039816,0.433699349562327,4.09194016456604,0.1980239931080076,2.367606110042996,runs/a7_bci_zero_shot_all_subjects_20260815_000000/a7_subject_width_rows.csv
a7_bci_zero_shot_all_subjects_20260815_000000,BCI_IV2b,B01,2,3,42 43 44,1500,0.7337985436121623,0.2097943094041612,0.4453350371784634,0.7046915226512486,0.6174608336554633,3.191266324785021,0.4003124501970079,4.875823842154609,runs/a7_bci_zero_shot_all_subjects_20260815_000000/a7_subject_width_rows.csv
a7_bci_zero_shot_all_subjects_20260815_000000,BCI_IV2b,B01,4,3,42 43 44,1500,0.7701469328668382,0.1821858568323983,0.4136881099806891,0.6556343899832832,0.511215607325236,3.862685124079386,0.254241031077173,3.505806710984972,runs/a7_bci_zero_shot_all_subjects_20260815_000000/a7_subject_width_rows.csv
a7_bci_zero_shot_all_subjects_20260815_000000,BCI_IV2b,B01,6,3,42 43 44,1500,0.7708498239517212,0.1837777694066365,0.415318661265903,0.6589107380972968,0.5041357543733385,3.833976639641656,0.2353971766100989,3.292172988255819,runs/a7_bci_zero_shot_all_subjects_20260815_000000/a7_subject_width_rows.csv
a7_bci_zero_shot_all_subjects_20260815_000000,BCI_IV2b,B01,8,3,42 43 44,1500,0.7666387028164334,0.1903875238365597,0.4219989677270253,0.6692763302061293,0.518738779756758,3.7131075859069824,0.229670665330357,3.2668872939215765,runs/a7_bci_zero_shot_all_subjects_20260815_000000/a7_subject_width_rows.csv
a7_bci_zero_shot_all_subjects_20260815_000000,BCI_IV2b,B01,16,3,42 43 44,1500,0.7622248596615262,0.195931926369667,0.4281463291909959,0.6794795791308086,0.5279640025562711,3.5893520514170327,0.231008736623658,3.282476822535197,runs/a7_bci_zero_shot_all_subjects_20260815_000000/a7_subject_width_rows.csv
a7_bci_zero_shot_all_subjects_20260815_000000,BCI_IV2b,B02,2,3,42 43 44,1500,0.6832057899898953,0.2521272086434894,0.4895699355337355,0.7745715843306648,0.8093542125489976,2.336841212378608,0.7686098350418938,7.666156874762641,runs/a7_bci_zero_shot_all_subjects_20260815_000000/a7_subject_width_rows.csv
a7_bci_zero_shot_all_subjects_20260815_000000,BCI_IV2b,B02,4,3,42 43 44,1500,0.7075777451197306,0.2239229496982362,0.4592493242687649,0.728189057774014,0.7135953108469645,2.9321156077914767,0.5982682241333855,6.783473756578234,runs/a7_bci_zero_shot_all_subjects_20260815_000000/a7_subject_width_rows.csv
a7_bci_zero_shot_all_subjects_20260815_000000,BCI_IV2b,B02,6,3,42 43 44,1500,0.7059676316049364,0.224442602859603,0.4586131307813856,0.7278175354003906,0.6894041299819946,2.966116984685262,0.5498195124997033,6.51332786348131,runs/a7_bci_zero_shot_all_subjects_20260815_000000/a7_subject_width_rows.csv
a7_bci_zero_shot_all_subjects_20260815_000000,BCI_IV2b,B02,8,3,42 43 44,1500,0.7208960254987081,0.2227432131767273,0.4563587572839525,0.7239218884044224,0.6620859503746033,3.020471466912164,0.5118360916773478,6.352254337734647,runs/a7_bci_zero_shot_all_subjects_20260815_000000/a7_subject_width_rows.csv
a7_bci_zero_shot_all_subjects_20260815_000000,BCI_IV2b,B02,16,3,42 43 44,1500,0.7157978614171346,0.2282314515776104,0.4614356524414486,0.7322607570224338,0.6490257051255968,2.93650394015842,0.4700441691610548,6.159260696834988,runs/a7_bci_zero_shot_all_subjects_20260815_000000/a7_subject_width_rows.csv
a7_bci_zero_shot_all_subjects_20260815_000000,BCI_IV2b,B03,2,3,42 43 44,1500,0.7400191227595011,0.2025716486904356,0.4363062481085459,0.6847266488605075,0.6462506055831909,3.4500300619337296,0.4165952172544268,3.924253278308445,runs/a7_bci_zero_shot_all_subjects_20260815_000000/a7_subject_width_rows.csv
a7_bci_zero_shot_all_subjects_20260815_000000,BCI_IV2b,B03,4,3,42 43 44,1500,0.7653862833976746,0.1805722034639782,0.4108592437373267,0.6458557380570306,0.5552984277407329,3.994623793496026,0.3177933444579442,3.820136467615763,runs/a7_bci_zero_shot_all_subjects_20260815_000000/a7_subject_width_rows.csv
a7_bci_zero_shot_all_subjects_20260815_000000,BCI_IV2b,B03,6,3,42 43 44,1500,0.7679024073812697,0.1794277495808071,0.4091777602831523,0.6441789600584242,0.5319734480645921,4.037962251239353,0.2887190944618649,3.686528020434909,runs/a7_bci_zero_shot_all_subjects_20260815_000000/a7_subject_width_rows.csv
a7_bci_zero_shot_all_subjects_20260815_000000,BCI_IV2b,B03,8,3,42 43 44,1500,0.7687910066710578,0.1793014076020982,0.4086100459098816,0.6430546972486708,0.5246276921696134,4.058780882093641,0.2805347144603729,3.6937616401248503,runs/a7_bci_zero_shot_all_subjects_20260815_000000/a7_subject_width_rows.csv
a7_bci_zero_shot_all_subjects_20260815_000000,BCI_IV2b,B03,16,3,42 43 44,1500,0.7678631742795309,0.1807086120049158,0.4099541538291507,0.645473771625095,0.5160003933641646,4.036822107103136,0.2711001121335559,3.6219095389048257,runs/a7_bci_zero_shot_all_subjects_20260815_000000/a7_subject_width_rows.csv
a7_bci_zero_shot_all_subjects_20260815_000000,BCI_IV2b,B04,2,3,42 43 44,1500,0.762662774986691,0.1913683580027686,0.4205240209897359,0.6565829846594069,0.5134497880935669,3.85567569732666,0.6784500794278251,8.270643552144367,runs/a7_bci_zero_shot_all_subjects_20260815_000000/a7_subject_width_rows.csv
a7_bci_zero_shot_all_subjects_20260815_000000,BCI_IV2b,B04,4,3,42 43 44,1500,0.7833771639400058,0.1715476827489005,0.3961213065518273,0.620033688015408,0.4635984202226003,4.42203958829244,0.5893110964033339,7.709359645843506,runs/a7_bci_zero_shot_all_subjects_20260815_000000/a7_subject_width_rows.csv
a7_bci_zero_shot_all_subjects_20260815_000000,BCI_IV2b,B04,6,3,42 43 44,1500,0.784271240234375,0.1716326922178268,0.3954065243403117,0.6189980838033888,0.4580918716059791,4.454268985324435,0.5901934802532196,7.599655283821954,runs/a7_bci_zero_shot_all_subjects_20260815_000000/a7_subject_width_rows.csv
a7_bci_zero_shot_all_subjects_20260815_000000,BCI_IV2b,B04,8,3,42 43 44,1500,0.7859710786077712,0.1711853444576263,0.3945242232746548,0.6177257895469666,0.4564553068743812,4.484511719809638,0.625063525305854,7.6434961160024,runs/a7_bci_zero_shot_all_subjects_20260815_000000/a7_subject_width_rows.csv
a7_bci_zero_shot_all_subjects_20260815_000000,BCI_IV2b,B04,16,3,42 43 44,1500,0.7815587719281515,0.1755816489458084,0.3993026912212372,0.6246809893184238,0.4579095211293962,4.385003884633382,0.6280565824773576,7.676808410220676,runs/a7_bci_zero_shot_all_subjects_20260815_000000/a7_subject_width_rows.csv
a7_bci_zero_shot_all_subjects_20260815_000000,BCI_IV2b,B05,2,3,42 43 44,1500,0.7184514668252733,0.222860284977489,0.4565858244895935,0.7162715527746413,0.5924630297554864,3.0627191066741943,0.4048361049758063,4.284797615475124,runs/a7_bci_zero_shot_all_subjects_20260815_000000/a7_subject_width_rows.csv
a7_bci_zero_shot_all_subjects_20260815_000000,BCI_IV2b,B05,4,3,42 43 44,1500,0.7453963491651747,0.2063156018654505,0.4367849032084147,0.6858912838829888,0.5625240868992275,3.497270319196913,0.3213100300894843,3.479645888010661,runs/a7_bci_zero_shot_all_subjects_20260815_000000/a7_subject_width_rows.csv
a7_bci_zero_shot_all_subjects_20260815_000000,BCI_IV2b,B05,6,3,42 43 44,1500,0.7490823931164212,0.2086472908655802,0.4376666181617313,0.6884836157162985,0.5985929568608602,3.5065966977013483,0.295918411678738,3.264511585235596,runs/a7_bci_zero_shot_all_subjects_20260815_000000/a7_subject_width_rows.csv
a7_bci_zero_shot_all_subjects_20260815_000000,BCI_IV2b,B05,8,3,42 43 44,1500,0.7502749959627787,0.2078986863295237,0.4364351133505503,0.686014731725057,0.5859216252962748,3.54081212149726,0.2922145856751336,3.2658390204111734,runs/a7_bci_zero_shot_all_subjects_20260815_000000/a7_subject_width_rows.csv
a7_bci_zero_shot_all_subjects_20260815_000000,BCI_IV2b,B05,16,3,42 43 44,1500,0.7479740116331313,0.2103757510582606,0.4387439853615231,0.6894586284955343,0.5818796356519064,3.499913533528646,0.2919284701347351,3.318837563196818,runs/a7_bci_zero_shot_all_subjects_20260815_000000/a7_subject_width_rows.csv
a7_bci_zero_shot_all_subjects_20260815_000000,BCI_IV2b,B06,2,3,42 43 44,1500,0.7551668882369995,0.1970250523752636,0.4291855461067623,0.6707576248380873,0.6479085882504781,3.610922230614556,0.4618279569678836,4.956489589479235,runs/a7_bci_zero_shot_all_subjects_20260815_000000/a7_subject_width_rows.csv
a7_bci_zero_shot_all_subjects_20260815_000000,BCI_IV2b,B06,4,3,42 43 44,1500,0.7794793314403958,0.1764621833960215,0.4044096999698215,0.6321343315972222,0.5886046224170262,4.1658669577704535,0.3572176396846771,4.300862232844035,runs/a7_bci_zero_shot_all_subjects_20260815_000000/a7_subject_width_rows.csv
a7_bci_zero_shot_all_subjects_20260815_000000,BCI_IV2b,B06,6,3,42 43 44,1500,0.7832611401875814,0.1726906547943751,0.3997828066349029,0.6254243188434178,0.5714361667633057,4.271344025929769,0.3352236880196465,4.052685949537489,runs/a7_bci_zero_shot_all_subjects_20260815_000000/a7_subject_width_rows.csv
a7_bci_zero_shot_all_subjects_20260815_000000,BCI_IV2b,B06,8,3,42 43 44,1500,0.784132613076104,0.1725658675034841,0.3990518814987606,0.6236250201861063,0.565500537554423,4.301314883761936,0.3337403403388129,4.104195170932346,runs/a7_bci_zero_shot_all_subjects_20260815_000000/a7_subject_width_rows.csv
a7_bci_zero_shot_all_subjects_20260815_000000,BCI_IV2b,B06,16,3,42 43 44,1500,0.7813814481099447,0.1733080744743347,0.3997759057415856,0.6246435112423367,0.5639666716257731,4.2881209055582685,0.3423336247603099,4.2089784145355225,runs/a7_bci_zero_shot_all_subjects_20260815_000000/a7_subject_width_rows.csv
a7_bci_zero_shot_all_subjects_20260815_000000,BCI_IV2b,B07,2,3,42 43 44,1500,0.6498958667119344,0.2632596691449483,0.4993342955907185,0.7812041507826911,0.7409392727745904,2.2591946257485285,1.0675773885515,15.027853700849745,runs/a7_bci_zero_shot_all_subjects_20260815_000000/a7_subject_width_rows.csv
a7_bci_zero_shot_all_subjects_20260815_000000,BCI_IV2b,B07,4,3,42 43 44,1500,0.6791717211405437,0.2384674201409022,0.4737739231851365,0.7418755226665072,0.666154404481252,2.744526783625285,0.8708406620555453,14.42295053270128,runs/a7_bci_zero_shot_all_subjects_20260815_000000/a7_subject_width_rows.csv
a7_bci_zero_shot_all_subjects_20260815_000000,BCI_IV2b,B07,6,3,42 43 44,1500,0.6750437749756707,0.2401646127303441,0.474969959921307,0.7439166704813639,0.6709138287438287,2.7334927717844644,0.9064781798256768,14.45255872938368,runs/a7_bci_zero_shot_all_subjects_20260815_000000/a7_subject_width_rows.csv
a7_bci_zero_shot_all_subjects_20260815_000000,BCI_IV2b,B07,8,3,42 43 44,1500,0.67048446337382,0.2430651999182171,0.4776307079527113,0.7476946380403307,0.6720825036366781,2.6887673007117376,0.9294335842132568,14.91263845231798,runs/a7_bci_zero_shot_all_subjects_20260815_000000/a7_subject_width_rows.csv
a7_bci_zero_shot_all_subjects_20260815_000000,BCI_IV2b,B07,16,3,42 43 44,1500,0.6594489812850952,0.2496817724572287,0.4841451280646854,0.7583944466378953,0.6837503645155165,2.5708713266584606,0.9924462172720168,15.388959990607368,runs/a7_bci_zero_shot_all_subjects_20260815_000000/a7_subject_width_rows.csv
a7_bci_zero_shot_all_subjects_20260815_000000,BCI_IV2b,B08,2,3,42 43 44,1500,0.7617263595263163,0.2052080316676033,0.4379737443394131,0.6950961483849419,0.4927151964770423,3.3643105824788413,0.2988118115398619,4.001494540108575,runs/a7_bci_zero_shot_all_subjects_20260815_000000/a7_subject_width_rows.csv
a7_bci_zero_shot_all_subjects_20260815_000000,BCI_IV2b,B08,4,3,42 43 44,1500,0.7833983500798544,0.1885382963551415,0.4210099445448981,0.6718069447411431,0.465822289387385,3.699232578277588,0.2274815340836843,3.1722849475012884,runs/a7_bci_zero_shot_all_subjects_20260815_000000/a7_subject_width_rows.csv
a7_bci_zero_shot_all_subjects_20260815_000000,BCI_IV2b,B08,6,3,42 43 44,1500,0.7831164863374498,0.1903473552730348,0.4229629702038235,0.6754979822370741,0.4691916472382015,3.66023924615648,0.2184625102414025,3.0578878455691867,runs/a7_bci_zero_shot_all_subjects_20260815_000000/a7_subject_width_rows.csv
a7_bci_zero_shot_all_subjects_20260815_000000,BCI_IV2b,B08,8,3,42 43 44,1500,0.7800672584109837,0.1943199005391862,0.4270305633544922,0.6823665499687195,0.4956389698717329,3.58461078008016,0.2284333242310418,3.1535257233513727,runs/a7_bci_zero_shot_all_subjects_20260815_000000/a7_subject_width_rows.csv
a7_bci_zero_shot_all_subjects_20260815_000000,BCI_IV2b,B08,16,3,42 43 44,1500,0.7753837903340658,0.1996990938981374,0.4330398639043172,0.6912840538554721,0.5012575222386254,3.458944241205851,0.2381242364645004,3.2050948672824435,runs/a7_bci_zero_shot_all_subjects_20260815_000000/a7_subject_width_rows.csv
a7_bci_zero_shot_all_subjects_20260815_000000,BCI_IV2b,B09,2,3,42 43 44,1500,0.7354674206839668,0.2156069212489658,0.4504883819156223,0.7021121117803786,0.587900737921397,3.2262902789645724,0.3743892676300472,4.481853855980767,runs/a7_bci_zero_shot_all_subjects_20260815_000000/a7_subject_width_rows.csv
a7_bci_zero_shot_all_subjects_20260815_000000,BCI_IV2b,B09,4,3,42 43 44,1500,0.7618935969140794,0.1973727064000235,0.4303804470433129,0.6739142272207472,0.5287763310803307,3.63957773314582,0.2700979361931483,3.4139454629686146,runs/a7_bci_zero_shot_all_subjects_20260815_000000/a7_subject_width_rows.csv
a7_bci_zero_shot_all_subjects_20260815_000000,BCI_IV2b,B09,6,3,42 43 44,1500,0.7628004286024306,0.1984850847058826,0.431498689783944,0.6765614814228482,0.5324109461572435,3.619269265068902,0.257471438911226,3.260323259565565,runs/a7_bci_zero_shot_all_subjects_20260815_000000/a7_subject_width_rows.csv
a7_bci_zero_shot_all_subjects_20260815_000000,BCI_IV2b,B09,8,3,42 43 44,1500,0.7601748307545979,0.2026321738958358,0.4355597264236874,0.6828455726305644,0.5428400701946683,3.548438443077935,0.2511347151464886,3.2969835334353976,runs/a7_bci_zero_shot_all_subjects_20260815_000000/a7_subject_width_rows.csv
a7_bci_zero_shot_all_subjects_20260815_000000,BCI_IV2b,B09,16,3,42 43 44,1500,0.7561344239446852,0.2080594119098451,0.4413983921209971,0.6922527021831937,0.5561535888248019,3.429641193813748,0.2545330011182361,3.404027435514662,runs/a7_bci_zero_shot_all_subjects_20260815_000000/a7_subject_width_rows.csv
