ecdf,reuse_count,source_type,split,source_file
0.0002769315978953,171,clean,train,runs/a11_mixed1m_source_reuse_20260816_140553/a11_reuse_ecdf.csv
0.0005538631957906,172,clean,train,runs/a11_mixed1m_source_reuse_20260816_140553/a11_reuse_ecdf.csv
0.0008307947936859,174,clean,train,runs/a11_mixed1m_source_reuse_20260816_140553/a11_reuse_ecdf.csv
0.0013846579894765,175,clean,train,runs/a11_mixed1m_source_reuse_20260816_140553/a11_reuse_ecdf.csv
0.0016615895873719,176,clean,train,runs/a11_mixed1m_source_reuse_20260816_140553/a11_reuse_ecdf.csv
0.0022154527831625,177,clean,train,runs/a11_mixed1m_source_reuse_20260816_140553/a11_reuse_ecdf.csv
0.0027693159789531,179,clean,train,runs/a11_mixed1m_source_reuse_20260816_140553/a11_reuse_ecdf.csv
0.0033231791747438,180,clean,train,runs/a11_mixed1m_source_reuse_20260816_140553/a11_reuse_ecdf.csv
0.0041539739684297,182,clean,train,runs/a11_mixed1m_source_reuse_20260816_140553/a11_reuse_ecdf.csv
0.0049847687621157,183,clean,train,runs/a11_mixed1m_source_reuse_20260816_140553/a11_reuse_ecdf.csv
0.0069232899473829,184,clean,train,runs/a11_mixed1m_source_reuse_20260816_140553/a11_reuse_ecdf.csv
0.0072002215452783,185,clean,train,runs/a11_mixed1m_source_reuse_20260816_140553/a11_reuse_ecdf.csv
0.0080310163389642,186,clean,train,runs/a11_mixed1m_source_reuse_20260816_140553/a11_reuse_ecdf.csv
0.0094156743284408,187,clean,train,runs/a11_mixed1m_source_reuse_20260816_140553/a11_reuse_ecdf.csv
0.0119080587094987,188,clean,train,runs/a11_mixed1m_source_reuse_20260816_140553/a11_reuse_ecdf.csv
0.0144004430905566,189,clean,train,runs/a11_mixed1m_source_reuse_20260816_140553/a11_reuse_ecdf.csv
0.0185544170589864,190,clean,train,runs/a11_mixed1m_source_reuse_20260816_140553/a11_reuse_ecdf.csv
0.0204929382442536,191,clean,train,runs/a11_mixed1m_source_reuse_20260816_140553/a11_reuse_ecdf.csv
0.0238161174189975,192,clean,train,runs/a11_mixed1m_source_reuse_20260816_140553/a11_reuse_ecdf.csv
0.0276931597895319,193,clean,train,runs/a11_mixed1m_source_reuse_20260816_140553/a11_reuse_ecdf.csv
0.0312932705621711,194,clean,train,runs/a11_mixed1m_source_reuse_20260816_140553/a11_reuse_ecdf.csv
0.0376626973137635,195,clean,train,runs/a11_mixed1m_source_reuse_20260816_140553/a11_reuse_ecdf.csv
0.0445859872611464,196,clean,train,runs/a11_mixed1m_source_reuse_20260816_140553/a11_reuse_ecdf.csv
0.0495707560232622,197,clean,train,runs/a11_mixed1m_source_reuse_20260816_140553/a11_reuse_ecdf.csv
0.0587094987538078,198,clean,train,runs/a11_mixed1m_source_reuse_20260816_140553/a11_reuse_ecdf.csv
0.068402104680144,199,clean,train,runs/a11_mixed1m_source_reuse_20260816_140553/a11_reuse_ecdf.csv
0.0792024369980614,200,clean,train,runs/a11_mixed1m_source_reuse_20260816_140553/a11_reuse_ecdf.csv
0.0894489061201883,201,clean,train,runs/a11_mixed1m_source_reuse_20260816_140553/a11_reuse_ecdf.csv
0.0958183328717806,202,clean,train,runs/a11_mixed1m_source_reuse_20260816_140553/a11_reuse_ecdf.csv
0.1068955967875934,203,clean,train,runs/a11_mixed1m_source_reuse_20260816_140553/a11_reuse_ecdf.csv
0.1204652450844641,204,clean,train,runs/a11_mixed1m_source_reuse_20260816_140553/a11_reuse_ecdf.csv
0.1326502353918582,205,clean,train,runs/a11_mixed1m_source_reuse_20260816_140553/a11_reuse_ecdf.csv
0.1476045416782054,206,clean,train,runs/a11_mixed1m_source_reuse_20260816_140553/a11_reuse_ecdf.csv
0.1672666851287731,207,clean,train,runs/a11_mixed1m_source_reuse_20260816_140553/a11_reuse_ecdf.csv
0.1811132650235392,208,clean,train,runs/a11_mixed1m_source_reuse_20260816_140553/a11_reuse_ecdf.csv
0.2013292716698975,209,clean,train,runs/a11_mixed1m_source_reuse_20260816_140553/a11_reuse_ecdf.csv
0.225145389088895,210,clean,train,runs/a11_mixed1m_source_reuse_20260816_140553/a11_reuse_ecdf.csv
0.2495153697036831,211,clean,train,runs/a11_mixed1m_source_reuse_20260816_140553/a11_reuse_ecdf.csv
0.2716698975353088,212,clean,train,runs/a11_mixed1m_source_reuse_20260816_140553/a11_reuse_ecdf.csv
0.2974245361395735,213,clean,train,runs/a11_mixed1m_source_reuse_20260816_140553/a11_reuse_ecdf.csv
0.322071448352257,214,clean,train,runs/a11_mixed1m_source_reuse_20260816_140553/a11_reuse_ecdf.csv
0.3475491553586264,215,clean,train,runs/a11_mixed1m_source_reuse_20260816_140553/a11_reuse_ecdf.csv
0.3746884519523678,216,clean,train,runs/a11_mixed1m_source_reuse_20260816_140553/a11_reuse_ecdf.csv
0.4029354749376904,217,clean,train,runs/a11_mixed1m_source_reuse_20260816_140553/a11_reuse_ecdf.csv
0.431182497923013,218,clean,train,runs/a11_mixed1m_source_reuse_20260816_140553/a11_reuse_ecdf.csv
0.4591525893104403,219,clean,train,runs/a11_mixed1m_source_reuse_20260816_140553/a11_reuse_ecdf.csv
0.4876765438936583,220,clean,train,runs/a11_mixed1m_source_reuse_20260816_140553/a11_reuse_ecdf.csv
0.5103849349210745,221,clean,train,runs/a11_mixed1m_source_reuse_20260816_140553/a11_reuse_ecdf.csv
0.5414012738853503,222,clean,train,runs/a11_mixed1m_source_reuse_20260816_140553/a11_reuse_ecdf.csv
0.5630019385211853,223,clean,train,runs/a11_mixed1m_source_reuse_20260816_140553/a11_reuse_ecdf.csv
0.5904181667128219,224,clean,train,runs/a11_mixed1m_source_reuse_20260816_140553/a11_reuse_ecdf.csv
0.6170036001107726,225,clean,train,runs/a11_mixed1m_source_reuse_20260816_140553/a11_reuse_ecdf.csv
0.6386042647466076,226,clean,train,runs/a11_mixed1m_source_reuse_20260816_140553/a11_reuse_ecdf.csv
0.6618665189698144,227,clean,train,runs/a11_mixed1m_source_reuse_20260816_140553/a11_reuse_ecdf.csv
0.684851841595126,228,clean,train,runs/a11_mixed1m_source_reuse_20260816_140553/a11_reuse_ecdf.csv
0.7086679590141235,229,clean,train,runs/a11_mixed1m_source_reuse_20260816_140553/a11_reuse_ecdf.csv
0.7302686236499585,230,clean,train,runs/a11_mixed1m_source_reuse_20260816_140553/a11_reuse_ecdf.csv
0.7521462198836887,231,clean,train,runs/a11_mixed1m_source_reuse_20260816_140553/a11_reuse_ecdf.csv
0.7695929105510939,232,clean,train,runs/a11_mixed1m_source_reuse_20260816_140553/a11_reuse_ecdf.csv
0.7889781224037663,233,clean,train,runs/a11_mixed1m_source_reuse_20260816_140553/a11_reuse_ecdf.csv
0.8069786762669621,234,clean,train,runs/a11_mixed1m_source_reuse_20260816_140553/a11_reuse_ecdf.csv
0.8252561617280532,235,clean,train,runs/a11_mixed1m_source_reuse_20260816_140553/a11_reuse_ecdf.csv
0.8410412628080864,236,clean,train,runs/a11_mixed1m_source_reuse_20260816_140553/a11_reuse_ecdf.csv
0.8551647743007477,237,clean,train,runs/a11_mixed1m_source_reuse_20260816_140553/a11_reuse_ecdf.csv
0.870949875380781,238,clean,train,runs/a11_mixed1m_source_reuse_20260816_140553/a11_reuse_ecdf.csv
0.8820271392965937,239,clean,train,runs/a11_mixed1m_source_reuse_20260816_140553/a11_reuse_ecdf.csv
0.8933813348103019,240,clean,train,runs/a11_mixed1m_source_reuse_20260816_140553/a11_reuse_ecdf.csv
0.9058432567155912,241,clean,train,runs/a11_mixed1m_source_reuse_20260816_140553/a11_reuse_ecdf.csv
0.9138742730545556,242,clean,train,runs/a11_mixed1m_source_reuse_20260816_140553/a11_reuse_ecdf.csv
0.9224591525893104,243,clean,train,runs/a11_mixed1m_source_reuse_20260816_140553/a11_reuse_ecdf.csv
0.932428690113542,244,clean,train,runs/a11_mixed1m_source_reuse_20260816_140553/a11_reuse_ecdf.csv
0.9401827748546108,245,clean,train,runs/a11_mixed1m_source_reuse_20260816_140553/a11_reuse_ecdf.csv
0.945444475214622,246,clean,train,runs/a11_mixed1m_source_reuse_20260816_140553/a11_reuse_ecdf.csv
0.9531985599556908,247,clean,train,runs/a11_mixed1m_source_reuse_20260816_140553/a11_reuse_ecdf.csv
0.9581833287178066,248,clean,train,runs/a11_mixed1m_source_reuse_20260816_140553/a11_reuse_ecdf.csv
0.9642758238715038,249,clean,train,runs/a11_mixed1m_source_reuse_20260816_140553/a11_reuse_ecdf.csv
0.9695375242315148,250,clean,train,runs/a11_mixed1m_source_reuse_20260816_140553/a11_reuse_ecdf.csv
0.9734145666020492,251,clean,train,runs/a11_mixed1m_source_reuse_20260816_140553/a11_reuse_ecdf.csv
0.978399335364165,252,clean,train,runs/a11_mixed1m_source_reuse_20260816_140553/a11_reuse_ecdf.csv
0.9822763777346996,253,clean,train,runs/a11_mixed1m_source_reuse_20260816_140553/a11_reuse_ecdf.csv
0.9858764885073388,254,clean,train,runs/a11_mixed1m_source_reuse_20260816_140553/a11_reuse_ecdf.csv
0.9880919412905012,255,clean,train,runs/a11_mixed1m_source_reuse_20260816_140553/a11_reuse_ecdf.csv
0.9900304624757684,256,clean,train,runs/a11_mixed1m_source_reuse_20260816_140553/a11_reuse_ecdf.csv
0.992245915258931,257,clean,train,runs/a11_mixed1m_source_reuse_20260816_140553/a11_reuse_ecdf.csv
0.9933536416505124,258,clean,train,runs/a11_mixed1m_source_reuse_20260816_140553/a11_reuse_ecdf.csv
0.9947382996399888,259,clean,train,runs/a11_mixed1m_source_reuse_20260816_140553/a11_reuse_ecdf.csv
0.9955690944336748,260,clean,train,runs/a11_mixed1m_source_reuse_20260816_140553/a11_reuse_ecdf.csv
0.9966768208252562,261,clean,train,runs/a11_mixed1m_source_reuse_20260816_140553/a11_reuse_ecdf.csv
0.9972306840210468,262,clean,train,runs/a11_mixed1m_source_reuse_20260816_140553/a11_reuse_ecdf.csv
0.9977845472168374,264,clean,train,runs/a11_mixed1m_source_reuse_20260816_140553/a11_reuse_ecdf.csv
0.9988922736084188,265,clean,train,runs/a11_mixed1m_source_reuse_20260816_140553/a11_reuse_ecdf.csv
0.9994461368042094,266,clean,train,runs/a11_mixed1m_source_reuse_20260816_140553/a11_reuse_ecdf.csv
0.9997230684021048,267,clean,train,runs/a11_mixed1m_source_reuse_20260816_140553/a11_reuse_ecdf.csv
1.0,273,clean,train,runs/a11_mixed1m_source_reuse_20260816_140553/a11_reuse_ecdf.csv
0.0003676470588235,141,eog,train,runs/a11_mixed1m_source_reuse_20260816_140553/a11_reuse_ecdf.csv
0.000735294117647,145,eog,train,runs/a11_mixed1m_source_reuse_20260816_140553/a11_reuse_ecdf.csv
0.0014705882352941,148,eog,train,runs/a11_mixed1m_source_reuse_20260816_140553/a11_reuse_ecdf.csv
0.0018382352941176,152,eog,train,runs/a11_mixed1m_source_reuse_20260816_140553/a11_reuse_ecdf.csv
0.0033088235294117,153,eog,train,runs/a11_mixed1m_source_reuse_20260816_140553/a11_reuse_ecdf.csv
0.0047794117647058,154,eog,train,runs/a11_mixed1m_source_reuse_20260816_140553/a11_reuse_ecdf.csv
0.00625,156,eog,train,runs/a11_mixed1m_source_reuse_20260816_140553/a11_reuse_ecdf.csv
0.006985294117647,157,eog,train,runs/a11_mixed1m_source_reuse_20260816_140553/a11_reuse_ecdf.csv
0.0084558823529411,158,eog,train,runs/a11_mixed1m_source_reuse_20260816_140553/a11_reuse_ecdf.csv
0.0110294117647058,159,eog,train,runs/a11_mixed1m_source_reuse_20260816_140553/a11_reuse_ecdf.csv
0.0136029411764705,160,eog,train,runs/a11_mixed1m_source_reuse_20260816_140553/a11_reuse_ecdf.csv
0.0169117647058823,161,eog,train,runs/a11_mixed1m_source_reuse_20260816_140553/a11_reuse_ecdf.csv
0.019485294117647,162,eog,train,runs/a11_mixed1m_source_reuse_20260816_140553/a11_reuse_ecdf.csv
0.0238970588235294,163,eog,train,runs/a11_mixed1m_source_reuse_20260816_140553/a11_reuse_ecdf.csv
0.0268382352941176,164,eog,train,runs/a11_mixed1m_source_reuse_20260816_140553/a11_reuse_ecdf.csv
0.031985294117647,165,eog,train,runs/a11_mixed1m_source_reuse_20260816_140553/a11_reuse_ecdf.csv
0.0378676470588235,166,eog,train,runs/a11_mixed1m_source_reuse_20260816_140553/a11_reuse_ecdf.csv
0.0441176470588235,167,eog,train,runs/a11_mixed1m_source_reuse_20260816_140553/a11_reuse_ecdf.csv
0.0518382352941176,168,eog,train,runs/a11_mixed1m_source_reuse_20260816_140553/a11_reuse_ecdf.csv
0.0595588235294117,169,eog,train,runs/a11_mixed1m_source_reuse_20260816_140553/a11_reuse_ecdf.csv
0.0698529411764705,170,eog,train,runs/a11_mixed1m_source_reuse_20260816_140553/a11_reuse_ecdf.csv
0.0805147058823529,171,eog,train,runs/a11_mixed1m_source_reuse_20260816_140553/a11_reuse_ecdf.csv
0.0952205882352941,172,eog,train,runs/a11_mixed1m_source_reuse_20260816_140553/a11_reuse_ecdf.csv
0.1077205882352941,173,eog,train,runs/a11_mixed1m_source_reuse_20260816_140553/a11_reuse_ecdf.csv
0.1220588235294117,174,eog,train,runs/a11_mixed1m_source_reuse_20260816_140553/a11_reuse_ecdf.csv
0.1330882352941176,175,eog,train,runs/a11_mixed1m_source_reuse_20260816_140553/a11_reuse_ecdf.csv
0.1477941176470588,176,eog,train,runs/a11_mixed1m_source_reuse_20260816_140553/a11_reuse_ecdf.csv
0.1665441176470588,177,eog,train,runs/a11_mixed1m_source_reuse_20260816_140553/a11_reuse_ecdf.csv
0.1886029411764705,178,eog,train,runs/a11_mixed1m_source_reuse_20260816_140553/a11_reuse_ecdf.csv
0.2117647058823529,179,eog,train,runs/a11_mixed1m_source_reuse_20260816_140553/a11_reuse_ecdf.csv
0.2275735294117647,180,eog,train,runs/a11_mixed1m_source_reuse_20260816_140553/a11_reuse_ecdf.csv
0.2551470588235294,181,eog,train,runs/a11_mixed1m_source_reuse_20260816_140553/a11_reuse_ecdf.csv
0.2775735294117647,182,eog,train,runs/a11_mixed1m_source_reuse_20260816_140553/a11_reuse_ecdf.csv
0.2922794117647059,183,eog,train,runs/a11_mixed1m_source_reuse_20260816_140553/a11_reuse_ecdf.csv
0.3220588235294118,184,eog,train,runs/a11_mixed1m_source_reuse_20260816_140553/a11_reuse_ecdf.csv
0.3452205882352941,185,eog,train,runs/a11_mixed1m_source_reuse_20260816_140553/a11_reuse_ecdf.csv
0.3768382352941176,186,eog,train,runs/a11_mixed1m_source_reuse_20260816_140553/a11_reuse_ecdf.csv
0.3985294117647059,187,eog,train,runs/a11_mixed1m_source_reuse_20260816_140553/a11_reuse_ecdf.csv
0.4308823529411765,188,eog,train,runs/a11_mixed1m_source_reuse_20260816_140553/a11_reuse_ecdf.csv
0.4558823529411764,189,eog,train,runs/a11_mixed1m_source_reuse_20260816_140553/a11_reuse_ecdf.csv
0.4823529411764706,190,eog,train,runs/a11_mixed1m_source_reuse_20260816_140553/a11_reuse_ecdf.csv
0.5102941176470588,191,eog,train,runs/a11_mixed1m_source_reuse_20260816_140553/a11_reuse_ecdf.csv
0.5389705882352941,192,eog,train,runs/a11_mixed1m_source_reuse_20260816_140553/a11_reuse_ecdf.csv
0.5698529411764706,193,eog,train,runs/a11_mixed1m_source_reuse_20260816_140553/a11_reuse_ecdf.csv
0.5952205882352941,194,eog,train,runs/a11_mixed1m_source_reuse_20260816_140553/a11_reuse_ecdf.csv
0.6183823529411765,195,eog,train,runs/a11_mixed1m_source_reuse_20260816_140553/a11_reuse_ecdf.csv
0.6408088235294118,196,eog,train,runs/a11_mixed1m_source_reuse_20260816_140553/a11_reuse_ecdf.csv
0.6680147058823529,197,eog,train,runs/a11_mixed1m_source_reuse_20260816_140553/a11_reuse_ecdf.csv
0.6922794117647059,198,eog,train,runs/a11_mixed1m_source_reuse_20260816_140553/a11_reuse_ecdf.csv
0.7227941176470588,199,eog,train,runs/a11_mixed1m_source_reuse_20260816_140553/a11_reuse_ecdf.csv
0.7496323529411765,200,eog,train,runs/a11_mixed1m_source_reuse_20260816_140553/a11_reuse_ecdf.csv
0.7665441176470589,201,eog,train,runs/a11_mixed1m_source_reuse_20260816_140553/a11_reuse_ecdf.csv
0.7863970588235294,202,eog,train,runs/a11_mixed1m_source_reuse_20260816_140553/a11_reuse_ecdf.csv
0.8084558823529412,203,eog,train,runs/a11_mixed1m_source_reuse_20260816_140553/a11_reuse_ecdf.csv
0.8246323529411764,204,eog,train,runs/a11_mixed1m_source_reuse_20260816_140553/a11_reuse_ecdf.csv
0.8411764705882353,205,eog,train,runs/a11_mixed1m_source_reuse_20260816_140553/a11_reuse_ecdf.csv
0.8573529411764705,206,eog,train,runs/a11_mixed1m_source_reuse_20260816_140553/a11_reuse_ecdf.csv
0.8746323529411765,207,eog,train,runs/a11_mixed1m_source_reuse_20260816_140553/a11_reuse_ecdf.csv
0.8856617647058823,208,eog,train,runs/a11_mixed1m_source_reuse_20260816_140553/a11_reuse_ecdf.csv
0.8981617647058824,209,eog,train,runs/a11_mixed1m_source_reuse_20260816_140553/a11_reuse_ecdf.csv
0.9113970588235294,210,eog,train,runs/a11_mixed1m_source_reuse_20260816_140553/a11_reuse_ecdf.csv
0.9238970588235296,211,eog,train,runs/a11_mixed1m_source_reuse_20260816_140553/a11_reuse_ecdf.csv
0.9352941176470588,212,eog,train,runs/a11_mixed1m_source_reuse_20260816_140553/a11_reuse_ecdf.csv
0.9426470588235294,213,eog,train,runs/a11_mixed1m_source_reuse_20260816_140553/a11_reuse_ecdf.csv
0.9492647058823528,214,eog,train,runs/a11_mixed1m_source_reuse_20260816_140553/a11_reuse_ecdf.csv
0.9536764705882352,215,eog,train,runs/a11_mixed1m_source_reuse_20260816_140553/a11_reuse_ecdf.csv
0.9621323529411764,216,eog,train,runs/a11_mixed1m_source_reuse_20260816_140553/a11_reuse_ecdf.csv
0.9654411764705882,217,eog,train,runs/a11_mixed1m_source_reuse_20260816_140553/a11_reuse_ecdf.csv
0.96875,218,eog,train,runs/a11_mixed1m_source_reuse_20260816_140553/a11_reuse_ecdf.csv
0.9731617647058824,219,eog,train,runs/a11_mixed1m_source_reuse_20260816_140553/a11_reuse_ecdf.csv
0.9772058823529411,220,eog,train,runs/a11_mixed1m_source_reuse_20260816_140553/a11_reuse_ecdf.csv
0.9797794117647058,221,eog,train,runs/a11_mixed1m_source_reuse_20260816_140553/a11_reuse_ecdf.csv
0.9823529411764704,222,eog,train,runs/a11_mixed1m_source_reuse_20260816_140553/a11_reuse_ecdf.csv
0.986029411764706,223,eog,train,runs/a11_mixed1m_source_reuse_20260816_140553/a11_reuse_ecdf.csv
0.9886029411764706,224,eog,train,runs/a11_mixed1m_source_reuse_20260816_140553/a11_reuse_ecdf.csv
0.9904411764705884,225,eog,train,runs/a11_mixed1m_source_reuse_20260816_140553/a11_reuse_ecdf.csv
0.9911764705882352,226,eog,train,runs/a11_mixed1m_source_reuse_20260816_140553/a11_reuse_ecdf.csv
0.993014705882353,227,eog,train,runs/a11_mixed1m_source_reuse_20260816_140553/a11_reuse_ecdf.csv
0.9941176470588236,228,eog,train,runs/a11_mixed1m_source_reuse_20260816_140553/a11_reuse_ecdf.csv
0.995220588235294,229,eog,train,runs/a11_mixed1m_source_reuse_20260816_140553/a11_reuse_ecdf.csv
0.9963235294117648,230,eog,train,runs/a11_mixed1m_source_reuse_20260816_140553/a11_reuse_ecdf.csv
0.9974264705882352,231,eog,train,runs/a11_mixed1m_source_reuse_20260816_140553/a11_reuse_ecdf.csv
0.9981617647058824,232,eog,train,runs/a11_mixed1m_source_reuse_20260816_140553/a11_reuse_ecdf.csv
0.9992647058823528,235,eog,train,runs/a11_mixed1m_source_reuse_20260816_140553/a11_reuse_ecdf.csv
0.9996323529411764,236,eog,train,runs/a11_mixed1m_source_reuse_20260816_140553/a11_reuse_ecdf.csv
1.0,237,eog,train,runs/a11_mixed1m_source_reuse_20260816_140553/a11_reuse_ecdf.csv
0.0004466279589102,83,emg,train,runs/a11_mixed1m_source_reuse_20260816_140553/a11_reuse_ecdf.csv
0.0006699419383653,84,emg,train,runs/a11_mixed1m_source_reuse_20260816_140553/a11_reuse_ecdf.csv
0.0017865118356409,85,emg,train,runs/a11_mixed1m_source_reuse_20260816_140553/a11_reuse_ecdf.csv
0.0026797677534613,86,emg,train,runs/a11_mixed1m_source_reuse_20260816_140553/a11_reuse_ecdf.csv
0.0031263957123715,87,emg,train,runs/a11_mixed1m_source_reuse_20260816_140553/a11_reuse_ecdf.csv
0.0046895935685573,88,emg,train,runs/a11_mixed1m_source_reuse_20260816_140553/a11_reuse_ecdf.csv
0.0066994193836534,89,emg,train,runs/a11_mixed1m_source_reuse_20260816_140553/a11_reuse_ecdf.csv
0.009825815096025,91,emg,train,runs/a11_mixed1m_source_reuse_20260816_140553/a11_reuse_ecdf.csv
0.0113890129522108,92,emg,train,runs/a11_mixed1m_source_reuse_20260816_140553/a11_reuse_ecdf.csv
0.0129522108083966,93,emg,train,runs/a11_mixed1m_source_reuse_20260816_140553/a11_reuse_ecdf.csv
0.0194283162125949,94,emg,train,runs/a11_mixed1m_source_reuse_20260816_140553/a11_reuse_ecdf.csv
0.0252344796784278,95,emg,train,runs/a11_mixed1m_source_reuse_20260816_140553/a11_reuse_ecdf.csv
0.031487271103171,96,emg,train,runs/a11_mixed1m_source_reuse_20260816_140553/a11_reuse_ecdf.csv
0.0390799464046449,97,emg,train,runs/a11_mixed1m_source_reuse_20260816_140553/a11_reuse_ecdf.csv
0.047119249665029,98,emg,train,runs/a11_mixed1m_source_reuse_20260816_140553/a11_reuse_ecdf.csv
0.056945064761054,99,emg,train,runs/a11_mixed1m_source_reuse_20260816_140553/a11_reuse_ecdf.csv
0.0692273336310853,100,emg,train,runs/a11_mixed1m_source_reuse_20260816_140553/a11_reuse_ecdf.csv
0.0837427422956677,101,emg,train,runs/a11_mixed1m_source_reuse_20260816_140553/a11_reuse_ecdf.csv
0.102054488610987,102,emg,train,runs/a11_mixed1m_source_reuse_20260816_140553/a11_reuse_ecdf.csv
0.1208128628852166,103,emg,train,runs/a11_mixed1m_source_reuse_20260816_140553/a11_reuse_ecdf.csv
0.1386779812416257,104,emg,train,runs/a11_mixed1m_source_reuse_20260816_140553/a11_reuse_ecdf.csv
0.1612326931665922,105,emg,train,runs/a11_mixed1m_source_reuse_20260816_140553/a11_reuse_ecdf.csv
0.1855739169271996,106,emg,train,runs/a11_mixed1m_source_reuse_20260816_140553/a11_reuse_ecdf.csv
0.2128182224207235,107,emg,train,runs/a11_mixed1m_source_reuse_20260816_140553/a11_reuse_ecdf.csv
0.2393925859758821,108,emg,train,runs/a11_mixed1m_source_reuse_20260816_140553/a11_reuse_ecdf.csv
0.2724430549352389,109,emg,train,runs/a11_mixed1m_source_reuse_20260816_140553/a11_reuse_ecdf.csv
0.3072800357302367,110,emg,train,runs/a11_mixed1m_source_reuse_20260816_140553/a11_reuse_ecdf.csv
0.3389906208128629,111,emg,train,runs/a11_mixed1m_source_reuse_20260816_140553/a11_reuse_ecdf.csv
0.3760607414024118,112,emg,train,runs/a11_mixed1m_source_reuse_20260816_140553/a11_reuse_ecdf.csv
0.4151406878070567,113,emg,train,runs/a11_mixed1m_source_reuse_20260816_140553/a11_reuse_ecdf.csv
0.4539973202322465,114,emg,train,runs/a11_mixed1m_source_reuse_20260816_140553/a11_reuse_ecdf.csv
0.4897275569450647,115,emg,train,runs/a11_mixed1m_source_reuse_20260816_140553/a11_reuse_ecdf.csv
0.5281375614113444,116,emg,train,runs/a11_mixed1m_source_reuse_20260816_140553/a11_reuse_ecdf.csv
0.5618579723090665,117,emg,train,runs/a11_mixed1m_source_reuse_20260816_140553/a11_reuse_ecdf.csv
0.5964716391246092,118,emg,train,runs/a11_mixed1m_source_reuse_20260816_140553/a11_reuse_ecdf.csv
0.631531933899062,119,emg,train,runs/a11_mixed1m_source_reuse_20260816_140553/a11_reuse_ecdf.csv
0.6652523447967843,120,emg,train,runs/a11_mixed1m_source_reuse_20260816_140553/a11_reuse_ecdf.csv
0.6965163019205002,121,emg,train,runs/a11_mixed1m_source_reuse_20260816_140553/a11_reuse_ecdf.csv
0.7242072353729343,122,emg,train,runs/a11_mixed1m_source_reuse_20260816_140553/a11_reuse_ecdf.csv
0.7532380527020992,123,emg,train,runs/a11_mixed1m_source_reuse_20260816_140553/a11_reuse_ecdf.csv
0.780259044216168,124,emg,train,runs/a11_mixed1m_source_reuse_20260816_140553/a11_reuse_ecdf.csv
0.805940151853506,125,emg,train,runs/a11_mixed1m_source_reuse_20260816_140553/a11_reuse_ecdf.csv
0.8307280035730237,126,emg,train,runs/a11_mixed1m_source_reuse_20260816_140553/a11_reuse_ecdf.csv
0.8517195176418044,127,emg,train,runs/a11_mixed1m_source_reuse_20260816_140553/a11_reuse_ecdf.csv
0.8711478338543993,128,emg,train,runs/a11_mixed1m_source_reuse_20260816_140553/a11_reuse_ecdf.csv
0.8934792317999106,129,emg,train,runs/a11_mixed1m_source_reuse_20260816_140553/a11_reuse_ecdf.csv
0.9108977221974096,130,emg,train,runs/a11_mixed1m_source_reuse_20260816_140553/a11_reuse_ecdf.csv
0.9245198749441716,131,emg,train,runs/a11_mixed1m_source_reuse_20260816_140553/a11_reuse_ecdf.csv
0.9379187137114784,132,emg,train,runs/a11_mixed1m_source_reuse_20260816_140553/a11_reuse_ecdf.csv
0.9477445288075034,133,emg,train,runs/a11_mixed1m_source_reuse_20260816_140553/a11_reuse_ecdf.csv
0.9564537740062528,134,emg,train,runs/a11_mixed1m_source_reuse_20260816_140553/a11_reuse_ecdf.csv
0.9624832514515408,135,emg,train,runs/a11_mixed1m_source_reuse_20260816_140553/a11_reuse_ecdf.csv
0.97029924073247,136,emg,train,runs/a11_mixed1m_source_reuse_20260816_140553/a11_reuse_ecdf.csv
0.9754354622599376,137,emg,train,runs/a11_mixed1m_source_reuse_20260816_140553/a11_reuse_ecdf.csv
0.9790084859312193,138,emg,train,runs/a11_mixed1m_source_reuse_20260816_140553/a11_reuse_ecdf.csv
0.9839213934792318,139,emg,train,runs/a11_mixed1m_source_reuse_20260816_140553/a11_reuse_ecdf.csv
0.9890576150066994,140,emg,train,runs/a11_mixed1m_source_reuse_20260816_140553/a11_reuse_ecdf.csv
0.9910674408217954,141,emg,train,runs/a11_mixed1m_source_reuse_20260816_140553/a11_reuse_ecdf.csv
0.9933005806163466,142,emg,train,runs/a11_mixed1m_source_reuse_20260816_140553/a11_reuse_ecdf.csv
0.9946404644930772,143,emg,train,runs/a11_mixed1m_source_reuse_20260816_140553/a11_reuse_ecdf.csv
0.9948637784725324,144,emg,train,runs/a11_mixed1m_source_reuse_20260816_140553/a11_reuse_ecdf.csv
0.996426976328718,145,emg,train,runs/a11_mixed1m_source_reuse_20260816_140553/a11_reuse_ecdf.csv
0.9973202322465388,146,emg,train,runs/a11_mixed1m_source_reuse_20260816_140553/a11_reuse_ecdf.csv
0.9975435462259936,147,emg,train,runs/a11_mixed1m_source_reuse_20260816_140553/a11_reuse_ecdf.csv
0.9982134881643592,148,emg,train,runs/a11_mixed1m_source_reuse_20260816_140553/a11_reuse_ecdf.csv
0.9986601161232692,149,emg,train,runs/a11_mixed1m_source_reuse_20260816_140553/a11_reuse_ecdf.csv
0.9993300580616348,150,emg,train,runs/a11_mixed1m_source_reuse_20260816_140553/a11_reuse_ecdf.csv
0.9997766860205448,151,emg,train,runs/a11_mixed1m_source_reuse_20260816_140553/a11_reuse_ecdf.csv
1.0,161,emg,train,runs/a11_mixed1m_source_reuse_20260816_140553/a11_reuse_ecdf.csv
0.0022172949002217,178,clean,val,runs/a11_mixed1m_source_reuse_20260816_140553/a11_reuse_ecdf.csv
0.0066518847006651,183,clean,val,runs/a11_mixed1m_source_reuse_20260816_140553/a11_reuse_ecdf.csv
0.0110864745011086,187,clean,val,runs/a11_mixed1m_source_reuse_20260816_140553/a11_reuse_ecdf.csv
0.0133037694013303,189,clean,val,runs/a11_mixed1m_source_reuse_20260816_140553/a11_reuse_ecdf.csv
0.0221729490022172,190,clean,val,runs/a11_mixed1m_source_reuse_20260816_140553/a11_reuse_ecdf.csv
0.024390243902439,191,clean,val,runs/a11_mixed1m_source_reuse_20260816_140553/a11_reuse_ecdf.csv
0.0266075388026607,192,clean,val,runs/a11_mixed1m_source_reuse_20260816_140553/a11_reuse_ecdf.csv
0.0332594235033259,193,clean,val,runs/a11_mixed1m_source_reuse_20260816_140553/a11_reuse_ecdf.csv
0.0354767184035476,195,clean,val,runs/a11_mixed1m_source_reuse_20260816_140553/a11_reuse_ecdf.csv
0.0399113082039911,196,clean,val,runs/a11_mixed1m_source_reuse_20260816_140553/a11_reuse_ecdf.csv
0.0509977827050997,197,clean,val,runs/a11_mixed1m_source_reuse_20260816_140553/a11_reuse_ecdf.csv
0.0598669623059867,198,clean,val,runs/a11_mixed1m_source_reuse_20260816_140553/a11_reuse_ecdf.csv
0.0643015521064301,199,clean,val,runs/a11_mixed1m_source_reuse_20260816_140553/a11_reuse_ecdf.csv
0.0709534368070953,200,clean,val,runs/a11_mixed1m_source_reuse_20260816_140553/a11_reuse_ecdf.csv
0.0886917960088691,201,clean,val,runs/a11_mixed1m_source_reuse_20260816_140553/a11_reuse_ecdf.csv
0.0931263858093126,202,clean,val,runs/a11_mixed1m_source_reuse_20260816_140553/a11_reuse_ecdf.csv
0.1108647450110864,203,clean,val,runs/a11_mixed1m_source_reuse_20260816_140553/a11_reuse_ecdf.csv
0.1219512195121951,204,clean,val,runs/a11_mixed1m_source_reuse_20260816_140553/a11_reuse_ecdf.csv
0.1396895787139689,205,clean,val,runs/a11_mixed1m_source_reuse_20260816_140553/a11_reuse_ecdf.csv
0.1529933481152993,206,clean,val,runs/a11_mixed1m_source_reuse_20260816_140553/a11_reuse_ecdf.csv
0.17960088691796,207,clean,val,runs/a11_mixed1m_source_reuse_20260816_140553/a11_reuse_ecdf.csv
0.1973392461197339,208,clean,val,runs/a11_mixed1m_source_reuse_20260816_140553/a11_reuse_ecdf.csv
0.212860310421286,209,clean,val,runs/a11_mixed1m_source_reuse_20260816_140553/a11_reuse_ecdf.csv
0.2439024390243902,210,clean,val,runs/a11_mixed1m_source_reuse_20260816_140553/a11_reuse_ecdf.csv
0.2660753880266075,211,clean,val,runs/a11_mixed1m_source_reuse_20260816_140553/a11_reuse_ecdf.csv
0.2838137472283814,212,clean,val,runs/a11_mixed1m_source_reuse_20260816_140553/a11_reuse_ecdf.csv
0.3059866962305986,213,clean,val,runs/a11_mixed1m_source_reuse_20260816_140553/a11_reuse_ecdf.csv
0.3259423503325942,214,clean,val,runs/a11_mixed1m_source_reuse_20260816_140553/a11_reuse_ecdf.csv
0.3503325942350332,215,clean,val,runs/a11_mixed1m_source_reuse_20260816_140553/a11_reuse_ecdf.csv
0.368070953436807,216,clean,val,runs/a11_mixed1m_source_reuse_20260816_140553/a11_reuse_ecdf.csv
0.3902439024390244,217,clean,val,runs/a11_mixed1m_source_reuse_20260816_140553/a11_reuse_ecdf.csv
0.4146341463414634,218,clean,val,runs/a11_mixed1m_source_reuse_20260816_140553/a11_reuse_ecdf.csv
0.4390243902439024,219,clean,val,runs/a11_mixed1m_source_reuse_20260816_140553/a11_reuse_ecdf.csv
0.4567627494456763,220,clean,val,runs/a11_mixed1m_source_reuse_20260816_140553/a11_reuse_ecdf.csv
0.4745011086474501,221,clean,val,runs/a11_mixed1m_source_reuse_20260816_140553/a11_reuse_ecdf.csv
0.5033259423503326,222,clean,val,runs/a11_mixed1m_source_reuse_20260816_140553/a11_reuse_ecdf.csv
0.541019955654102,223,clean,val,runs/a11_mixed1m_source_reuse_20260816_140553/a11_reuse_ecdf.csv
0.5587583148558758,224,clean,val,runs/a11_mixed1m_source_reuse_20260816_140553/a11_reuse_ecdf.csv
0.5853658536585366,225,clean,val,runs/a11_mixed1m_source_reuse_20260816_140553/a11_reuse_ecdf.csv
0.614190687361419,226,clean,val,runs/a11_mixed1m_source_reuse_20260816_140553/a11_reuse_ecdf.csv
0.6385809312638581,227,clean,val,runs/a11_mixed1m_source_reuse_20260816_140553/a11_reuse_ecdf.csv
0.6696230598669624,228,clean,val,runs/a11_mixed1m_source_reuse_20260816_140553/a11_reuse_ecdf.csv
0.70509977827051,229,clean,val,runs/a11_mixed1m_source_reuse_20260816_140553/a11_reuse_ecdf.csv
0.720620842572062,230,clean,val,runs/a11_mixed1m_source_reuse_20260816_140553/a11_reuse_ecdf.csv
0.738359201773836,231,clean,val,runs/a11_mixed1m_source_reuse_20260816_140553/a11_reuse_ecdf.csv
0.753880266075388,232,clean,val,runs/a11_mixed1m_source_reuse_20260816_140553/a11_reuse_ecdf.csv
0.7760532150776053,233,clean,val,runs/a11_mixed1m_source_reuse_20260816_140553/a11_reuse_ecdf.csv
0.7937915742793792,234,clean,val,runs/a11_mixed1m_source_reuse_20260816_140553/a11_reuse_ecdf.csv
0.8159645232815964,235,clean,val,runs/a11_mixed1m_source_reuse_20260816_140553/a11_reuse_ecdf.csv
0.8314855875831486,236,clean,val,runs/a11_mixed1m_source_reuse_20260816_140553/a11_reuse_ecdf.csv
0.8492239467849224,237,clean,val,runs/a11_mixed1m_source_reuse_20260816_140553/a11_reuse_ecdf.csv
0.8625277161862528,238,clean,val,runs/a11_mixed1m_source_reuse_20260816_140553/a11_reuse_ecdf.csv
0.8980044345898004,239,clean,val,runs/a11_mixed1m_source_reuse_20260816_140553/a11_reuse_ecdf.csv
0.9046563192904656,240,clean,val,runs/a11_mixed1m_source_reuse_20260816_140553/a11_reuse_ecdf.csv
0.9157427937915744,241,clean,val,runs/a11_mixed1m_source_reuse_20260816_140553/a11_reuse_ecdf.csv
0.926829268292683,242,clean,val,runs/a11_mixed1m_source_reuse_20260816_140553/a11_reuse_ecdf.csv
0.9312638580931264,243,clean,val,runs/a11_mixed1m_source_reuse_20260816_140553/a11_reuse_ecdf.csv
0.9423503325942352,244,clean,val,runs/a11_mixed1m_source_reuse_20260816_140553/a11_reuse_ecdf.csv
0.9467849223946784,245,clean,val,runs/a11_mixed1m_source_reuse_20260816_140553/a11_reuse_ecdf.csv
0.9534368070953436,246,clean,val,runs/a11_mixed1m_source_reuse_20260816_140553/a11_reuse_ecdf.csv
0.9623059866962306,247,clean,val,runs/a11_mixed1m_source_reuse_20260816_140553/a11_reuse_ecdf.csv
0.966740576496674,248,clean,val,runs/a11_mixed1m_source_reuse_20260816_140553/a11_reuse_ecdf.csv
0.9711751662971176,249,clean,val,runs/a11_mixed1m_source_reuse_20260816_140553/a11_reuse_ecdf.csv
0.9778270509977828,250,clean,val,runs/a11_mixed1m_source_reuse_20260816_140553/a11_reuse_ecdf.csv
0.9800443458980044,252,clean,val,runs/a11_mixed1m_source_reuse_20260816_140553/a11_reuse_ecdf.csv
0.9822616407982262,253,clean,val,runs/a11_mixed1m_source_reuse_20260816_140553/a11_reuse_ecdf.csv
0.984478935698448,254,clean,val,runs/a11_mixed1m_source_reuse_20260816_140553/a11_reuse_ecdf.csv
0.9866962305986696,256,clean,val,runs/a11_mixed1m_source_reuse_20260816_140553/a11_reuse_ecdf.csv
0.991130820399113,257,clean,val,runs/a11_mixed1m_source_reuse_20260816_140553/a11_reuse_ecdf.csv
0.9955654101995566,258,clean,val,runs/a11_mixed1m_source_reuse_20260816_140553/a11_reuse_ecdf.csv
0.9977827050997784,262,clean,val,runs/a11_mixed1m_source_reuse_20260816_140553/a11_reuse_ecdf.csv
1.0,264,clean,val,runs/a11_mixed1m_source_reuse_20260816_140553/a11_reuse_ecdf.csv
0.0058823529411764,158,eog,val,runs/a11_mixed1m_source_reuse_20260816_140553/a11_reuse_ecdf.csv
0.0088235294117647,160,eog,val,runs/a11_mixed1m_source_reuse_20260816_140553/a11_reuse_ecdf.csv
0.0117647058823529,162,eog,val,runs/a11_mixed1m_source_reuse_20260816_140553/a11_reuse_ecdf.csv
0.0235294117647058,165,eog,val,runs/a11_mixed1m_source_reuse_20260816_140553/a11_reuse_ecdf.csv
0.0264705882352941,166,eog,val,runs/a11_mixed1m_source_reuse_20260816_140553/a11_reuse_ecdf.csv
0.0294117647058823,167,eog,val,runs/a11_mixed1m_source_reuse_20260816_140553/a11_reuse_ecdf.csv
0.038235294117647,168,eog,val,runs/a11_mixed1m_source_reuse_20260816_140553/a11_reuse_ecdf.csv
0.0470588235294117,169,eog,val,runs/a11_mixed1m_source_reuse_20260816_140553/a11_reuse_ecdf.csv
0.0588235294117647,170,eog,val,runs/a11_mixed1m_source_reuse_20260816_140553/a11_reuse_ecdf.csv
0.0676470588235294,171,eog,val,runs/a11_mixed1m_source_reuse_20260816_140553/a11_reuse_ecdf.csv
0.0735294117647058,172,eog,val,runs/a11_mixed1m_source_reuse_20260816_140553/a11_reuse_ecdf.csv
0.0764705882352941,173,eog,val,runs/a11_mixed1m_source_reuse_20260816_140553/a11_reuse_ecdf.csv
0.0852941176470588,174,eog,val,runs/a11_mixed1m_source_reuse_20260816_140553/a11_reuse_ecdf.csv
0.1,175,eog,val,runs/a11_mixed1m_source_reuse_20260816_140553/a11_reuse_ecdf.csv
0.1205882352941176,176,eog,val,runs/a11_mixed1m_source_reuse_20260816_140553/a11_reuse_ecdf.csv
0.1441176470588235,177,eog,val,runs/a11_mixed1m_source_reuse_20260816_140553/a11_reuse_ecdf.csv
0.1735294117647058,178,eog,val,runs/a11_mixed1m_source_reuse_20260816_140553/a11_reuse_ecdf.csv
0.2088235294117647,179,eog,val,runs/a11_mixed1m_source_reuse_20260816_140553/a11_reuse_ecdf.csv
0.238235294117647,180,eog,val,runs/a11_mixed1m_source_reuse_20260816_140553/a11_reuse_ecdf.csv
0.2705882352941176,181,eog,val,runs/a11_mixed1m_source_reuse_20260816_140553/a11_reuse_ecdf.csv
0.2970588235294117,182,eog,val,runs/a11_mixed1m_source_reuse_20260816_140553/a11_reuse_ecdf.csv
0.3176470588235294,183,eog,val,runs/a11_mixed1m_source_reuse_20260816_140553/a11_reuse_ecdf.csv
0.3352941176470588,184,eog,val,runs/a11_mixed1m_source_reuse_20260816_140553/a11_reuse_ecdf.csv
0.3441176470588235,185,eog,val,runs/a11_mixed1m_source_reuse_20260816_140553/a11_reuse_ecdf.csv
0.3911764705882353,186,eog,val,runs/a11_mixed1m_source_reuse_20260816_140553/a11_reuse_ecdf.csv
0.4088235294117647,187,eog,val,runs/a11_mixed1m_source_reuse_20260816_140553/a11_reuse_ecdf.csv
0.4323529411764706,188,eog,val,runs/a11_mixed1m_source_reuse_20260816_140553/a11_reuse_ecdf.csv
0.4647058823529412,189,eog,val,runs/a11_mixed1m_source_reuse_20260816_140553/a11_reuse_ecdf.csv
0.5,190,eog,val,runs/a11_mixed1m_source_reuse_20260816_140553/a11_reuse_ecdf.csv
0.5205882352941177,191,eog,val,runs/a11_mixed1m_source_reuse_20260816_140553/a11_reuse_ecdf.csv
0.538235294117647,192,eog,val,runs/a11_mixed1m_source_reuse_20260816_140553/a11_reuse_ecdf.csv
0.55,193,eog,val,runs/a11_mixed1m_source_reuse_20260816_140553/a11_reuse_ecdf.csv
0.5911764705882353,194,eog,val,runs/a11_mixed1m_source_reuse_20260816_140553/a11_reuse_ecdf.csv
0.611764705882353,195,eog,val,runs/a11_mixed1m_source_reuse_20260816_140553/a11_reuse_ecdf.csv
0.6323529411764706,196,eog,val,runs/a11_mixed1m_source_reuse_20260816_140553/a11_reuse_ecdf.csv
0.6558823529411765,197,eog,val,runs/a11_mixed1m_source_reuse_20260816_140553/a11_reuse_ecdf.csv
0.6852941176470588,198,eog,val,runs/a11_mixed1m_source_reuse_20260816_140553/a11_reuse_ecdf.csv
0.7176470588235294,199,eog,val,runs/a11_mixed1m_source_reuse_20260816_140553/a11_reuse_ecdf.csv
0.7352941176470589,200,eog,val,runs/a11_mixed1m_source_reuse_20260816_140553/a11_reuse_ecdf.csv
0.7588235294117647,201,eog,val,runs/a11_mixed1m_source_reuse_20260816_140553/a11_reuse_ecdf.csv
0.7852941176470588,202,eog,val,runs/a11_mixed1m_source_reuse_20260816_140553/a11_reuse_ecdf.csv
0.8058823529411765,203,eog,val,runs/a11_mixed1m_source_reuse_20260816_140553/a11_reuse_ecdf.csv
0.8294117647058824,204,eog,val,runs/a11_mixed1m_source_reuse_20260816_140553/a11_reuse_ecdf.csv
0.8382352941176471,205,eog,val,runs/a11_mixed1m_source_reuse_20260816_140553/a11_reuse_ecdf.csv
0.8529411764705882,206,eog,val,runs/a11_mixed1m_source_reuse_20260816_140553/a11_reuse_ecdf.csv
0.8735294117647059,207,eog,val,runs/a11_mixed1m_source_reuse_20260816_140553/a11_reuse_ecdf.csv
0.8852941176470588,208,eog,val,runs/a11_mixed1m_source_reuse_20260816_140553/a11_reuse_ecdf.csv
0.8970588235294118,209,eog,val,runs/a11_mixed1m_source_reuse_20260816_140553/a11_reuse_ecdf.csv
0.9058823529411764,210,eog,val,runs/a11_mixed1m_source_reuse_20260816_140553/a11_reuse_ecdf.csv
0.9176470588235294,211,eog,val,runs/a11_mixed1m_source_reuse_20260816_140553/a11_reuse_ecdf.csv
0.923529411764706,212,eog,val,runs/a11_mixed1m_source_reuse_20260816_140553/a11_reuse_ecdf.csv
0.9323529411764706,213,eog,val,runs/a11_mixed1m_source_reuse_20260816_140553/a11_reuse_ecdf.csv
0.9382352941176472,214,eog,val,runs/a11_mixed1m_source_reuse_20260816_140553/a11_reuse_ecdf.csv
0.95,215,eog,val,runs/a11_mixed1m_source_reuse_20260816_140553/a11_reuse_ecdf.csv
0.9647058823529412,216,eog,val,runs/a11_mixed1m_source_reuse_20260816_140553/a11_reuse_ecdf.csv
0.9676470588235294,218,eog,val,runs/a11_mixed1m_source_reuse_20260816_140553/a11_reuse_ecdf.csv
0.976470588235294,221,eog,val,runs/a11_mixed1m_source_reuse_20260816_140553/a11_reuse_ecdf.csv
0.9852941176470588,224,eog,val,runs/a11_mixed1m_source_reuse_20260816_140553/a11_reuse_ecdf.csv
0.9882352941176472,226,eog,val,runs/a11_mixed1m_source_reuse_20260816_140553/a11_reuse_ecdf.csv
0.9941176470588236,229,eog,val,runs/a11_mixed1m_source_reuse_20260816_140553/a11_reuse_ecdf.csv
0.9970588235294118,231,eog,val,runs/a11_mixed1m_source_reuse_20260816_140553/a11_reuse_ecdf.csv
1.0,232,eog,val,runs/a11_mixed1m_source_reuse_20260816_140553/a11_reuse_ecdf.csv
0.0017889087656529,83,emg,val,runs/a11_mixed1m_source_reuse_20260816_140553/a11_reuse_ecdf.csv
0.0035778175313059,88,emg,val,runs/a11_mixed1m_source_reuse_20260816_140553/a11_reuse_ecdf.csv
0.0053667262969588,92,emg,val,runs/a11_mixed1m_source_reuse_20260816_140553/a11_reuse_ecdf.csv
0.0089445438282647,93,emg,val,runs/a11_mixed1m_source_reuse_20260816_140553/a11_reuse_ecdf.csv
0.0107334525939177,94,emg,val,runs/a11_mixed1m_source_reuse_20260816_140553/a11_reuse_ecdf.csv
0.0161001788908765,95,emg,val,runs/a11_mixed1m_source_reuse_20260816_140553/a11_reuse_ecdf.csv
0.0214669051878354,96,emg,val,runs/a11_mixed1m_source_reuse_20260816_140553/a11_reuse_ecdf.csv
0.0232558139534883,97,emg,val,runs/a11_mixed1m_source_reuse_20260816_140553/a11_reuse_ecdf.csv
0.0429338103756708,98,emg,val,runs/a11_mixed1m_source_reuse_20260816_140553/a11_reuse_ecdf.csv
0.0536672629695885,99,emg,val,runs/a11_mixed1m_source_reuse_20260816_140553/a11_reuse_ecdf.csv
0.0679785330948121,100,emg,val,runs/a11_mixed1m_source_reuse_20260816_140553/a11_reuse_ecdf.csv
0.0805008944543828,101,emg,val,runs/a11_mixed1m_source_reuse_20260816_140553/a11_reuse_ecdf.csv
0.1001788908765653,102,emg,val,runs/a11_mixed1m_source_reuse_20260816_140553/a11_reuse_ecdf.csv
0.1216457960644007,103,emg,val,runs/a11_mixed1m_source_reuse_20260816_140553/a11_reuse_ecdf.csv
0.1413237924865832,104,emg,val,runs/a11_mixed1m_source_reuse_20260816_140553/a11_reuse_ecdf.csv
0.1627906976744186,105,emg,val,runs/a11_mixed1m_source_reuse_20260816_140553/a11_reuse_ecdf.csv
0.182468694096601,106,emg,val,runs/a11_mixed1m_source_reuse_20260816_140553/a11_reuse_ecdf.csv
0.2003577817531306,107,emg,val,runs/a11_mixed1m_source_reuse_20260816_140553/a11_reuse_ecdf.csv
0.2289803220035778,108,emg,val,runs/a11_mixed1m_source_reuse_20260816_140553/a11_reuse_ecdf.csv
0.257602862254025,109,emg,val,runs/a11_mixed1m_source_reuse_20260816_140553/a11_reuse_ecdf.csv
0.2808586762075134,110,emg,val,runs/a11_mixed1m_source_reuse_20260816_140553/a11_reuse_ecdf.csv
0.3273703041144901,111,emg,val,runs/a11_mixed1m_source_reuse_20260816_140553/a11_reuse_ecdf.csv
0.3631484794275492,112,emg,val,runs/a11_mixed1m_source_reuse_20260816_140553/a11_reuse_ecdf.csv
0.3917710196779964,113,emg,val,runs/a11_mixed1m_source_reuse_20260816_140553/a11_reuse_ecdf.csv
0.4293381037567084,114,emg,val,runs/a11_mixed1m_source_reuse_20260816_140553/a11_reuse_ecdf.csv
0.4722719141323792,115,emg,val,runs/a11_mixed1m_source_reuse_20260816_140553/a11_reuse_ecdf.csv
0.5026833631484794,116,emg,val,runs/a11_mixed1m_source_reuse_20260816_140553/a11_reuse_ecdf.csv
0.5402504472271914,117,emg,val,runs/a11_mixed1m_source_reuse_20260816_140553/a11_reuse_ecdf.csv
0.5796064400715564,118,emg,val,runs/a11_mixed1m_source_reuse_20260816_140553/a11_reuse_ecdf.csv
0.629695885509839,119,emg,val,runs/a11_mixed1m_source_reuse_20260816_140553/a11_reuse_ecdf.csv
0.669051878354204,120,emg,val,runs/a11_mixed1m_source_reuse_20260816_140553/a11_reuse_ecdf.csv
0.7066189624329159,121,emg,val,runs/a11_mixed1m_source_reuse_20260816_140553/a11_reuse_ecdf.csv
0.7531305903398927,122,emg,val,runs/a11_mixed1m_source_reuse_20260816_140553/a11_reuse_ecdf.csv
0.776386404293381,123,emg,val,runs/a11_mixed1m_source_reuse_20260816_140553/a11_reuse_ecdf.csv
0.8085867620751341,124,emg,val,runs/a11_mixed1m_source_reuse_20260816_140553/a11_reuse_ecdf.csv
0.8354203935599285,125,emg,val,runs/a11_mixed1m_source_reuse_20260816_140553/a11_reuse_ecdf.csv
0.851520572450805,126,emg,val,runs/a11_mixed1m_source_reuse_20260816_140553/a11_reuse_ecdf.csv
0.8640429338103757,127,emg,val,runs/a11_mixed1m_source_reuse_20260816_140553/a11_reuse_ecdf.csv
0.8801431127012522,128,emg,val,runs/a11_mixed1m_source_reuse_20260816_140553/a11_reuse_ecdf.csv
0.8944543828264758,129,emg,val,runs/a11_mixed1m_source_reuse_20260816_140553/a11_reuse_ecdf.csv
0.9123434704830052,130,emg,val,runs/a11_mixed1m_source_reuse_20260816_140553/a11_reuse_ecdf.csv
0.9230769230769232,131,emg,val,runs/a11_mixed1m_source_reuse_20260816_140553/a11_reuse_ecdf.csv
0.9373881932021468,132,emg,val,runs/a11_mixed1m_source_reuse_20260816_140553/a11_reuse_ecdf.csv
0.9552772808586762,133,emg,val,runs/a11_mixed1m_source_reuse_20260816_140553/a11_reuse_ecdf.csv
0.958855098389982,134,emg,val,runs/a11_mixed1m_source_reuse_20260816_140553/a11_reuse_ecdf.csv
0.960644007155635,135,emg,val,runs/a11_mixed1m_source_reuse_20260816_140553/a11_reuse_ecdf.csv
0.9695885509838998,136,emg,val,runs/a11_mixed1m_source_reuse_20260816_140553/a11_reuse_ecdf.csv
0.9749552772808586,137,emg,val,runs/a11_mixed1m_source_reuse_20260816_140553/a11_reuse_ecdf.csv
0.9803220035778176,138,emg,val,runs/a11_mixed1m_source_reuse_20260816_140553/a11_reuse_ecdf.csv
0.9838998211091234,139,emg,val,runs/a11_mixed1m_source_reuse_20260816_140553/a11_reuse_ecdf.csv
0.9856887298747764,140,emg,val,runs/a11_mixed1m_source_reuse_20260816_140553/a11_reuse_ecdf.csv
0.9910554561717352,142,emg,val,runs/a11_mixed1m_source_reuse_20260816_140553/a11_reuse_ecdf.csv
0.9946332737030412,144,emg,val,runs/a11_mixed1m_source_reuse_20260816_140553/a11_reuse_ecdf.csv
0.996422182468694,145,emg,val,runs/a11_mixed1m_source_reuse_20260816_140553/a11_reuse_ecdf.csv
0.998211091234347,146,emg,val,runs/a11_mixed1m_source_reuse_20260816_140553/a11_reuse_ecdf.csv
1.0,148,emg,val,runs/a11_mixed1m_source_reuse_20260816_140553/a11_reuse_ecdf.csv
0.0022123893805309,180,clean,test,runs/a11_mixed1m_source_reuse_20260816_140553/a11_reuse_ecdf.csv
0.0044247787610619,182,clean,test,runs/a11_mixed1m_source_reuse_20260816_140553/a11_reuse_ecdf.csv
0.0088495575221238,184,clean,test,runs/a11_mixed1m_source_reuse_20260816_140553/a11_reuse_ecdf.csv
0.0110619469026548,186,clean,test,runs/a11_mixed1m_source_reuse_20260816_140553/a11_reuse_ecdf.csv
0.0154867256637168,188,clean,test,runs/a11_mixed1m_source_reuse_20260816_140553/a11_reuse_ecdf.csv
0.0176991150442477,190,clean,test,runs/a11_mixed1m_source_reuse_20260816_140553/a11_reuse_ecdf.csv
0.0199115044247787,191,clean,test,runs/a11_mixed1m_source_reuse_20260816_140553/a11_reuse_ecdf.csv
0.0265486725663716,192,clean,test,runs/a11_mixed1m_source_reuse_20260816_140553/a11_reuse_ecdf.csv
0.0331858407079646,193,clean,test,runs/a11_mixed1m_source_reuse_20260816_140553/a11_reuse_ecdf.csv
0.0398230088495575,194,clean,test,runs/a11_mixed1m_source_reuse_20260816_140553/a11_reuse_ecdf.csv
0.0486725663716814,195,clean,test,runs/a11_mixed1m_source_reuse_20260816_140553/a11_reuse_ecdf.csv
0.0508849557522123,196,clean,test,runs/a11_mixed1m_source_reuse_20260816_140553/a11_reuse_ecdf.csv
0.0597345132743362,197,clean,test,runs/a11_mixed1m_source_reuse_20260816_140553/a11_reuse_ecdf.csv
0.0641592920353982,198,clean,test,runs/a11_mixed1m_source_reuse_20260816_140553/a11_reuse_ecdf.csv
0.081858407079646,199,clean,test,runs/a11_mixed1m_source_reuse_20260816_140553/a11_reuse_ecdf.csv
0.0884955752212389,200,clean,test,runs/a11_mixed1m_source_reuse_20260816_140553/a11_reuse_ecdf.csv
0.0995575221238938,201,clean,test,runs/a11_mixed1m_source_reuse_20260816_140553/a11_reuse_ecdf.csv
0.1106194690265486,202,clean,test,runs/a11_mixed1m_source_reuse_20260816_140553/a11_reuse_ecdf.csv
0.1261061946902655,203,clean,test,runs/a11_mixed1m_source_reuse_20260816_140553/a11_reuse_ecdf.csv
0.1393805309734513,204,clean,test,runs/a11_mixed1m_source_reuse_20260816_140553/a11_reuse_ecdf.csv
0.1592920353982301,205,clean,test,runs/a11_mixed1m_source_reuse_20260816_140553/a11_reuse_ecdf.csv
0.1747787610619469,206,clean,test,runs/a11_mixed1m_source_reuse_20260816_140553/a11_reuse_ecdf.csv
0.1902654867256637,207,clean,test,runs/a11_mixed1m_source_reuse_20260816_140553/a11_reuse_ecdf.csv
0.2079646017699115,208,clean,test,runs/a11_mixed1m_source_reuse_20260816_140553/a11_reuse_ecdf.csv
0.2300884955752212,209,clean,test,runs/a11_mixed1m_source_reuse_20260816_140553/a11_reuse_ecdf.csv
0.25,210,clean,test,runs/a11_mixed1m_source_reuse_20260816_140553/a11_reuse_ecdf.csv
0.2743362831858407,211,clean,test,runs/a11_mixed1m_source_reuse_20260816_140553/a11_reuse_ecdf.csv
0.3008849557522124,212,clean,test,runs/a11_mixed1m_source_reuse_20260816_140553/a11_reuse_ecdf.csv
0.331858407079646,213,clean,test,runs/a11_mixed1m_source_reuse_20260816_140553/a11_reuse_ecdf.csv
0.3539823008849557,214,clean,test,runs/a11_mixed1m_source_reuse_20260816_140553/a11_reuse_ecdf.csv
0.3827433628318584,215,clean,test,runs/a11_mixed1m_source_reuse_20260816_140553/a11_reuse_ecdf.csv
0.3982300884955752,216,clean,test,runs/a11_mixed1m_source_reuse_20260816_140553/a11_reuse_ecdf.csv
0.4181415929203539,217,clean,test,runs/a11_mixed1m_source_reuse_20260816_140553/a11_reuse_ecdf.csv
0.4513274336283185,218,clean,test,runs/a11_mixed1m_source_reuse_20260816_140553/a11_reuse_ecdf.csv
0.4668141592920354,219,clean,test,runs/a11_mixed1m_source_reuse_20260816_140553/a11_reuse_ecdf.csv
0.4845132743362831,220,clean,test,runs/a11_mixed1m_source_reuse_20260816_140553/a11_reuse_ecdf.csv
0.5088495575221239,221,clean,test,runs/a11_mixed1m_source_reuse_20260816_140553/a11_reuse_ecdf.csv
0.5376106194690266,222,clean,test,runs/a11_mixed1m_source_reuse_20260816_140553/a11_reuse_ecdf.csv
0.5641592920353983,223,clean,test,runs/a11_mixed1m_source_reuse_20260816_140553/a11_reuse_ecdf.csv
0.577433628318584,224,clean,test,runs/a11_mixed1m_source_reuse_20260816_140553/a11_reuse_ecdf.csv
0.5973451327433629,225,clean,test,runs/a11_mixed1m_source_reuse_20260816_140553/a11_reuse_ecdf.csv
0.6150442477876106,226,clean,test,runs/a11_mixed1m_source_reuse_20260816_140553/a11_reuse_ecdf.csv
0.6438053097345132,227,clean,test,runs/a11_mixed1m_source_reuse_20260816_140553/a11_reuse_ecdf.csv
0.6792035398230089,228,clean,test,runs/a11_mixed1m_source_reuse_20260816_140553/a11_reuse_ecdf.csv
0.7013274336283186,229,clean,test,runs/a11_mixed1m_source_reuse_20260816_140553/a11_reuse_ecdf.csv
0.7278761061946902,230,clean,test,runs/a11_mixed1m_source_reuse_20260816_140553/a11_reuse_ecdf.csv
0.745575221238938,231,clean,test,runs/a11_mixed1m_source_reuse_20260816_140553/a11_reuse_ecdf.csv
0.754424778761062,232,clean,test,runs/a11_mixed1m_source_reuse_20260816_140553/a11_reuse_ecdf.csv
0.7676991150442478,233,clean,test,runs/a11_mixed1m_source_reuse_20260816_140553/a11_reuse_ecdf.csv
0.7831858407079646,234,clean,test,runs/a11_mixed1m_source_reuse_20260816_140553/a11_reuse_ecdf.csv
0.7876106194690266,235,clean,test,runs/a11_mixed1m_source_reuse_20260816_140553/a11_reuse_ecdf.csv
0.8163716814159292,236,clean,test,runs/a11_mixed1m_source_reuse_20260816_140553/a11_reuse_ecdf.csv
0.8407079646017699,237,clean,test,runs/a11_mixed1m_source_reuse_20260816_140553/a11_reuse_ecdf.csv
0.8561946902654868,238,clean,test,runs/a11_mixed1m_source_reuse_20260816_140553/a11_reuse_ecdf.csv
0.8716814159292036,239,clean,test,runs/a11_mixed1m_source_reuse_20260816_140553/a11_reuse_ecdf.csv
0.8871681415929203,240,clean,test,runs/a11_mixed1m_source_reuse_20260816_140553/a11_reuse_ecdf.csv
0.9026548672566372,241,clean,test,runs/a11_mixed1m_source_reuse_20260816_140553/a11_reuse_ecdf.csv
0.915929203539823,242,clean,test,runs/a11_mixed1m_source_reuse_20260816_140553/a11_reuse_ecdf.csv
0.922566371681416,243,clean,test,runs/a11_mixed1m_source_reuse_20260816_140553/a11_reuse_ecdf.csv
0.9358407079646016,244,clean,test,runs/a11_mixed1m_source_reuse_20260816_140553/a11_reuse_ecdf.csv
0.9446902654867256,245,clean,test,runs/a11_mixed1m_source_reuse_20260816_140553/a11_reuse_ecdf.csv
0.9491150442477876,246,clean,test,runs/a11_mixed1m_source_reuse_20260816_140553/a11_reuse_ecdf.csv
0.9557522123893806,247,clean,test,runs/a11_mixed1m_source_reuse_20260816_140553/a11_reuse_ecdf.csv
0.9646017699115044,248,clean,test,runs/a11_mixed1m_source_reuse_20260816_140553/a11_reuse_ecdf.csv
0.9778761061946902,249,clean,test,runs/a11_mixed1m_source_reuse_20260816_140553/a11_reuse_ecdf.csv
0.9823008849557522,250,clean,test,runs/a11_mixed1m_source_reuse_20260816_140553/a11_reuse_ecdf.csv
0.986725663716814,251,clean,test,runs/a11_mixed1m_source_reuse_20260816_140553/a11_reuse_ecdf.csv
0.991150442477876,253,clean,test,runs/a11_mixed1m_source_reuse_20260816_140553/a11_reuse_ecdf.csv
0.9933628318584072,255,clean,test,runs/a11_mixed1m_source_reuse_20260816_140553/a11_reuse_ecdf.csv
0.995575221238938,259,clean,test,runs/a11_mixed1m_source_reuse_20260816_140553/a11_reuse_ecdf.csv
0.9977876106194692,264,clean,test,runs/a11_mixed1m_source_reuse_20260816_140553/a11_reuse_ecdf.csv
1.0,276,clean,test,runs/a11_mixed1m_source_reuse_20260816_140553/a11_reuse_ecdf.csv
0.0029411764705882,151,eog,test,runs/a11_mixed1m_source_reuse_20260816_140553/a11_reuse_ecdf.csv
0.0058823529411764,154,eog,test,runs/a11_mixed1m_source_reuse_20260816_140553/a11_reuse_ecdf.csv
0.0088235294117647,155,eog,test,runs/a11_mixed1m_source_reuse_20260816_140553/a11_reuse_ecdf.csv
0.0117647058823529,156,eog,test,runs/a11_mixed1m_source_reuse_20260816_140553/a11_reuse_ecdf.csv
0.0176470588235294,160,eog,test,runs/a11_mixed1m_source_reuse_20260816_140553/a11_reuse_ecdf.csv
0.0205882352941176,161,eog,test,runs/a11_mixed1m_source_reuse_20260816_140553/a11_reuse_ecdf.csv
0.0294117647058823,163,eog,test,runs/a11_mixed1m_source_reuse_20260816_140553/a11_reuse_ecdf.csv
0.038235294117647,164,eog,test,runs/a11_mixed1m_source_reuse_20260816_140553/a11_reuse_ecdf.csv
0.0470588235294117,165,eog,test,runs/a11_mixed1m_source_reuse_20260816_140553/a11_reuse_ecdf.csv
0.0529411764705882,166,eog,test,runs/a11_mixed1m_source_reuse_20260816_140553/a11_reuse_ecdf.csv
0.0617647058823529,167,eog,test,runs/a11_mixed1m_source_reuse_20260816_140553/a11_reuse_ecdf.csv
0.0705882352941176,168,eog,test,runs/a11_mixed1m_source_reuse_20260816_140553/a11_reuse_ecdf.csv
0.0794117647058823,169,eog,test,runs/a11_mixed1m_source_reuse_20260816_140553/a11_reuse_ecdf.csv
0.0911764705882352,170,eog,test,runs/a11_mixed1m_source_reuse_20260816_140553/a11_reuse_ecdf.csv
0.0941176470588235,171,eog,test,runs/a11_mixed1m_source_reuse_20260816_140553/a11_reuse_ecdf.csv
0.1088235294117647,172,eog,test,runs/a11_mixed1m_source_reuse_20260816_140553/a11_reuse_ecdf.csv
0.1264705882352941,173,eog,test,runs/a11_mixed1m_source_reuse_20260816_140553/a11_reuse_ecdf.csv
0.1411764705882353,174,eog,test,runs/a11_mixed1m_source_reuse_20260816_140553/a11_reuse_ecdf.csv
0.1558823529411764,175,eog,test,runs/a11_mixed1m_source_reuse_20260816_140553/a11_reuse_ecdf.csv
0.1705882352941176,176,eog,test,runs/a11_mixed1m_source_reuse_20260816_140553/a11_reuse_ecdf.csv
0.1794117647058823,177,eog,test,runs/a11_mixed1m_source_reuse_20260816_140553/a11_reuse_ecdf.csv
0.2088235294117647,178,eog,test,runs/a11_mixed1m_source_reuse_20260816_140553/a11_reuse_ecdf.csv
0.2147058823529411,179,eog,test,runs/a11_mixed1m_source_reuse_20260816_140553/a11_reuse_ecdf.csv
0.2294117647058823,180,eog,test,runs/a11_mixed1m_source_reuse_20260816_140553/a11_reuse_ecdf.csv
0.2441176470588235,181,eog,test,runs/a11_mixed1m_source_reuse_20260816_140553/a11_reuse_ecdf.csv
0.2735294117647059,182,eog,test,runs/a11_mixed1m_source_reuse_20260816_140553/a11_reuse_ecdf.csv
0.2941176470588235,183,eog,test,runs/a11_mixed1m_source_reuse_20260816_140553/a11_reuse_ecdf.csv
0.3205882352941177,184,eog,test,runs/a11_mixed1m_source_reuse_20260816_140553/a11_reuse_ecdf.csv
0.3529411764705882,185,eog,test,runs/a11_mixed1m_source_reuse_20260816_140553/a11_reuse_ecdf.csv
0.3970588235294117,186,eog,test,runs/a11_mixed1m_source_reuse_20260816_140553/a11_reuse_ecdf.csv
0.4176470588235294,187,eog,test,runs/a11_mixed1m_source_reuse_20260816_140553/a11_reuse_ecdf.csv
0.438235294117647,188,eog,test,runs/a11_mixed1m_source_reuse_20260816_140553/a11_reuse_ecdf.csv
0.4617647058823529,189,eog,test,runs/a11_mixed1m_source_reuse_20260816_140553/a11_reuse_ecdf.csv
0.488235294117647,190,eog,test,runs/a11_mixed1m_source_reuse_20260816_140553/a11_reuse_ecdf.csv
0.5205882352941177,191,eog,test,runs/a11_mixed1m_source_reuse_20260816_140553/a11_reuse_ecdf.csv
0.55,192,eog,test,runs/a11_mixed1m_source_reuse_20260816_140553/a11_reuse_ecdf.csv
0.5794117647058824,193,eog,test,runs/a11_mixed1m_source_reuse_20260816_140553/a11_reuse_ecdf.csv
0.5941176470588235,194,eog,test,runs/a11_mixed1m_source_reuse_20260816_140553/a11_reuse_ecdf.csv
0.6294117647058823,195,eog,test,runs/a11_mixed1m_source_reuse_20260816_140553/a11_reuse_ecdf.csv
0.6617647058823529,196,eog,test,runs/a11_mixed1m_source_reuse_20260816_140553/a11_reuse_ecdf.csv
0.6911764705882353,197,eog,test,runs/a11_mixed1m_source_reuse_20260816_140553/a11_reuse_ecdf.csv
0.7147058823529412,198,eog,test,runs/a11_mixed1m_source_reuse_20260816_140553/a11_reuse_ecdf.csv
0.7411764705882353,199,eog,test,runs/a11_mixed1m_source_reuse_20260816_140553/a11_reuse_ecdf.csv
0.7735294117647059,200,eog,test,runs/a11_mixed1m_source_reuse_20260816_140553/a11_reuse_ecdf.csv
0.7911764705882353,201,eog,test,runs/a11_mixed1m_source_reuse_20260816_140553/a11_reuse_ecdf.csv
0.8058823529411765,202,eog,test,runs/a11_mixed1m_source_reuse_20260816_140553/a11_reuse_ecdf.csv
0.8323529411764706,203,eog,test,runs/a11_mixed1m_source_reuse_20260816_140553/a11_reuse_ecdf.csv
0.8470588235294118,204,eog,test,runs/a11_mixed1m_source_reuse_20260816_140553/a11_reuse_ecdf.csv
0.861764705882353,205,eog,test,runs/a11_mixed1m_source_reuse_20260816_140553/a11_reuse_ecdf.csv
0.8794117647058823,206,eog,test,runs/a11_mixed1m_source_reuse_20260816_140553/a11_reuse_ecdf.csv
0.888235294117647,207,eog,test,runs/a11_mixed1m_source_reuse_20260816_140553/a11_reuse_ecdf.csv
0.9,208,eog,test,runs/a11_mixed1m_source_reuse_20260816_140553/a11_reuse_ecdf.csv
0.9117647058823528,209,eog,test,runs/a11_mixed1m_source_reuse_20260816_140553/a11_reuse_ecdf.csv
0.9205882352941176,210,eog,test,runs/a11_mixed1m_source_reuse_20260816_140553/a11_reuse_ecdf.csv
0.9323529411764706,211,eog,test,runs/a11_mixed1m_source_reuse_20260816_140553/a11_reuse_ecdf.csv
0.9441176470588236,212,eog,test,runs/a11_mixed1m_source_reuse_20260816_140553/a11_reuse_ecdf.csv
0.9470588235294116,213,eog,test,runs/a11_mixed1m_source_reuse_20260816_140553/a11_reuse_ecdf.csv
0.9558823529411764,214,eog,test,runs/a11_mixed1m_source_reuse_20260816_140553/a11_reuse_ecdf.csv
0.961764705882353,215,eog,test,runs/a11_mixed1m_source_reuse_20260816_140553/a11_reuse_ecdf.csv
0.976470588235294,216,eog,test,runs/a11_mixed1m_source_reuse_20260816_140553/a11_reuse_ecdf.csv
0.9794117647058824,217,eog,test,runs/a11_mixed1m_source_reuse_20260816_140553/a11_reuse_ecdf.csv
0.9823529411764704,218,eog,test,runs/a11_mixed1m_source_reuse_20260816_140553/a11_reuse_ecdf.csv
0.9852941176470588,221,eog,test,runs/a11_mixed1m_source_reuse_20260816_140553/a11_reuse_ecdf.csv
0.9882352941176472,223,eog,test,runs/a11_mixed1m_source_reuse_20260816_140553/a11_reuse_ecdf.csv
0.9911764705882352,224,eog,test,runs/a11_mixed1m_source_reuse_20260816_140553/a11_reuse_ecdf.csv
0.9941176470588236,225,eog,test,runs/a11_mixed1m_source_reuse_20260816_140553/a11_reuse_ecdf.csv
0.9970588235294118,226,eog,test,runs/a11_mixed1m_source_reuse_20260816_140553/a11_reuse_ecdf.csv
1.0,227,eog,test,runs/a11_mixed1m_source_reuse_20260816_140553/a11_reuse_ecdf.csv
0.0017825311942959,82,emg,test,runs/a11_mixed1m_source_reuse_20260816_140553/a11_reuse_ecdf.csv
0.0035650623885918,85,emg,test,runs/a11_mixed1m_source_reuse_20260816_140553/a11_reuse_ecdf.csv
0.0053475935828877,89,emg,test,runs/a11_mixed1m_source_reuse_20260816_140553/a11_reuse_ecdf.csv
0.0071301247771836,91,emg,test,runs/a11_mixed1m_source_reuse_20260816_140553/a11_reuse_ecdf.csv
0.0142602495543672,92,emg,test,runs/a11_mixed1m_source_reuse_20260816_140553/a11_reuse_ecdf.csv
0.0213903743315508,93,emg,test,runs/a11_mixed1m_source_reuse_20260816_140553/a11_reuse_ecdf.csv
0.0231729055258467,94,emg,test,runs/a11_mixed1m_source_reuse_20260816_140553/a11_reuse_ecdf.csv
0.0338680926916221,95,emg,test,runs/a11_mixed1m_source_reuse_20260816_140553/a11_reuse_ecdf.csv
0.035650623885918,96,emg,test,runs/a11_mixed1m_source_reuse_20260816_140553/a11_reuse_ecdf.csv
0.0409982174688057,97,emg,test,runs/a11_mixed1m_source_reuse_20260816_140553/a11_reuse_ecdf.csv
0.0606060606060606,98,emg,test,runs/a11_mixed1m_source_reuse_20260816_140553/a11_reuse_ecdf.csv
0.0748663101604278,99,emg,test,runs/a11_mixed1m_source_reuse_20260816_140553/a11_reuse_ecdf.csv
0.0819964349376114,100,emg,test,runs/a11_mixed1m_source_reuse_20260816_140553/a11_reuse_ecdf.csv
0.089126559714795,101,emg,test,runs/a11_mixed1m_source_reuse_20260816_140553/a11_reuse_ecdf.csv
0.1033868092691622,102,emg,test,runs/a11_mixed1m_source_reuse_20260816_140553/a11_reuse_ecdf.csv
0.1158645276292335,103,emg,test,runs/a11_mixed1m_source_reuse_20260816_140553/a11_reuse_ecdf.csv
0.1319073083778966,104,emg,test,runs/a11_mixed1m_source_reuse_20260816_140553/a11_reuse_ecdf.csv
0.1461675579322638,105,emg,test,runs/a11_mixed1m_source_reuse_20260816_140553/a11_reuse_ecdf.csv
0.1639928698752228,106,emg,test,runs/a11_mixed1m_source_reuse_20260816_140553/a11_reuse_ecdf.csv
0.1978609625668449,107,emg,test,runs/a11_mixed1m_source_reuse_20260816_140553/a11_reuse_ecdf.csv
0.2352941176470588,108,emg,test,runs/a11_mixed1m_source_reuse_20260816_140553/a11_reuse_ecdf.csv
0.2709447415329768,109,emg,test,runs/a11_mixed1m_source_reuse_20260816_140553/a11_reuse_ecdf.csv
0.2941176470588235,110,emg,test,runs/a11_mixed1m_source_reuse_20260816_140553/a11_reuse_ecdf.csv
0.3333333333333333,111,emg,test,runs/a11_mixed1m_source_reuse_20260816_140553/a11_reuse_ecdf.csv
0.3707664884135472,112,emg,test,runs/a11_mixed1m_source_reuse_20260816_140553/a11_reuse_ecdf.csv
0.4010695187165775,113,emg,test,runs/a11_mixed1m_source_reuse_20260816_140553/a11_reuse_ecdf.csv
0.4491978609625668,114,emg,test,runs/a11_mixed1m_source_reuse_20260816_140553/a11_reuse_ecdf.csv
0.4866310160427807,115,emg,test,runs/a11_mixed1m_source_reuse_20260816_140553/a11_reuse_ecdf.csv
0.5347593582887701,116,emg,test,runs/a11_mixed1m_source_reuse_20260816_140553/a11_reuse_ecdf.csv
0.5668449197860963,117,emg,test,runs/a11_mixed1m_source_reuse_20260816_140553/a11_reuse_ecdf.csv
0.6149732620320856,118,emg,test,runs/a11_mixed1m_source_reuse_20260816_140553/a11_reuse_ecdf.csv
0.6684491978609626,119,emg,test,runs/a11_mixed1m_source_reuse_20260816_140553/a11_reuse_ecdf.csv
0.6880570409982175,120,emg,test,runs/a11_mixed1m_source_reuse_20260816_140553/a11_reuse_ecdf.csv
0.7254901960784313,121,emg,test,runs/a11_mixed1m_source_reuse_20260816_140553/a11_reuse_ecdf.csv
0.7557932263814616,122,emg,test,runs/a11_mixed1m_source_reuse_20260816_140553/a11_reuse_ecdf.csv
0.7789661319073083,123,emg,test,runs/a11_mixed1m_source_reuse_20260816_140553/a11_reuse_ecdf.csv
0.7985739750445633,124,emg,test,runs/a11_mixed1m_source_reuse_20260816_140553/a11_reuse_ecdf.csv
0.8253119429590018,125,emg,test,runs/a11_mixed1m_source_reuse_20260816_140553/a11_reuse_ecdf.csv
0.8413547237076648,126,emg,test,runs/a11_mixed1m_source_reuse_20260816_140553/a11_reuse_ecdf.csv
0.8627450980392157,127,emg,test,runs/a11_mixed1m_source_reuse_20260816_140553/a11_reuse_ecdf.csv
0.8805704099821747,128,emg,test,runs/a11_mixed1m_source_reuse_20260816_140553/a11_reuse_ecdf.csv
0.9037433155080212,129,emg,test,runs/a11_mixed1m_source_reuse_20260816_140553/a11_reuse_ecdf.csv
0.9197860962566844,130,emg,test,runs/a11_mixed1m_source_reuse_20260816_140553/a11_reuse_ecdf.csv
0.9376114081996436,131,emg,test,runs/a11_mixed1m_source_reuse_20260816_140553/a11_reuse_ecdf.csv
0.948306595365419,132,emg,test,runs/a11_mixed1m_source_reuse_20260816_140553/a11_reuse_ecdf.csv
0.9572192513368984,133,emg,test,runs/a11_mixed1m_source_reuse_20260816_140553/a11_reuse_ecdf.csv
0.966131907308378,134,emg,test,runs/a11_mixed1m_source_reuse_20260816_140553/a11_reuse_ecdf.csv
0.9696969696969696,135,emg,test,runs/a11_mixed1m_source_reuse_20260816_140553/a11_reuse_ecdf.csv
0.9750445632798574,136,emg,test,runs/a11_mixed1m_source_reuse_20260816_140553/a11_reuse_ecdf.csv
0.9803921568627452,137,emg,test,runs/a11_mixed1m_source_reuse_20260816_140553/a11_reuse_ecdf.csv
0.9893048128342246,138,emg,test,runs/a11_mixed1m_source_reuse_20260816_140553/a11_reuse_ecdf.csv
0.9928698752228164,139,emg,test,runs/a11_mixed1m_source_reuse_20260816_140553/a11_reuse_ecdf.csv
0.9946524064171124,142,emg,test,runs/a11_mixed1m_source_reuse_20260816_140553/a11_reuse_ecdf.csv
0.9964349376114082,143,emg,test,runs/a11_mixed1m_source_reuse_20260816_140553/a11_reuse_ecdf.csv
1.0,144,emg,test,runs/a11_mixed1m_source_reuse_20260816_140553/a11_reuse_ecdf.csv
