classifier,recipe,metric,metric_direction,raw_metric_slope_sign_note,bases,checkpoint_seeds,contamination_seed_pairs,n_observations,n_subjects,subject_intercept_slope_oriented,subject_intercept_cluster_se,subject_intercept_p_two_sided,subject_centered_pearson_r,subject_centered_spearman_r,pooled_pearson_r_descriptive,pooled_pearson_p_descriptive,pooled_spearman_r_sensitivity,pooled_spearman_p_sensitivity,bh_fdr_q_subject_intercept,classifier_label,metric_label,recipe_label,source_file
csp_lda,eog,CC,higher_better,positive oriented slope means better reconstruction is associated with better downstream delta,2 4 6 8 16,42 43 44 45 46,1 2 3 4 5,1125,9,0.6608892549902674,0.3347411609800235,0.0837806701424849,0.3245138893805228,0.3946663208924001,-0.1251603700166453,2.5547927510590024e-05,0.2258439294565317,1.7762629531838267e-14,0.1808125653939684,CSP+LDA,CC,EOG,runs/a4_same_bci_metric_utility_all_neural_artifacts_20260814_215900/a4_subject_intercept_metric_tests.csv
csp_lda,eog,RMSE,lower_better,positive oriented slope means better reconstruction is associated with better downstream delta,2 4 6 8 16,42 43 44 45 46,1 2 3 4 5,1125,9,-0.0046344497964867,0.0161668660601172,0.7816540765434417,-0.0309320419546508,0.0537157633871032,-0.3093320698248458,2.2689563176406723e-26,-0.3211021732519846,2.1413523299652764e-28,0.8496239962428713,CSP+LDA,RMSE,EOG,runs/a4_same_bci_metric_utility_all_neural_artifacts_20260814_215900/a4_subject_intercept_metric_tests.csv
csp_lda,eog,T_RRMSE,lower_better,positive oriented slope means better reconstruction is associated with better downstream delta,2 4 6 8 16,42 43 44 45 46,1 2 3 4 5,1125,9,-0.0466465820889336,0.1912386404056718,0.8134330651513206,-0.0278288832228812,-0.0265663156120709,-0.3850573411736354,4.505276977097348e-41,-0.3751719436258325,6.41339782866838e-39,0.8715354269478435,CSP+LDA,T-RRMSE,EOG,runs/a4_same_bci_metric_utility_all_neural_artifacts_20260814_215900/a4_subject_intercept_metric_tests.csv
csp_lda,eog,S_RRMSE,lower_better,positive oriented slope means better reconstruction is associated with better downstream delta,2 4 6 8 16,42 43 44 45 46,1 2 3 4 5,1125,9,-0.0551846291570602,0.0507319352264619,0.3083795972531025,-0.1247764678338332,-0.1132034061238828,-0.4064698706290958,5.358577987073001e-46,-0.3612026264292541,5.313732605115975e-36,0.4920951019996317,CSP+LDA,S-RRMSE,EOG,runs/a4_same_bci_metric_utility_all_neural_artifacts_20260814_215900/a4_subject_intercept_metric_tests.csv
csp_lda,eog,SDR,higher_better,positive oriented slope means better reconstruction is associated with better downstream delta,2 4 6 8 16,42 43 44 45 46,1 2 3 4 5,1125,9,0.00116645091682,0.022135867262302,0.9592669478932956,0.0064916200327331,-0.0238957256309833,-0.3881095670008103,9.413364321386091e-42,-0.4032695779387901,3.0780343861954624e-45,0.9592669478932956,CSP+LDA,SDR,EOG,runs/a4_same_bci_metric_utility_all_neural_artifacts_20260814_215900/a4_subject_intercept_metric_tests.csv
shallowfbcsp,eog,CC,higher_better,positive oriented slope means better reconstruction is associated with better downstream delta,6 16,42 43 44,1 2 3,162,9,0.1167992224202987,0.2018381438272924,0.5787300375474608,0.0638734524693789,0.1468951318933437,0.3775005661509752,7.343051259895745e-07,0.5514025022955278,2.8727872476609494e-14,0.6929047542657458,ShallowFBCSPNet,CC,EOG,runs/a4_same_bci_metric_utility_all_neural_artifacts_20260814_215900/a4_subject_intercept_metric_tests.csv
shallowfbcsp,eog,RMSE,lower_better,positive oriented slope means better reconstruction is associated with better downstream delta,6 16,42 43 44,1 2 3,162,9,0.0187306177279898,0.0275421927712384,0.5156538845468666,0.0984387091043367,0.0913378692444353,-0.0572361833902665,0.4694035502444956,0.0441828792417277,0.5766570724151494,0.6557930150449922,ShallowFBCSPNet,RMSE,EOG,runs/a4_same_bci_metric_utility_all_neural_artifacts_20260814_215900/a4_subject_intercept_metric_tests.csv
shallowfbcsp,eog,T_RRMSE,lower_better,positive oriented slope means better reconstruction is associated with better downstream delta,6 16,42 43 44,1 2 3,162,9,0.2314437653678839,0.3261932338052948,0.4981507613503577,0.0990065372867464,0.1153516451807603,-0.0069677344035056,0.929877384696137,-0.0419247623699854,0.5963088466300885,0.6557930150449922,ShallowFBCSPNet,T-RRMSE,EOG,runs/a4_same_bci_metric_utility_all_neural_artifacts_20260814_215900/a4_subject_intercept_metric_tests.csv
shallowfbcsp,eog,S_RRMSE,lower_better,positive oriented slope means better reconstruction is associated with better downstream delta,6 16,42 43 44,1 2 3,162,9,0.0386346073032541,0.052867434220901,0.4857609577863242,0.0729627063625739,0.0624579358528243,-0.2424264640954753,0.0018823586435929,-0.1801412734432419,0.0217980864835747,0.6557930150449922,ShallowFBCSPNet,S-RRMSE,EOG,runs/a4_same_bci_metric_utility_all_neural_artifacts_20260814_215900/a4_subject_intercept_metric_tests.csv
shallowfbcsp,eog,SDR,higher_better,positive oriented slope means better reconstruction is associated with better downstream delta,6 16,42 43 44,1 2 3,162,9,0.0258997783666707,0.0328745037319611,0.4534998460868337,0.1041020433450818,0.0694179020323311,0.0358694924192063,0.6504373538629219,0.0110591273793579,0.8889175733356292,0.6417450652172175,ShallowFBCSPNet,SDR,EOG,runs/a4_same_bci_metric_utility_all_neural_artifacts_20260814_215900/a4_subject_intercept_metric_tests.csv
eegconformer,eog,CC,higher_better,positive oriented slope means better reconstruction is associated with better downstream delta,6 16,42 43 44,1 2 3,162,9,0.3855555160509064,0.3464907632504655,0.2981341881710856,0.114637274321989,0.1358442381935671,0.3215252057123161,3.0195920134466197e-05,0.5537572189209733,2.12014323339519e-14,0.4860883502789439,EEGConformer,CC,EOG,runs/a4_same_bci_metric_utility_all_neural_artifacts_20260814_215900/a4_subject_intercept_metric_tests.csv
eegconformer,eog,RMSE,lower_better,positive oriented slope means better reconstruction is associated with better downstream delta,6 16,42 43 44,1 2 3,162,9,0.0262886631134817,0.031879469094443,0.4334806991706429,0.0751174439153444,0.1091841535268488,-0.2318487168201853,0.0029910050547703,-0.2164557212186737,0.0056648599692466,0.625212546880735,EEGConformer,RMSE,EOG,runs/a4_same_bci_metric_utility_all_neural_artifacts_20260814_215900/a4_subject_intercept_metric_tests.csv
eegconformer,eog,T_RRMSE,lower_better,positive oriented slope means better reconstruction is associated with better downstream delta,6 16,42 43 44,1 2 3,162,9,0.2465375610569426,0.4154785985602724,0.569317573809826,0.0573403014159238,0.0963718173333768,-0.1730800951612915,0.0276270761809075,-0.2079031156375328,0.0079365738889741,0.6929047542657458,EEGConformer,T-RRMSE,EOG,runs/a4_same_bci_metric_utility_all_neural_artifacts_20260814_215900/a4_subject_intercept_metric_tests.csv
eegconformer,eog,S_RRMSE,lower_better,positive oriented slope means better reconstruction is associated with better downstream delta,6 16,42 43 44,1 2 3,162,9,0.0721699961531445,0.0723477967117405,0.3477136100719514,0.0741036509722651,0.0340649288285153,-0.410028127996642,6.00794271940789e-08,-0.4123245022373306,4.983048261040439e-08,0.5322147092938031,EEGConformer,S-RRMSE,EOG,runs/a4_same_bci_metric_utility_all_neural_artifacts_20260814_215900/a4_subject_intercept_metric_tests.csv
eegconformer,eog,SDR,higher_better,positive oriented slope means better reconstruction is associated with better downstream delta,6 16,42 43 44,1 2 3,162,9,0.0257715820498673,0.0472747140342575,0.6005174536969797,0.0563200169617256,0.0820540538842529,-0.1406126149356954,0.0743058494056848,-0.1643920875737417,0.0365809151548104,0.6929047542657458,EEGConformer,SDR,EOG,runs/a4_same_bci_metric_utility_all_neural_artifacts_20260814_215900/a4_subject_intercept_metric_tests.csv
eegnet,eog,CC,higher_better,positive oriented slope means better reconstruction is associated with better downstream delta,6 16,42 43 44,1 2 3,162,9,-0.0309069158336131,0.2240129395962944,0.8936741466586331,-0.0183281288590791,-0.1531790741406318,0.3623434356954934,2.15638499230546e-06,0.2487493869722882,0.0014135524721991,0.9309105694360762,EEGNet,CC,EOG,runs/a4_same_bci_metric_utility_all_neural_artifacts_20260814_215900/a4_subject_intercept_metric_tests.csv
eegnet,eog,RMSE,lower_better,positive oriented slope means better reconstruction is associated with better downstream delta,6 16,42 43 44,1 2 3,162,9,-0.0145199536527239,0.0160665001401151,0.3925328854408916,-0.0827486771994063,-0.141240595038052,0.3512614170775169,4.581133941296018e-06,0.3152935033269588,4.375762738376545e-05,0.5887993281613374,EEGNet,RMSE,EOG,runs/a4_same_bci_metric_utility_all_neural_artifacts_20260814_215900/a4_subject_intercept_metric_tests.csv
eegnet,eog,T_RRMSE,lower_better,positive oriented slope means better reconstruction is associated with better downstream delta,6 16,42 43 44,1 2 3,162,9,-0.2134896241065973,0.2085658303947863,0.3359734694869073,-0.0990323713120716,-0.1220832003742041,-0.0731607923054777,0.3548542035718276,0.0260968665008316,0.7416697735946037,0.5249585460732927,EEGNet,T-RRMSE,EOG,runs/a4_same_bci_metric_utility_all_neural_artifacts_20260814_215900/a4_subject_intercept_metric_tests.csv
eegnet,eog,S_RRMSE,lower_better,positive oriented slope means better reconstruction is associated with better downstream delta,6 16,42 43 44,1 2 3,162,9,-0.1080563477016732,0.0647452275655613,0.1336801520943012,-0.2212874260160378,-0.1644784762107369,0.0129013852149965,0.8705632763963741,-0.0460332861747675,0.5607825558566252,0.2445368635871363,EEGNet,S-RRMSE,EOG,runs/a4_same_bci_metric_utility_all_neural_artifacts_20260814_215900/a4_subject_intercept_metric_tests.csv
eegnet,eog,SDR,higher_better,positive oriented slope means better reconstruction is associated with better downstream delta,6 16,42 43 44,1 2 3,162,9,-0.0189990720967739,0.0265411692413958,0.4944546335149655,-0.0828090147731211,-0.1347758391628079,-0.0363544309841069,0.6460294039747492,0.12966435092193,0.1000671540607151,0.6557930150449922,EEGNet,SDR,EOG,runs/a4_same_bci_metric_utility_all_neural_artifacts_20260814_215900/a4_subject_intercept_metric_tests.csv
deep4net,eog,CC,higher_better,positive oriented slope means better reconstruction is associated with better downstream delta,6 16,42 43 44,1 2 3,162,9,0.2064895657311985,0.1670685409469844,0.2515323942165694,0.1028462389505416,0.0738822906391562,0.3816983345544283,5.395829447817871e-07,0.3217259315306505,2.9833192034708075e-05,0.4192206570276157,Deep4Net,CC,EOG,runs/a4_same_bci_metric_utility_all_neural_artifacts_20260814_215900/a4_subject_intercept_metric_tests.csv
deep4net,eog,RMSE,lower_better,positive oriented slope means better reconstruction is associated with better downstream delta,6 16,42 43 44,1 2 3,162,9,0.0092632351865774,0.0205794673912941,0.6645709503741134,0.0443390479594797,0.081769353786834,0.2868140366150548,0.0002153199325764,0.2464051914046671,0.0015732463132493,0.7551942617887653,Deep4Net,RMSE,EOG,runs/a4_same_bci_metric_utility_all_neural_artifacts_20260814_215900/a4_subject_intercept_metric_tests.csv
deep4net,eog,T_RRMSE,lower_better,positive oriented slope means better reconstruction is associated with better downstream delta,6 16,42 43 44,1 2 3,162,9,0.0225361784545066,0.2802072437514719,0.937873392830862,0.0087802831619532,0.0370548320620194,0.0331974233346811,0.6749399589487656,0.0144984909463213,0.8547067517190369,0.9505473575988468,Deep4Net,T-RRMSE,EOG,runs/a4_same_bci_metric_utility_all_neural_artifacts_20260814_215900/a4_subject_intercept_metric_tests.csv
deep4net,eog,S_RRMSE,lower_better,positive oriented slope means better reconstruction is associated with better downstream delta,6 16,42 43 44,1 2 3,162,9,0.0155959808232206,0.0406017152319254,0.7108970455826455,0.0268254483093633,0.0006911253877286,0.10192367549404,0.1968442289469124,-0.015846301600827,0.8413701128371884,0.7867303932662759,Deep4Net,S-RRMSE,EOG,runs/a4_same_bci_metric_utility_all_neural_artifacts_20260814_215900/a4_subject_intercept_metric_tests.csv
deep4net,eog,SDR,higher_better,positive oriented slope means better reconstruction is associated with better downstream delta,6 16,42 43 44,1 2 3,162,9,0.0024763609402352,0.0292852558506721,0.934689019934512,0.0090654009144502,0.0202281029351467,0.0723713594417515,0.3600840572071868,0.1019424703625705,0.1967612418593613,0.9505473575988468,Deep4Net,SDR,EOG,runs/a4_same_bci_metric_utility_all_neural_artifacts_20260814_215900/a4_subject_intercept_metric_tests.csv
csp_lda,emg,CC,higher_better,positive oriented slope means better reconstruction is associated with better downstream delta,2 4 6 8 16,42 43 44 45 46,1 2 3 4 5,1125,9,0.5575999646622142,0.2984170115916617,0.0986301694810043,0.2321521802591355,0.3128133967420328,0.0553568083276755,0.063441724540637,0.2257098737971944,1.8420911565456244e-14,0.1872960548918255,CSP+LDA,CC,EMG,runs/a4_same_bci_metric_utility_all_neural_artifacts_20260814_215900/a4_subject_intercept_metric_tests.csv
csp_lda,emg,RMSE,lower_better,positive oriented slope means better reconstruction is associated with better downstream delta,2 4 6 8 16,42 43 44 45 46,1 2 3 4 5,1125,9,0.0745963074717807,0.0198265860429175,0.0055250337580063,0.3250634060622264,0.2903012030785411,0.1420169891642085,1.7325068616686831e-06,0.0064218138683225,0.82964495038252,0.0243751489323807,CSP+LDA,RMSE,EMG,runs/a4_same_bci_metric_utility_all_neural_artifacts_20260814_215900/a4_subject_intercept_metric_tests.csv
csp_lda,emg,T_RRMSE,lower_better,positive oriented slope means better reconstruction is associated with better downstream delta,2 4 6 8 16,42 43 44 45 46,1 2 3 4 5,1125,9,0.7991174168468014,0.186898407145528,0.0027032903454115,0.3333186681126842,0.3736834833112104,0.1299653233818425,1.2261688286996611e-05,0.2644426379737373,1.8658838183014044e-19,0.0155959058389128,CSP+LDA,T-RRMSE,EMG,runs/a4_same_bci_metric_utility_all_neural_artifacts_20260814_215900/a4_subject_intercept_metric_tests.csv
csp_lda,emg,S_RRMSE,lower_better,positive oriented slope means better reconstruction is associated with better downstream delta,2 4 6 8 16,42 43 44 45 46,1 2 3 4 5,1125,9,0.4149989861023266,0.0741819176213861,0.0005136252185619,0.3544608782471778,0.3755791934583039,0.1923788394301818,7.703691253425165e-11,0.276271445864046,3.711496124787701e-21,0.0044946177004193,CSP+LDA,S-RRMSE,EMG,runs/a4_same_bci_metric_utility_all_neural_artifacts_20260814_215900/a4_subject_intercept_metric_tests.csv
csp_lda,emg,SDR,higher_better,positive oriented slope means better reconstruction is associated with better downstream delta,2 4 6 8 16,42 43 44 45 46,1 2 3 4 5,1125,9,0.0601139402165586,0.0137769673697209,0.0024017710732006,0.3227910149547791,0.3659124581554841,0.1637787645349473,3.303430339590099e-08,0.2576482190581162,1.6226084519770349e-18,0.0150110692075042,CSP+LDA,SDR,EMG,runs/a4_same_bci_metric_utility_all_neural_artifacts_20260814_215900/a4_subject_intercept_metric_tests.csv
shallowfbcsp,emg,CC,higher_better,positive oriented slope means better reconstruction is associated with better downstream delta,6 16,42 43 44,1 2 3,162,9,0.3990118599563305,0.1220364804252547,0.0113628127179736,0.2105104481120885,0.2944457519516099,0.2116493524486357,0.0068572997534048,0.2890143715615523,0.0001914896504196,0.0387368615385465,ShallowFBCSPNet,CC,EMG,runs/a4_same_bci_metric_utility_all_neural_artifacts_20260814_215900/a4_subject_intercept_metric_tests.csv
shallowfbcsp,emg,RMSE,lower_better,positive oriented slope means better reconstruction is associated with better downstream delta,6 16,42 43 44,1 2 3,162,9,0.0451827570205218,0.015626148708415,0.0201532243319345,0.2406532250854561,0.2447408608202815,0.1353480017993321,0.0859298185901021,-0.12329917452268,0.1180148150863477,0.0657170358650038,ShallowFBCSPNet,RMSE,EMG,runs/a4_same_bci_metric_utility_all_neural_artifacts_20260814_215900/a4_subject_intercept_metric_tests.csv
shallowfbcsp,emg,T_RRMSE,lower_better,positive oriented slope means better reconstruction is associated with better downstream delta,6 16,42 43 44,1 2 3,162,9,0.4723498292040394,0.1348089872166203,0.0080336858423647,0.2461063215052524,0.275891959000431,0.2604763479610149,0.0008150601098057,0.321280130088377,3.064442141537459e-05,0.0324438376708006,ShallowFBCSPNet,T-RRMSE,EMG,runs/a4_same_bci_metric_utility_all_neural_artifacts_20260814_215900/a4_subject_intercept_metric_tests.csv
shallowfbcsp,emg,S_RRMSE,lower_better,positive oriented slope means better reconstruction is associated with better downstream delta,6 16,42 43 44,1 2 3,162,9,0.2190853454094982,0.0577663277692379,0.0052920740483565,0.2559196898534214,0.2805082173739375,0.3697442902894483,1.2830902432417035e-06,0.4710515656856634,2.5147012652062535e-10,0.0243751489323807,ShallowFBCSPNet,S-RRMSE,EMG,runs/a4_same_bci_metric_utility_all_neural_artifacts_20260814_215900/a4_subject_intercept_metric_tests.csv
shallowfbcsp,emg,SDR,higher_better,positive oriented slope means better reconstruction is associated with better downstream delta,6 16,42 43 44,1 2 3,162,9,0.0399233654036421,0.0116194738245354,0.0088772679313166,0.2494690180023554,0.2994792656751202,0.2826307849414073,0.0002684034280055,0.3172832519435092,3.890449757903228e-05,0.0324438376708006,ShallowFBCSPNet,SDR,EMG,runs/a4_same_bci_metric_utility_all_neural_artifacts_20260814_215900/a4_subject_intercept_metric_tests.csv
eegconformer,emg,CC,higher_better,positive oriented slope means better reconstruction is associated with better downstream delta,6 16,42 43 44,1 2 3,162,9,0.7695431757184542,0.3983632651036856,0.089476964781171,0.2504329446675108,0.3385680783162778,-0.0487746829633186,0.5376568495538626,0.1219828708575763,0.1220209433221805,0.1808125653939684,EEGConformer,CC,EMG,runs/a4_same_bci_metric_utility_all_neural_artifacts_20260814_215900/a4_subject_intercept_metric_tests.csv
eegconformer,emg,RMSE,lower_better,positive oriented slope means better reconstruction is associated with better downstream delta,6 16,42 43 44,1 2 3,162,9,0.0931165294347078,0.023093606071711,0.0037768248280508,0.3059259780025654,0.2784252077856499,-0.05907741568965,0.4552068455708513,-0.1186973270386616,0.1324796644400303,0.0188841241402544,EEGConformer,RMSE,EMG,runs/a4_same_bci_metric_utility_all_neural_artifacts_20260814_215900/a4_subject_intercept_metric_tests.csv
eegconformer,emg,T_RRMSE,lower_better,positive oriented slope means better reconstruction is associated with better downstream delta,6 16,42 43 44,1 2 3,162,9,1.0355639136805583,0.2046656849405905,0.0009773121978826,0.3328177899474168,0.3581966160833058,0.0392520460628508,0.6199512061654385,0.1334469913219424,0.0904686384769427,0.006663492258291,EEGConformer,T-RRMSE,EMG,runs/a4_same_bci_metric_utility_all_neural_artifacts_20260814_215900/a4_subject_intercept_metric_tests.csv
eegconformer,emg,S_RRMSE,lower_better,positive oriented slope means better reconstruction is associated with better downstream delta,6 16,42 43 44,1 2 3,162,9,0.3646771662931002,0.0484834168926172,6.787083109141414e-05,0.2627662367633933,0.2740492825207858,0.1100822657308868,0.1631634314054206,0.1466710229298595,0.0625401514934089,0.0016967707772853,EEGConformer,S-RRMSE,EMG,runs/a4_same_bci_metric_utility_all_neural_artifacts_20260814_215900/a4_subject_intercept_metric_tests.csv
eegconformer,emg,SDR,higher_better,positive oriented slope means better reconstruction is associated with better downstream delta,6 16,42 43 44,1 2 3,162,9,0.0862308582501892,0.0155299373773196,0.0005393541240503,0.332370752337635,0.3555010521102326,0.0772241398899569,0.3286923662149011,0.1332606976002513,0.0909235212551013,0.0044946177004193,EEGConformer,SDR,EMG,runs/a4_same_bci_metric_utility_all_neural_artifacts_20260814_215900/a4_subject_intercept_metric_tests.csv
eegnet,emg,CC,higher_better,positive oriented slope means better reconstruction is associated with better downstream delta,6 16,42 43 44,1 2 3,162,9,0.2602917121749961,0.1358177157585548,0.0916116997996106,0.1016578997309614,0.134782855616713,0.0739289159344388,0.3498113641086325,0.1491456914852593,0.0581953351268842,0.1808125653939684,EEGNet,CC,EMG,runs/a4_same_bci_metric_utility_all_neural_artifacts_20260814_215900/a4_subject_intercept_metric_tests.csv
eegnet,emg,RMSE,lower_better,positive oriented slope means better reconstruction is associated with better downstream delta,6 16,42 43 44,1 2 3,162,9,0.0202775209918833,0.0109003889685595,0.0998912292756402,0.0799515264223853,0.076269724590921,0.0525892768970127,0.5062877168559016,0.154510126593186,0.049626424504058,0.1872960548918255,EEGNet,RMSE,EMG,runs/a4_same_bci_metric_utility_all_neural_artifacts_20260814_215900/a4_subject_intercept_metric_tests.csv
eegnet,emg,T_RRMSE,lower_better,positive oriented slope means better reconstruction is associated with better downstream delta,6 16,42 43 44,1 2 3,162,9,0.2340365339821245,0.1207977727842872,0.0886983551478807,0.0902683711169707,0.0941673537313898,0.0656937409445198,0.4062178618734164,0.125305639434984,0.1121057824459524,0.1808125653939684,EEGNet,T-RRMSE,EMG,runs/a4_same_bci_metric_utility_all_neural_artifacts_20260814_215900/a4_subject_intercept_metric_tests.csv
eegnet,emg,S_RRMSE,lower_better,positive oriented slope means better reconstruction is associated with better downstream delta,6 16,42 43 44,1 2 3,162,9,0.1592280196878706,0.0620347934131001,0.0332952917112481,0.1376901292115556,0.0967452295255092,-0.110255530704725,0.1624980560696359,-0.1029418302478739,0.1923851368889443,0.1040477865976503,EEGNet,S-RRMSE,EMG,runs/a4_same_bci_metric_utility_all_neural_artifacts_20260814_215900/a4_subject_intercept_metric_tests.csv
eegnet,emg,SDR,higher_better,positive oriented slope means better reconstruction is associated with better downstream delta,6 16,42 43 44,1 2 3,162,9,0.0126284240663453,0.009445986143566,0.2180198670030018,0.058415967305094,0.0599060539681983,0.0795095218095962,0.3145368895220852,0.1192101395057193,0.1308034185028648,0.3716247733005713,EEGNet,SDR,EMG,runs/a4_same_bci_metric_utility_all_neural_artifacts_20260814_215900/a4_subject_intercept_metric_tests.csv
deep4net,emg,CC,higher_better,positive oriented slope means better reconstruction is associated with better downstream delta,6 16,42 43 44,1 2 3,162,9,0.0374023997759052,0.2091648246746064,0.8625263638366846,0.017099530499591,0.0407690452307741,-0.2446829413544706,0.0017008737516548,-0.2074895050158164,0.0080645179851451,0.911119398419033,Deep4Net,CC,EMG,runs/a4_same_bci_metric_utility_all_neural_artifacts_20260814_215900/a4_subject_intercept_metric_tests.csv
deep4net,emg,RMSE,lower_better,positive oriented slope means better reconstruction is associated with better downstream delta,6 16,42 43 44,1 2 3,162,9,-0.0128323000596847,0.0231478837253328,0.5944849438393889,-0.0592270813817353,-0.0649290046651616,-0.4136532238987795,4.4690449701518927e-08,-0.495829872679089,1.962197646845952e-11,0.6929047542657458,Deep4Net,RMSE,EMG,runs/a4_same_bci_metric_utility_all_neural_artifacts_20260814_215900/a4_subject_intercept_metric_tests.csv
deep4net,emg,T_RRMSE,lower_better,positive oriented slope means better reconstruction is associated with better downstream delta,6 16,42 43 44,1 2 3,162,9,-0.0967791456945829,0.2541821678782728,0.7133022232280901,-0.0436955950261226,-0.0300364006012083,-0.2171224744206356,0.005514986694472,-0.1932745890909961,0.0137313529858329,0.7867303932662759,Deep4Net,T-RRMSE,EMG,runs/a4_same_bci_metric_utility_all_neural_artifacts_20260814_215900/a4_subject_intercept_metric_tests.csv
deep4net,emg,S_RRMSE,lower_better,positive oriented slope means better reconstruction is associated with better downstream delta,6 16,42 43 44,1 2 3,162,9,0.0810309210387588,0.0519330376053669,0.1573111515044005,0.0820234466646694,0.083574478508534,-0.0416350774811894,0.5988516095519912,-0.002166391575119,0.9781724617093224,0.2809127705435724,Deep4Net,S-RRMSE,EMG,runs/a4_same_bci_metric_utility_all_neural_artifacts_20260814_215900/a4_subject_intercept_metric_tests.csv
deep4net,emg,SDR,higher_better,positive oriented slope means better reconstruction is associated with better downstream delta,6 16,42 43 44,1 2 3,162,9,-0.0146910096089461,0.0209733483506838,0.503498331681969,-0.0795495969784657,-0.0721128232061622,-0.2125238033084369,0.0066250097410545,-0.1969341678234285,0.0120116824921854,0.6557930150449922,Deep4Net,SDR,EMG,runs/a4_same_bci_metric_utility_all_neural_artifacts_20260814_215900/a4_subject_intercept_metric_tests.csv
csp_lda,eog_emg_line,CC,higher_better,positive oriented slope means better reconstruction is associated with better downstream delta,2 4 6 8 16,42 43 44 45 46,1 2 3 4 5,1125,9,0.5038801672241559,0.2625157034223829,0.0911958586644469,0.226420532829894,0.3158572406574374,0.0773103404539065,0.0094847678671065,0.2585859139685402,1.2083872904246418e-18,0.1808125653939684,CSP+LDA,CC,EOG+EMG+LINE,runs/a4_same_bci_metric_utility_all_neural_artifacts_20260814_215900/a4_subject_intercept_metric_tests.csv
csp_lda,eog_emg_line,RMSE,lower_better,positive oriented slope means better reconstruction is associated with better downstream delta,2 4 6 8 16,42 43 44 45 46,1 2 3 4 5,1125,9,0.066636769196859,0.0125017647775518,0.0007023701294435,0.3098462558629307,0.273480902946304,0.0456107987246816,0.1262823610862431,-0.0836145039839146,0.0050111925832699,0.0052677759708267,CSP+LDA,RMSE,EOG+EMG+LINE,runs/a4_same_bci_metric_utility_all_neural_artifacts_20260814_215900/a4_subject_intercept_metric_tests.csv
csp_lda,eog_emg_line,T_RRMSE,lower_better,positive oriented slope means better reconstruction is associated with better downstream delta,2 4 6 8 16,42 43 44 45 46,1 2 3 4 5,1125,9,0.7049598726809023,0.123460290756706,0.0004491674128167,0.3152364837112834,0.3362274019198582,0.1616450843338844,4.9917781703746125e-08,0.2904881295121844,2.5802624717135852e-23,0.0044946177004193,CSP+LDA,T-RRMSE,EOG+EMG+LINE,runs/a4_same_bci_metric_utility_all_neural_artifacts_20260814_215900/a4_subject_intercept_metric_tests.csv
csp_lda,eog_emg_line,S_RRMSE,lower_better,positive oriented slope means better reconstruction is associated with better downstream delta,2 4 6 8 16,42 43 44 45 46,1 2 3 4 5,1125,9,0.3462965080434802,0.0532066905637668,0.0001864244583879,0.3178088504598944,0.3270075839116074,0.2381614838198648,5.676285308988152e-16,0.3113345632707104,1.0415709644683416e-26,0.0027963668758189,CSP+LDA,S-RRMSE,EOG+EMG+LINE,runs/a4_same_bci_metric_utility_all_neural_artifacts_20260814_215900/a4_subject_intercept_metric_tests.csv
csp_lda,eog_emg_line,SDR,higher_better,positive oriented slope means better reconstruction is associated with better downstream delta,2 4 6 8 16,42 43 44 45 46,1 2 3 4 5,1125,9,0.0537379134658875,0.0085612931538407,0.0002386757656863,0.3081697604951633,0.3251421677682672,0.1998842884887296,1.3307561475995698e-11,0.2824114265728778,4.4967670641763e-22,0.0029834470710798,CSP+LDA,SDR,EOG+EMG+LINE,runs/a4_same_bci_metric_utility_all_neural_artifacts_20260814_215900/a4_subject_intercept_metric_tests.csv
shallowfbcsp,eog_emg_line,CC,higher_better,positive oriented slope means better reconstruction is associated with better downstream delta,6 16,42 43 44,1 2 3,162,9,0.4461895725123227,0.1302045388956725,0.0089967358302002,0.2197073664459396,0.2342315257022136,0.092691702580777,0.2407298004699354,0.2349706763022534,0.0026143291467769,0.0324438376708006,ShallowFBCSPNet,CC,EOG+EMG+LINE,runs/a4_same_bci_metric_utility_all_neural_artifacts_20260814_215900/a4_subject_intercept_metric_tests.csv
shallowfbcsp,eog_emg_line,RMSE,lower_better,positive oriented slope means better reconstruction is associated with better downstream delta,6 16,42 43 44,1 2 3,162,9,0.0479094984351455,0.0068522012654311,0.000113560046627,0.2373162041267575,0.2420251099185158,-0.0871611231166992,0.2700750197170806,-0.2456077955724203,0.0016312102585102,0.0021292508742575,ShallowFBCSPNet,RMSE,EOG+EMG+LINE,runs/a4_same_bci_metric_utility_all_neural_artifacts_20260814_215900/a4_subject_intercept_metric_tests.csv
shallowfbcsp,eog_emg_line,T_RRMSE,lower_better,positive oriented slope means better reconstruction is associated with better downstream delta,6 16,42 43 44,1 2 3,162,9,0.4936435637260659,0.0644071521277409,5.936768110620139e-05,0.2376778439513087,0.2659864899430809,0.1433591362173131,0.0687671031071339,0.2624321419727997,0.0007417048939937,0.0016967707772853,ShallowFBCSPNet,T-RRMSE,EOG+EMG+LINE,runs/a4_same_bci_metric_utility_all_neural_artifacts_20260814_215900/a4_subject_intercept_metric_tests.csv
shallowfbcsp,eog_emg_line,S_RRMSE,lower_better,positive oriented slope means better reconstruction is associated with better downstream delta,6 16,42 43 44,1 2 3,162,9,0.2178736556501049,0.0529396504668263,0.0033649660860209,0.2377130580746316,0.2451696080372034,0.2874399914755715,0.0002082741076019,0.4094084240365452,6.31746195958893e-08,0.0180266040322548,ShallowFBCSPNet,S-RRMSE,EOG+EMG+LINE,runs/a4_same_bci_metric_utility_all_neural_artifacts_20260814_215900/a4_subject_intercept_metric_tests.csv
shallowfbcsp,eog_emg_line,SDR,higher_better,positive oriented slope means better reconstruction is associated with better downstream delta,6 16,42 43 44,1 2 3,162,9,0.0416281166391084,0.0053892254685153,5.615727948882794e-05,0.2435172511921716,0.2640902183864571,0.1673412564916445,0.0333001666396048,0.2563338280061829,0.000992932881756,0.0016967707772853,ShallowFBCSPNet,SDR,EOG+EMG+LINE,runs/a4_same_bci_metric_utility_all_neural_artifacts_20260814_215900/a4_subject_intercept_metric_tests.csv
eegconformer,eog_emg_line,CC,higher_better,positive oriented slope means better reconstruction is associated with better downstream delta,6 16,42 43 44,1 2 3,162,9,0.3870379728134432,0.2511068789129945,0.1618064476789104,0.1426351341708932,0.2265951834140038,0.0194775121958827,0.8056730213764836,0.1322527379475179,0.0934163911708398,0.2822205482771694,EEGConformer,CC,EOG+EMG+LINE,runs/a4_same_bci_metric_utility_all_neural_artifacts_20260814_215900/a4_subject_intercept_metric_tests.csv
eegconformer,eog_emg_line,RMSE,lower_better,positive oriented slope means better reconstruction is associated with better downstream delta,6 16,42 43 44,1 2 3,162,9,0.0556639686604298,0.0264385419061076,0.0683597764843134,0.2063610232429946,0.161929570241898,-0.1329580219665321,0.0916664626289978,-0.2049254826692794,0.0088992594216193,0.1602182261351096,EEGConformer,RMSE,EOG+EMG+LINE,runs/a4_same_bci_metric_utility_all_neural_artifacts_20260814_215900/a4_subject_intercept_metric_tests.csv
eegconformer,eog_emg_line,T_RRMSE,lower_better,positive oriented slope means better reconstruction is associated with better downstream delta,6 16,42 43 44,1 2 3,162,9,0.5369809042630196,0.2348330976823302,0.0515336922721274,0.1935003696534919,0.2461388262962661,0.1182172424100489,0.1340638220971919,0.1400333069889618,0.0755190303302828,0.1332767903589503,EEGConformer,T-RRMSE,EOG+EMG+LINE,runs/a4_same_bci_metric_utility_all_neural_artifacts_20260814_215900/a4_subject_intercept_metric_tests.csv
eegconformer,eog_emg_line,S_RRMSE,lower_better,positive oriented slope means better reconstruction is associated with better downstream delta,6 16,42 43 44,1 2 3,162,9,0.2537304272731528,0.1003966271839248,0.0354050592009544,0.2071899121848268,0.1500815897748472,0.2217863960658188,0.0045620454759492,0.1748137066728623,0.0260847913506149,0.1062151776028632,EEGConformer,S-RRMSE,EOG+EMG+LINE,runs/a4_same_bci_metric_utility_all_neural_artifacts_20260814_215900/a4_subject_intercept_metric_tests.csv
eegconformer,eog_emg_line,SDR,higher_better,positive oriented slope means better reconstruction is associated with better downstream delta,6 16,42 43 44,1 2 3,162,9,0.046042027345828,0.0194514274745828,0.0454569720907893,0.2015789345353176,0.2590050594445309,0.1603738473912408,0.0414865418335828,0.1434769109180609,0.0685373206519814,0.1244042657966447,EEGConformer,SDR,EOG+EMG+LINE,runs/a4_same_bci_metric_utility_all_neural_artifacts_20260814_215900/a4_subject_intercept_metric_tests.csv
eegnet,eog_emg_line,CC,higher_better,positive oriented slope means better reconstruction is associated with better downstream delta,6 16,42 43 44,1 2 3,162,9,0.1342849746699085,0.2142523400413276,0.548280194314428,0.0607811482480463,0.0771435970108969,0.264233908989377,0.000679552052311,0.3505011615376096,4.819192761664728e-06,0.685350242893035,EEGNet,CC,EOG+EMG+LINE,runs/a4_same_bci_metric_utility_all_neural_artifacts_20260814_215900/a4_subject_intercept_metric_tests.csv
eegnet,eog_emg_line,RMSE,lower_better,positive oriented slope means better reconstruction is associated with better downstream delta,6 16,42 43 44,1 2 3,162,9,0.0216598367685474,0.0248850547948145,0.4094406864830234,0.0986227765670454,0.1459271192907817,0.1376742847054026,0.0806256251513953,0.283916257631482,0.0002509214318232,0.6021186565926815,EEGNet,RMSE,EOG+EMG+LINE,runs/a4_same_bci_metric_utility_all_neural_artifacts_20260814_215900/a4_subject_intercept_metric_tests.csv
eegnet,eog_emg_line,T_RRMSE,lower_better,positive oriented slope means better reconstruction is associated with better downstream delta,6 16,42 43 44,1 2 3,162,9,0.1732486860444151,0.2548989251544299,0.5158905051687273,0.0766763527497669,0.0738460833518357,0.2514130402913837,0.0012501543007896,0.3243690671582065,2.542377762243873e-05,0.6557930150449922,EEGNet,T-RRMSE,EOG+EMG+LINE,runs/a4_same_bci_metric_utility_all_neural_artifacts_20260814_215900/a4_subject_intercept_metric_tests.csv
eegnet,eog_emg_line,S_RRMSE,lower_better,positive oriented slope means better reconstruction is associated with better downstream delta,6 16,42 43 44,1 2 3,162,9,0.1453843289644118,0.0617799523388021,0.0464442592307473,0.1458082816622303,0.133464880184213,0.0765713831895963,0.3328094595299113,0.0908385246616926,0.2503040733386233,0.1244042657966447,EEGNet,S-RRMSE,EOG+EMG+LINE,runs/a4_same_bci_metric_utility_all_neural_artifacts_20260814_215900/a4_subject_intercept_metric_tests.csv
eegnet,eog_emg_line,SDR,higher_better,positive oriented slope means better reconstruction is associated with better downstream delta,6 16,42 43 44,1 2 3,162,9,0.0123187307220105,0.0225600969732647,0.5999298619827791,0.0662407451085883,0.0825994267268642,0.2615206918401451,0.0007750996269255,0.3250563824510759,2.438214303644398e-05,0.6929047542657458,EEGNet,SDR,EOG+EMG+LINE,runs/a4_same_bci_metric_utility_all_neural_artifacts_20260814_215900/a4_subject_intercept_metric_tests.csv
deep4net,eog_emg_line,CC,higher_better,positive oriented slope means better reconstruction is associated with better downstream delta,6 16,42 43 44,1 2 3,162,9,0.331934586458243,0.1641879561775207,0.077856184938109,0.1723395467723668,0.1608630298034164,-0.3399698497106743,9.592313033040308e-06,-0.2732998849869704,0.0004334414946767,0.1769458748593388,Deep4Net,CC,EOG+EMG+LINE,runs/a4_same_bci_metric_utility_all_neural_artifacts_20260814_215900/a4_subject_intercept_metric_tests.csv
deep4net,eog_emg_line,RMSE,lower_better,positive oriented slope means better reconstruction is associated with better downstream delta,6 16,42 43 44,1 2 3,162,9,0.0425847220267371,0.0200657267877691,0.0665903612317026,0.2224164084469289,0.1359569843315587,-0.4533694606501909,1.3757196015553555e-09,-0.4645482707930948,4.751580631963541e-10,0.1602182261351096,Deep4Net,RMSE,EOG+EMG+LINE,runs/a4_same_bci_metric_utility_all_neural_artifacts_20260814_215900/a4_subject_intercept_metric_tests.csv
deep4net,eog_emg_line,T_RRMSE,lower_better,positive oriented slope means better reconstruction is associated with better downstream delta,6 16,42 43 44,1 2 3,162,9,0.4390611223591764,0.1772717764457211,0.0383041346344704,0.2228986516634915,0.2204424349920612,-0.2739439962682881,0.0004195626279644,-0.243292334407605,0.001810731325499,0.1104926960609723,Deep4Net,T-RRMSE,EOG+EMG+LINE,runs/a4_same_bci_metric_utility_all_neural_artifacts_20260814_215900/a4_subject_intercept_metric_tests.csv
deep4net,eog_emg_line,S_RRMSE,lower_better,positive oriented slope means better reconstruction is associated with better downstream delta,6 16,42 43 44,1 2 3,162,9,0.1828838863785426,0.0534705418132292,0.0090842745478241,0.2103928606908693,0.1350276198203738,-0.0988340840787999,0.2108332700226539,-0.0952389017118211,0.2279914417364533,0.0324438376708006,Deep4Net,S-RRMSE,EOG+EMG+LINE,runs/a4_same_bci_metric_utility_all_neural_artifacts_20260814_215900/a4_subject_intercept_metric_tests.csv
deep4net,eog_emg_line,SDR,higher_better,positive oriented slope means better reconstruction is associated with better downstream delta,6 16,42 43 44,1 2 3,162,9,0.0364429991832214,0.0165151456078124,0.0583860761084045,0.2247834431371794,0.2302044748229582,-0.2598543301076432,0.0008397517931521,-0.2428618808789291,0.0018460236038172,0.1459651902710114,Deep4Net,SDR,EOG+EMG+LINE,runs/a4_same_bci_metric_utility_all_neural_artifacts_20260814_215900/a4_subject_intercept_metric_tests.csv
