run_id,analysis_family,analysis_role,classifier,recipe,base,n_subjects,n_subjects_for_inference,mean_delta_accuracy,bootstrap_ci95_low,bootstrap_ci95_high,primary_t_p_two_sided,bh_q_primary_t_two_sided_within_family,holm_p_primary_t_two_sided_within_family,bh_q_primary_t_two_sided_all_effects,primary_independent_unit,subjects,n_technical_repeats_used_as_sample_size,n_contamination_seed_pairs_min,n_contamination_seed_pairs_max,n_checkpoint_seeds_min,n_checkpoint_seeds_max,n_classifier_seeds_min,n_classifier_seeds_max,baseline_accuracy_subject_mean,processed_accuracy_subject_mean,median_delta_accuracy,sd_delta_accuracy_across_subjects,n_bootstrap_subject_resamples,subjects_below_noisy_noisy,subjects_above_noisy_noisy,wilcoxon_p_two_sided,wilcoxon_p_denoised_lt_noisy,wilcoxon_p_denoised_gt_noisy,statistical_note,primary_t_statistic,primary_t_df,primary_t_p_denoised_lt_noisy,primary_t_p_denoised_gt_noisy,cohen_dz_subject_paired,bh_q_wilcoxon_two_sided_within_family,recipe_label,row_order,row_label,mean_delta_accuracy_pp,bootstrap_ci95_low_pp,bootstrap_ci95_high_pp,source_file
hierarchical_downstream_stats_20260815_000000,exploratory_width_effects,exploratory_csp_width,csp_lda,eog,2,9,9,-0.1061750362556876,-0.1478842420316135,-0.0612050636189819,0.0020995428683115,0.0069565308554888,0.0209954286831158,0.0142403663811622,subject,A01 A02 A03 A04 A05 A06 A07 A08 A09,0,5,5,5,5,0,0,0.6085079336221217,0.502332897366434,-0.0950180505415162,0.0713522426169912,10000,8,1,0.0078125,0.00390625,0.998046875,Primary p-value uses n=9 subject-level deltas after nuisance aggregation; Wilcoxon is robustness only.,-4.464121898408442,8,0.0010497714341557,0.998950228565844,-1.488040632802814,0.0140625,EOG,0,CSP+LDA base2,-10.61750362556876,-14.788424203161348,-6.120506361898189,runs/hierarchical_downstream_stats_20260815_000000/hierarchical_all_effects.csv
hierarchical_downstream_stats_20260815_000000,exploratory_width_effects,exploratory_csp_width,csp_lda,emg,2,9,9,-0.1245035719307871,-0.1659750970162114,-0.0820477824596905,0.0006332044613196,0.0069565308554888,0.0075984535358352,0.0142403663811622,subject,A01 A02 A03 A04 A05 A06 A07 A08 A09,0,5,5,5,5,0,0,0.6144867895074073,0.4899832175766201,-0.1160930232558139,0.068954068126545,10000,9,0,0.00390625,0.001953125,1.0,Primary p-value uses n=9 subject-level deltas after nuisance aggregation; Wilcoxon is robustness only.,-5.416804634454513,8,0.0003166022306598,0.9996833977693402,-1.8056015448181708,0.0140625,EMG,0,CSP+LDA base2,-12.450357193078709,-16.597509701621142,-8.204778245969049,runs/hierarchical_downstream_stats_20260815_000000/hierarchical_all_effects.csv
hierarchical_downstream_stats_20260815_000000,exploratory_width_effects,exploratory_csp_width,csp_lda,eog_emg_line,2,9,9,-0.1123645618646557,-0.1609072730729338,-0.0609750760423484,0.0036415611424961,0.0072831222849923,0.0279515376037858,0.0142403663811622,subject,A01 A02 A03 A04 A05 A06 A07 A08 A09,0,5,5,5,5,0,0,0.6070747692994131,0.4947102074347574,-0.1204395604395604,0.0830609310363081,10000,8,1,0.01171875,0.005859375,0.99609375,Primary p-value uses n=9 subject-level deltas after nuisance aggregation; Wilcoxon is robustness only.,-4.0583904055519735,8,0.001820780571248,0.998179219428752,-1.352796801850658,0.0140625,EOG+EMG+LINE,0,CSP+LDA base2,-11.236456186465569,-16.090727307293378,-6.09750760423484,runs/hierarchical_downstream_stats_20260815_000000/hierarchical_all_effects.csv
hierarchical_downstream_stats_20260815_000000,exploratory_width_effects,exploratory_csp_width,csp_lda,eog,4,9,9,-0.0773243182844084,-0.1169790772276115,-0.035860000904718,0.0079460935474341,0.0094960614014155,0.036270030891585,0.016554421526237,subject,A01 A02 A03 A04 A05 A06 A07 A08 A09,0,5,5,5,5,0,0,0.6085079336221217,0.5311836153377132,-0.0887719298245613,0.0660641230786676,10000,8,1,0.01171875,0.005859375,0.99609375,Primary p-value uses n=9 subject-level deltas after nuisance aggregation; Wilcoxon is robustness only.,-3.5113302658539416,8,0.003973046773717,0.9960269532262828,-1.1704434219513138,0.0140625,EOG,1,CSP+LDA base4,-7.73243182844084,-11.69790772276115,-3.5860000904717997,runs/hierarchical_downstream_stats_20260815_000000/hierarchical_all_effects.csv
hierarchical_downstream_stats_20260815_000000,exploratory_width_effects,exploratory_csp_width,csp_lda,emg,4,9,9,-0.1110144268191444,-0.1581502600387486,-0.0656317746294104,0.0023188436184962,0.0069565308554888,0.0209954286831158,0.0142403663811622,subject,A01 A02 A03 A04 A05 A06 A07 A08 A09,0,5,5,5,5,0,0,0.6144867895074073,0.5034723626882629,-0.1017674418604651,0.0758712963730961,10000,8,1,0.0078125,0.00390625,0.998046875,Primary p-value uses n=9 subject-level deltas after nuisance aggregation; Wilcoxon is robustness only.,-4.389582047203954,8,0.0011594218092481,0.9988405781907518,-1.4631940157346517,0.0140625,EMG,1,CSP+LDA base4,-11.10144268191444,-15.815026003874861,-6.563177462941041,runs/hierarchical_downstream_stats_20260815_000000/hierarchical_all_effects.csv
hierarchical_downstream_stats_20260815_000000,exploratory_width_effects,exploratory_csp_width,csp_lda,eog_emg_line,4,9,9,-0.1003939126889979,-0.1544661741381415,-0.0465181349469752,0.0087047229512976,0.0094960614014155,0.036270030891585,0.016554421526237,subject,A01 A02 A03 A04 A05 A06 A07 A08 A09,0,5,5,5,5,0,0,0.6070747692994131,0.5066808566104152,-0.0710697674418604,0.0873186645753822,10000,7,2,0.01953125,0.009765625,0.994140625,Primary p-value uses n=9 subject-level deltas after nuisance aggregation; Wilcoxon is robustness only.,-3.4492251975175763,8,0.0043523614756488,0.9956476385243512,-1.1497417325058588,0.01953125,EOG+EMG+LINE,1,CSP+LDA base4,-10.03939126889979,-15.44661741381415,-4.65181349469752,runs/hierarchical_downstream_stats_20260815_000000/hierarchical_all_effects.csv
hierarchical_downstream_stats_20260815_000000,exploratory_width_effects,exploratory_csp_width,csp_lda,eog,6,9,9,-0.0672198523493026,-0.1043485916869086,-0.0298194414198814,0.0102385683027924,0.0102385683027924,0.036270030891585,0.018150189264041,subject,A01 A02 A03 A04 A05 A06 A07 A08 A09,0,5,5,5,5,0,0,0.6085079336221217,0.5412880812728191,-0.0717543859649122,0.0603859210037043,10000,8,1,0.01171875,0.005859375,0.99609375,Primary p-value uses n=9 subject-level deltas after nuisance aggregation; Wilcoxon is robustness only.,-3.3395128151732107,8,0.0051192841513962,0.9948807158486038,-1.1131709383910702,0.0140625,EOG,2,CSP+LDA base6,-6.721985234930259,-10.43485916869086,-2.98194414198814,runs/hierarchical_downstream_stats_20260815_000000/hierarchical_all_effects.csv
hierarchical_downstream_stats_20260815_000000,exploratory_width_effects,exploratory_csp_width,csp_lda,emg,6,9,9,-0.1062617882551401,-0.1555483128258249,-0.0593751928758824,0.0034939422004732,0.0072831222849923,0.0279515376037858,0.0142403663811622,subject,A01 A02 A03 A04 A05 A06 A07 A08 A09,0,5,5,5,5,0,0,0.6144867895074073,0.5082250012522671,-0.0967441860465116,0.0779756207043081,10000,8,1,0.0078125,0.00390625,0.998046875,Primary p-value uses n=9 subject-level deltas after nuisance aggregation; Wilcoxon is robustness only.,-4.088269665390525,8,0.0017469711002366,0.9982530288997634,-1.3627565551301752,0.0140625,EMG,2,CSP+LDA base6,-10.62617882551401,-15.55483128258249,-5.93751928758824,runs/hierarchical_downstream_stats_20260815_000000/hierarchical_all_effects.csv
hierarchical_downstream_stats_20260815_000000,exploratory_width_effects,exploratory_csp_width,csp_lda,eog_emg_line,6,9,9,-0.103928375336489,-0.1569031483963984,-0.051454804559448,0.0067762050029564,0.0094960614014155,0.036270030891585,0.016479139184463,subject,A01 A02 A03 A04 A05 A06 A07 A08 A09,0,5,5,5,5,0,0,0.6070747692994131,0.503146393962924,-0.08,0.086113018238002,10000,8,1,0.01171875,0.005859375,0.99609375,Primary p-value uses n=9 subject-level deltas after nuisance aggregation; Wilcoxon is robustness only.,-3.620650308037572,8,0.0033881025014782,0.9966118974985216,-1.206883436012524,0.0140625,EOG+EMG+LINE,2,CSP+LDA base6,-10.392837533648901,-15.690314839639841,-5.1454804559448,runs/hierarchical_downstream_stats_20260815_000000/hierarchical_all_effects.csv
hierarchical_downstream_stats_20260815_000000,exploratory_width_effects,exploratory_csp_width,csp_lda,eog,8,9,9,-0.0649136004984992,-0.096822032701757,-0.0330844017586752,0.0060450051485975,0.0094960614014155,0.036270030891585,0.016479139184463,subject,A01 A02 A03 A04 A05 A06 A07 A08 A09,0,5,5,5,5,0,0,0.6085079336221217,0.5435943331236225,-0.0603663003663003,0.0526365722355884,10000,8,1,0.01171875,0.005859375,0.99609375,Primary p-value uses n=9 subject-level deltas after nuisance aggregation; Wilcoxon is robustness only.,-3.69972422641591,8,0.0030225025742987,0.9969774974257012,-1.2332414088053032,0.0140625,EOG,3,CSP+LDA base8,-6.49136004984992,-9.6822032701757,-3.3084401758675197,runs/hierarchical_downstream_stats_20260815_000000/hierarchical_all_effects.csv
hierarchical_downstream_stats_20260815_000000,exploratory_width_effects,exploratory_csp_width,csp_lda,emg,8,9,9,-0.1101957190838258,-0.1528327572422803,-0.0688698766695435,0.0014327065109553,0.0069565308554888,0.0157597716205083,0.0142403663811622,subject,A01 A02 A03 A04 A05 A06 A07 A08 A09,0,5,5,5,5,0,0,0.6144867895074073,0.5042910704235815,-0.0930232558139534,0.0694980377875983,10000,9,0,0.00390625,0.001953125,1.0,Primary p-value uses n=9 subject-level deltas after nuisance aggregation; Wilcoxon is robustness only.,-4.756784044203182,8,0.0007163532554776,0.9992836467445224,-1.5855946814010606,0.0140625,EMG,3,CSP+LDA base8,-11.01957190838258,-15.28327572422803,-6.88698766695435,runs/hierarchical_downstream_stats_20260815_000000/hierarchical_all_effects.csv
hierarchical_downstream_stats_20260815_000000,exploratory_width_effects,exploratory_csp_width,csp_lda,eog_emg_line,8,9,9,-0.1025653696103436,-0.1562283302988003,-0.0488135479740124,0.0082357402267321,0.0094960614014155,0.036270030891585,0.016554421526237,subject,A01 A02 A03 A04 A05 A06 A07 A08 A09,0,5,5,5,5,0,0,0.6070747692994131,0.5045093996890695,-0.0856088560885608,0.0882433449019399,10000,7,2,0.01953125,0.009765625,0.994140625,Primary p-value uses n=9 subject-level deltas after nuisance aggregation; Wilcoxon is robustness only.,-3.4869044138451115,8,0.004117870113366,0.995882129886634,-1.1623014712817037,0.01953125,EOG+EMG+LINE,3,CSP+LDA base8,-10.25653696103436,-15.622833029880029,-4.88135479740124,runs/hierarchical_downstream_stats_20260815_000000/hierarchical_all_effects.csv
hierarchical_downstream_stats_20260815_000000,confirmatory_downstream_effects,confirmatory_csp_fixed_width,csp_lda,eog,16,9,9,-0.0574747239251465,-0.0874223996342399,-0.0294340840529812,0.0069052161004137,0.0215496435489131,0.1406685286353592,0.016479139184463,subject,A01 A02 A03 A04 A05 A06 A07 A08 A09,0,5,5,5,5,0,0,0.6085079336221217,0.5510332096969751,-0.0502564102564102,0.0477940855382742,10000,8,1,0.0078125,0.00390625,0.998046875,Primary p-value uses n=9 subject-level deltas after nuisance aggregation; Wilcoxon is robustness only.,-3.6076466331249226,8,0.0034526080502068,0.9965473919497932,-1.2025488777083075,0.0263671875,EOG,4,CSP+LDA base16,-5.74747239251465,-8.74223996342399,-2.9434084052981198,runs/hierarchical_downstream_stats_20260815_000000/hierarchical_all_effects.csv
hierarchical_downstream_stats_20260815_000000,confirmatory_downstream_effects,confirmatory_csp_fixed_width,csp_lda,emg,16,9,9,-0.1017273362981424,-0.1516322549465887,-0.0564949251454449,0.0040867824559188,0.0215496435489131,0.0939959964861335,0.0144895014346213,subject,A01 A02 A03 A04 A05 A06 A07 A08 A09,0,5,5,5,5,0,0,0.6144867895074073,0.5127594532092649,-0.0805581395348837,0.0767637895682158,10000,9,0,0.00390625,0.001953125,1.0,Primary p-value uses n=9 subject-level deltas after nuisance aggregation; Wilcoxon is robustness only.,-3.975598529085493,8,0.0020433912279594,0.9979566087720404,-1.325199509695164,0.02109375,EMG,4,CSP+LDA base16,-10.17273362981424,-15.16322549465887,-5.64949251454449,runs/hierarchical_downstream_stats_20260815_000000/hierarchical_all_effects.csv
hierarchical_downstream_stats_20260815_000000,confirmatory_downstream_effects,confirmatory_csp_fixed_width,csp_lda,eog_emg_line,16,9,9,-0.099092791167175,-0.1522712945250586,-0.04559583139898,0.0089139192833583,0.0240675820650676,0.160450547100451,0.016554421526237,subject,A01 A02 A03 A04 A05 A06 A07 A08 A09,0,5,5,5,5,0,0,0.6070747692994131,0.5079819781322381,-0.0853136531365313,0.0865916564012499,10000,7,2,0.01953125,0.009765625,0.994140625,Primary p-value uses n=9 subject-level deltas after nuisance aggregation; Wilcoxon is robustness only.,-3.433106443004061,8,0.0044569596416791,0.9955430403583208,-1.1443688143346873,0.0439453125,EOG+EMG+LINE,4,CSP+LDA base16,-9.9092791167175,-15.22712945250586,-4.559583139898,runs/hierarchical_downstream_stats_20260815_000000/hierarchical_all_effects.csv
hierarchical_downstream_stats_20260815_000000,confirmatory_downstream_effects,confirmatory_neural_decoder_repeated_seed,shallowfbcsp,eog,6,9,9,-0.0306324366663414,-0.0519237648877554,-0.0104289244989386,0.0290942707230292,0.0604265622709069,0.4364140608454392,0.0453870623279256,subject,A01 A02 A03 A04 A05 A06 A07 A08 A09,0,3,3,3,3,3,3,0.5020583226736267,0.4714258860072852,-0.0257018584420719,0.0346315916845263,10000,7,2,0.0390625,0.01953125,0.986328125,Primary p-value uses n=9 subject-level deltas after nuisance aggregation; Wilcoxon is robustness only.,-2.6535687656563822,8,0.0145471353615146,0.9854528646384854,-0.8845229218854608,0.0811298076923077,EOG,5,ShallowFBCSPNet base6,-3.0632436666341403,-5.19237648877554,-1.0428924498938599,runs/hierarchical_downstream_stats_20260815_000000/hierarchical_all_effects.csv
hierarchical_downstream_stats_20260815_000000,confirmatory_downstream_effects,confirmatory_neural_decoder_repeated_seed,shallowfbcsp,emg,6,9,9,-0.0590873338882291,-0.0885705561865633,-0.0315323098681037,0.0051094492609832,0.0215496435489131,0.1124078837416324,0.016479139184463,subject,A01 A02 A03 A04 A05 A06 A07 A08 A09,0,3,3,3,3,3,3,0.5181231051322097,0.4590357712439805,-0.0515533848867182,0.0464367366162139,10000,9,0,0.00390625,0.001953125,1.0,Primary p-value uses n=9 subject-level deltas after nuisance aggregation; Wilcoxon is robustness only.,-3.817279477016353,8,0.0025547246304916,0.9974452753695084,-1.2724264923387842,0.02109375,EMG,5,ShallowFBCSPNet base6,-5.90873338882291,-8.85705561865633,-3.15323098681037,runs/hierarchical_downstream_stats_20260815_000000/hierarchical_all_effects.csv
hierarchical_downstream_stats_20260815_000000,confirmatory_downstream_effects,confirmatory_neural_decoder_repeated_seed,shallowfbcsp,eog_emg_line,6,9,9,-0.055175857078747,-0.0867082866294253,-0.0250415820370388,0.0113367012786098,0.0278264485929514,0.1927239217363672,0.0192231021680775,subject,A01 A02 A03 A04 A05 A06 A07 A08 A09,0,3,3,3,3,3,3,0.5172915366648477,0.4621156795861006,-0.0383937050603717,0.0506022463333025,10000,8,1,0.0078125,0.00390625,0.998046875,Primary p-value uses n=9 subject-level deltas after nuisance aggregation; Wilcoxon is robustness only.,-3.271150654972077,8,0.0056683506393049,0.9943316493606952,-1.090383551657359,0.0263671875,EOG+EMG+LINE,5,ShallowFBCSPNet base6,-5.5175857078747,-8.67082866294253,-2.50415820370388,runs/hierarchical_downstream_stats_20260815_000000/hierarchical_all_effects.csv
hierarchical_downstream_stats_20260815_000000,confirmatory_downstream_effects,confirmatory_neural_decoder_repeated_seed,shallowfbcsp,eog,16,9,9,-0.0266312944007627,-0.0431205292762744,-0.0116375851539943,0.0139937040831801,0.0314858341871554,0.223899265330883,0.0227397691351678,subject,A01 A02 A03 A04 A05 A06 A07 A08 A09,0,3,3,3,3,3,3,0.5020583226736267,0.4754270282728639,-0.0198105081826012,0.0255168865435845,10000,8,1,0.01171875,0.005859375,0.99609375,Primary p-value uses n=9 subject-level deltas after nuisance aggregation; Wilcoxon is robustness only.,-3.1310200429752286,8,0.00699685204159,0.99300314795841,-1.0436733476584097,0.0287642045454545,EOG,6,ShallowFBCSPNet base16,-2.66312944007627,-4.312052927627439,-1.16375851539943,runs/hierarchical_downstream_stats_20260815_000000/hierarchical_all_effects.csv
hierarchical_downstream_stats_20260815_000000,confirmatory_downstream_effects,confirmatory_neural_decoder_repeated_seed,shallowfbcsp,emg,16,9,9,-0.0590750271992781,-0.0871911288940248,-0.0338797198875759,0.0035825058659102,0.0215496435489131,0.0895626466477555,0.0142403663811622,subject,A01 A02 A03 A04 A05 A06 A07 A08 A09,0,3,3,3,3,3,3,0.5181231051322097,0.4590480779329315,-0.0662053995387328,0.0435422730301265,10000,9,0,0.00390625,0.001953125,1.0,Primary p-value uses n=9 subject-level deltas after nuisance aggregation; Wilcoxon is robustness only.,-4.070184426872108,8,0.0017912529329551,0.9982087470670448,-1.3567281422907025,0.02109375,EMG,6,ShallowFBCSPNet base16,-5.907502719927811,-8.719112889402481,-3.38797198875759,runs/hierarchical_downstream_stats_20260815_000000/hierarchical_all_effects.csv
hierarchical_downstream_stats_20260815_000000,confirmatory_downstream_effects,confirmatory_neural_decoder_repeated_seed,shallowfbcsp,eog_emg_line,16,9,9,-0.0571478462059517,-0.0866514659593066,-0.0283448482721661,0.0066985013635885,0.0215496435489131,0.1406685286353592,0.016479139184463,subject,A01 A02 A03 A04 A05 A06 A07 A08 A09,0,3,3,3,3,3,3,0.5172915366648477,0.4601436904588959,-0.0619997286663953,0.0472477130879793,10000,9,0,0.00390625,0.001953125,1.0,Primary p-value uses n=9 subject-level deltas after nuisance aggregation; Wilcoxon is robustness only.,-3.6286103054048873,8,0.0033492506817942,0.9966507493182056,-1.2095367684682958,0.02109375,EOG+EMG+LINE,6,ShallowFBCSPNet base16,-5.71478462059517,-8.66514659593066,-2.83448482721661,runs/hierarchical_downstream_stats_20260815_000000/hierarchical_all_effects.csv
hierarchical_downstream_stats_20260815_000000,confirmatory_downstream_effects,confirmatory_neural_decoder_repeated_seed,eegconformer,eog,6,9,9,-0.0202518465741608,-0.0400278218309947,0.0002769189663943,0.1012293188132309,0.1952279719969454,1.0,0.1518439782198464,subject,A01 A02 A03 A04 A05 A06 A07 A08 A09,0,3,3,3,3,3,3,0.4889807336785369,0.4687288871043761,-0.0269726247987117,0.0328126315715978,10000,6,3,0.12890625,0.064453125,0.951171875,Primary p-value uses n=9 subject-level deltas after nuisance aggregation; Wilcoxon is robustness only.,-1.8515899765586536,8,0.0506146594066154,0.9493853405933844,-0.6171966588528847,0.23203125,EOG,7,EEGConformer base6,-2.02518465741608,-4.0027821830994705,0.02769189663943,runs/hierarchical_downstream_stats_20260815_000000/hierarchical_all_effects.csv
hierarchical_downstream_stats_20260815_000000,confirmatory_downstream_effects,confirmatory_neural_decoder_repeated_seed,eegconformer,emg,6,9,9,-0.0589261049267112,-0.0812536913697558,-0.0362450433350406,0.0013760133697437,0.0215496435489131,0.0371523609830811,0.0142403663811622,subject,A01 A02 A03 A04 A05 A06 A07 A08 A09,0,3,3,3,3,3,3,0.5334680300538168,0.4745419251271055,-0.062730627306273,0.0369189865529633,10000,8,1,0.0078125,0.00390625,0.998046875,Primary p-value uses n=9 subject-level deltas after nuisance aggregation; Wilcoxon is robustness only.,-4.788276474667875,8,0.0006880066848718,0.999311993315128,-1.596092158222625,0.0263671875,EMG,7,EEGConformer base6,-5.89261049267112,-8.12536913697558,-3.62450433350406,runs/hierarchical_downstream_stats_20260815_000000/hierarchical_all_effects.csv
hierarchical_downstream_stats_20260815_000000,confirmatory_downstream_effects,confirmatory_neural_decoder_repeated_seed,eegconformer,eog_emg_line,6,9,9,-0.0462694664817755,-0.068616872892467,-0.0214539523569485,0.0071832145163043,0.0215496435489131,0.1406685286353592,0.016479139184463,subject,A01 A02 A03 A04 A05 A06 A07 A08 A09,0,3,3,3,3,3,3,0.5225694813473036,0.4763000148655281,-0.048030362517995,0.038768057978379,10000,8,1,0.01171875,0.005859375,0.99609375,Primary p-value uses n=9 subject-level deltas after nuisance aggregation; Wilcoxon is robustness only.,-3.580483694146866,8,0.0035916072581521,0.9964083927418478,-1.193494564715622,0.0287642045454545,EOG+EMG+LINE,7,EEGConformer base6,-4.62694664817755,-6.8616872892467,-2.14539523569485,runs/hierarchical_downstream_stats_20260815_000000/hierarchical_all_effects.csv
hierarchical_downstream_stats_20260815_000000,confirmatory_downstream_effects,confirmatory_neural_decoder_repeated_seed,eegconformer,eog,16,9,9,-0.0144558340410065,-0.0312986875462806,0.0055008754107375,0.1853603279207711,0.3021276248975682,1.0,0.2581804567467883,subject,A01 A02 A03 A04 A05 A06 A07 A08 A09,0,3,3,3,3,3,3,0.4889807336785369,0.4745248996375304,-0.0264782326185834,0.0299281309147943,10000,7,2,0.203125,0.1015625,0.91796875,Primary p-value uses n=9 subject-level deltas after nuisance aggregation; Wilcoxon is robustness only.,-1.4490548122262394,8,0.0926801639603855,0.9073198360396144,-0.4830182707420798,0.3427734375,EOG,8,EEGConformer base16,-1.44558340410065,-3.12986875462806,0.55008754107375,runs/hierarchical_downstream_stats_20260815_000000/hierarchical_all_effects.csv
hierarchical_downstream_stats_20260815_000000,confirmatory_downstream_effects,confirmatory_neural_decoder_repeated_seed,eegconformer,emg,16,9,9,-0.0569884220114053,-0.0794611319811481,-0.0344383122120397,0.0016263040008507,0.0215496435489131,0.042283904022119,0.0142403663811622,subject,A01 A02 A03 A04 A05 A06 A07 A08 A09,0,3,3,3,3,3,3,0.5334680300538168,0.4764796080424114,-0.0551248923341946,0.0366984788675133,10000,9,0,0.00390625,0.001953125,1.0,Primary p-value uses n=9 subject-level deltas after nuisance aggregation; Wilcoxon is robustness only.,-4.658647205826292,8,0.0008131520004253,0.9991868479995748,-1.5528824019420973,0.02109375,EMG,8,EEGConformer base16,-5.69884220114053,-7.946113198114809,-3.4438312212039697,runs/hierarchical_downstream_stats_20260815_000000/hierarchical_all_effects.csv
hierarchical_downstream_stats_20260815_000000,confirmatory_downstream_effects,confirmatory_neural_decoder_repeated_seed,eegconformer,eog_emg_line,16,9,9,-0.0451428419310322,-0.0638067141165028,-0.0230242244079093,0.0036513759951698,0.0215496435489131,0.0895626466477555,0.0142403663811622,subject,A01 A02 A03 A04 A05 A06 A07 A08 A09,0,3,3,3,3,3,3,0.5225694813473036,0.4774266394162714,-0.0482342807924203,0.0333859700674965,10000,8,1,0.01171875,0.005859375,0.99609375,Primary p-value uses n=9 subject-level deltas after nuisance aggregation; Wilcoxon is robustness only.,-4.05645022502867,8,0.0018256879975849,0.9981743120024152,-1.352150075009557,0.0287642045454545,EOG+EMG+LINE,8,EEGConformer base16,-4.51428419310322,-6.38067141165028,-2.30242244079093,runs/hierarchical_downstream_stats_20260815_000000/hierarchical_all_effects.csv
hierarchical_downstream_stats_20260815_000000,confirmatory_downstream_effects,confirmatory_neural_decoder_repeated_seed,eegnet,eog,6,9,9,0.0085095707210666,-0.0123204090580917,0.0361935550285753,0.5472444248770678,0.65864758349097,1.0,0.6251924681390477,subject,A01 A02 A03 A04 A05 A06 A07 A08 A09,0,3,3,3,3,3,3,0.3905963639516827,0.3991059346727493,0.0069850552306692,0.0406234256117946,10000,4,5,1.0,0.544921875,0.5,Primary p-value uses n=9 subject-level deltas after nuisance aggregation; Wilcoxon is robustness only.,0.628423422661524,8,0.7263777875614661,0.2736222124385339,0.2094744742205079,1.0,EOG,9,EEGNet base6,0.8509570721066599,-1.2320409058091701,3.6193555028575295,runs/hierarchical_downstream_stats_20260815_000000/hierarchical_all_effects.csv
hierarchical_downstream_stats_20260815_000000,confirmatory_downstream_effects,confirmatory_neural_decoder_repeated_seed,eegnet,emg,6,9,9,-0.0151561048787932,-0.0357694585277423,0.0055892005678117,0.2126083286316221,0.3021276248975682,1.0,0.2674749940849439,subject,A01 A02 A03 A04 A05 A06 A07 A08 A09,0,3,3,3,3,3,3,0.454029955594655,0.4388738507158618,-0.013047138047138,0.0335699479024941,10000,6,3,0.30078125,0.150390625,0.875,Primary p-value uses n=9 subject-level deltas after nuisance aggregation; Wilcoxon is robustness only.,-1.3544350669963792,8,0.106304164315811,0.893695835684189,-0.4514783556654597,0.4274259868421052,EMG,9,EEGNet base6,-1.51561048787932,-3.5769458527742297,0.5589200567811701,runs/hierarchical_downstream_stats_20260815_000000/hierarchical_all_effects.csv
hierarchical_downstream_stats_20260815_000000,confirmatory_downstream_effects,confirmatory_neural_decoder_repeated_seed,eegnet,eog_emg_line,6,9,9,-0.0043646344081911,-0.0232160910121609,0.0191589841378345,0.715465677779815,0.8048988875022918,1.0,0.7750878175947995,subject,A01 A02 A03 A04 A05 A06 A07 A08 A09,0,3,3,3,3,3,3,0.4506113602560632,0.4462467258478721,-0.0116747181964573,0.0346659708600251,10000,6,3,0.42578125,0.212890625,0.8203125,Primary p-value uses n=9 subject-level deltas after nuisance aggregation; Wilcoxon is robustness only.,-0.3777163281375895,8,0.3577328388899075,0.6422671611100925,-0.1259054427125298,0.5474330357142857,EOG+EMG+LINE,9,EEGNet base6,-0.43646344081911,-2.3216091012160898,1.91589841378345,runs/hierarchical_downstream_stats_20260815_000000/hierarchical_all_effects.csv
hierarchical_downstream_stats_20260815_000000,confirmatory_downstream_effects,confirmatory_neural_decoder_repeated_seed,eegnet,eog,16,9,9,0.0077187759270053,-0.0122040286274218,0.0339572570945371,0.56107016371453,0.65864758349097,1.0,0.6251924681390477,subject,A01 A02 A03 A04 A05 A06 A07 A08 A09,0,3,3,3,3,3,3,0.3905963639516827,0.398315139878688,-0.0014396021463159,0.0381877537324113,10000,5,4,1.0,0.544921875,0.5,Primary p-value uses n=9 subject-level deltas after nuisance aggregation; Wilcoxon is robustness only.,0.6063809865140689,8,0.719464918142735,0.280535081857265,0.2021269955046896,1.0,EOG,10,EEGNet base16,0.77187759270053,-1.2204028627421801,3.3957257094537097,runs/hierarchical_downstream_stats_20260815_000000/hierarchical_all_effects.csv
hierarchical_downstream_stats_20260815_000000,confirmatory_downstream_effects,confirmatory_neural_decoder_repeated_seed,eegnet,emg,16,9,9,-0.0118825227920893,-0.0328623825834635,0.008944564723336,0.3274753176268639,0.4420916787962662,1.0,0.3991105433577404,subject,A01 A02 A03 A04 A05 A06 A07 A08 A09,0,3,3,3,3,3,3,0.454029955594655,0.4421474328025657,-0.0085882984433709,0.0341806762264811,10000,6,3,0.359375,0.1796875,0.849609375,Primary p-value uses n=9 subject-level deltas after nuisance aggregation; Wilcoxon is robustness only.,-1.0429158317426888,8,0.1637376588134319,0.8362623411865681,-0.3476386105808963,0.48515625,EMG,10,EEGNet base16,-1.18825227920893,-3.28623825834635,0.8944564723336,runs/hierarchical_downstream_stats_20260815_000000/hierarchical_all_effects.csv
hierarchical_downstream_stats_20260815_000000,confirmatory_downstream_effects,confirmatory_neural_decoder_repeated_seed,eegnet,eog_emg_line,16,9,9,-0.0011885937254042,-0.0222375363310487,0.0214441606520049,0.9228438279062894,0.9583378212873004,1.0,0.94712919179856,subject,A01 A02 A03 A04 A05 A06 A07 A08 A09,0,3,3,3,3,3,3,0.4506113602560632,0.449422766530659,-0.007106737734044,0.0356758655118828,10000,6,3,0.8203125,0.41015625,0.6328125,Primary p-value uses n=9 subject-level deltas after nuisance aggregation; Wilcoxon is robustness only.,-0.0999493950616288,8,0.4614219139531447,0.5385780860468553,-0.0333164650205429,0.9228515625,EOG+EMG+LINE,10,EEGNet base16,-0.11885937254041999,-2.22375363310487,2.14441606520049,runs/hierarchical_downstream_stats_20260815_000000/hierarchical_all_effects.csv
hierarchical_downstream_stats_20260815_000000,confirmatory_downstream_effects,confirmatory_neural_decoder_repeated_seed,deep4net,eog,6,9,9,0.0115764842279802,-0.0075360238442138,0.0353145983461722,0.3499008800545807,0.4498725600701752,1.0,0.4135192218826863,subject,A01 A02 A03 A04 A05 A06 A07 A08 A09,0,3,3,3,3,3,3,0.3898526547024852,0.4014291389304654,0.0016244314489928,0.034982702905883,10000,4,5,0.5703125,0.751953125,0.28515625,Primary p-value uses n=9 subject-level deltas after nuisance aggregation; Wilcoxon is robustness only.,0.992760701692382,8,0.8250495599727097,0.1749504400272903,0.3309202338974607,0.6999289772727273,EOG,11,Deep4Net base6,1.15764842279802,-0.75360238442138,3.5314598346172197,runs/hierarchical_downstream_stats_20260815_000000/hierarchical_all_effects.csv
hierarchical_downstream_stats_20260815_000000,confirmatory_downstream_effects,confirmatory_neural_decoder_repeated_seed,deep4net,emg,6,9,9,-0.0144242029209861,-0.0351348951412732,0.0032751924511231,0.2081434344285455,0.3021276248975682,1.0,0.2674749940849439,subject,A01 A02 A03 A04 A05 A06 A07 A08 A09,0,3,3,3,3,3,3,0.4475333632624315,0.4331091603414452,-0.008336750034167,0.0316045915630342,10000,6,3,0.25,0.125,0.8984375,Primary p-value uses n=9 subject-level deltas after nuisance aggregation; Wilcoxon is robustness only.,-1.369187406730216,8,0.1040717172142727,0.8959282827857272,-0.4563958022434053,0.3970588235294117,EMG,11,Deep4Net base6,-1.44242029209861,-3.51348951412732,0.32751924511231,runs/hierarchical_downstream_stats_20260815_000000/hierarchical_all_effects.csv
hierarchical_downstream_stats_20260815_000000,confirmatory_downstream_effects,confirmatory_neural_decoder_repeated_seed,deep4net,eog_emg_line,6,9,9,-0.0016169564996711,-0.014382016116435,0.0105217818209551,0.8178569323154549,0.8832854869006913,1.0,0.8620654151433174,subject,A01 A02 A03 A04 A05 A06 A07 A08 A09,0,3,3,3,3,3,3,0.4398818973015185,0.4382649408018473,0.0032800328003279,0.0203810399567036,10000,4,5,1.0,0.5,0.544921875,Primary p-value uses n=9 subject-level deltas after nuisance aggregation; Wilcoxon is robustness only.,-0.2380089293440631,8,0.4089284661577274,0.5910715338422725,-0.0793363097813543,1.0,EOG+EMG+LINE,11,Deep4Net base6,-0.16169564996711,-1.4382016116435,1.05217818209551,runs/hierarchical_downstream_stats_20260815_000000/hierarchical_all_effects.csv
hierarchical_downstream_stats_20260815_000000,confirmatory_downstream_effects,confirmatory_neural_decoder_repeated_seed,deep4net,eog,16,9,9,0.0163054322351452,-0.00376100068495,0.0390332809487498,0.2049419786677289,0.3021276248975682,1.0,0.2674749940849439,subject,A01 A02 A03 A04 A05 A06 A07 A08 A09,0,3,3,3,3,3,3,0.3898526547024852,0.4061580869376305,0.0126262626262626,0.0354482649500017,10000,2,7,0.30078125,0.875,0.150390625,Primary p-value uses n=9 subject-level deltas after nuisance aggregation; Wilcoxon is robustness only.,1.3799348649201924,8,0.8975290106661356,0.1024709893338644,0.4599782883067308,0.4274259868421052,EOG,12,Deep4Net base16,1.63054322351452,-0.376100068495,3.9033280948749796,runs/hierarchical_downstream_stats_20260815_000000/hierarchical_all_effects.csv
hierarchical_downstream_stats_20260815_000000,confirmatory_downstream_effects,confirmatory_neural_decoder_repeated_seed,deep4net,emg,16,9,9,-0.0170059340218432,-0.0371164442962453,-0.0007879783273034,0.1284773406682449,0.2312592132028408,1.0,0.1855783809652426,subject,A01 A02 A03 A04 A05 A06 A07 A08 A09,0,3,3,3,3,3,3,0.4475333632624315,0.4305274292405883,-0.0068053919644025,0.0300949606484821,10000,6,3,0.09765625,0.048828125,0.962890625,Primary p-value uses n=9 subject-level deltas after nuisance aggregation; Wilcoxon is robustness only.,-1.6952274057252446,8,0.0642386703341224,0.9357613296658776,-0.5650758019084148,0.1883370535714285,EMG,12,Deep4Net base16,-1.70059340218432,-3.71164442962453,-0.07879783273034001,runs/hierarchical_downstream_stats_20260815_000000/hierarchical_all_effects.csv
hierarchical_downstream_stats_20260815_000000,confirmatory_downstream_effects,confirmatory_neural_decoder_repeated_seed,deep4net,eog_emg_line,16,9,9,-0.0003771751008515,-0.0137283435513398,0.011979913286776,0.9588272831798306,0.9588272831798306,1.0,0.9588272831798303,subject,A01 A02 A03 A04 A05 A06 A07 A08 A09,0,3,3,3,3,3,3,0.4398818973015185,0.439504722200667,0.0015432098765432,0.0212435386279238,10000,4,5,0.8203125,0.6328125,0.41015625,Primary p-value uses n=9 subject-level deltas after nuisance aggregation; Wilcoxon is robustness only.,-0.0532644453625652,8,0.4794136415899153,0.5205863584100846,-0.017754815120855,0.9228515625,EOG+EMG+LINE,12,Deep4Net base16,-0.03771751008515,-1.37283435513398,1.1979913286776,runs/hierarchical_downstream_stats_20260815_000000/hierarchical_all_effects.csv
