run_id,classifier,recipe,base,n_subjects,primary_independent_unit,mean_within_subject_delta_sd_over_all_nuisance,median_within_subject_delta_sd_over_all_nuisance,mean_within_subject_contamination_delta_sd,mean_within_subject_checkpoint_delta_sd,mean_within_subject_classifier_seed_delta_sd,note
hierarchical_downstream_stats_20260815_000000,csp_lda,emg,2,9,subject,0.043097204398590015,0.035585103274489494,0.02667856589068553,0.025833454916983075,,Nuisance variability is summarized separately and is not pooled into the inferential sample size.
hierarchical_downstream_stats_20260815_000000,csp_lda,emg,4,9,subject,0.040965081112274454,0.035330977306593354,0.028326291238541166,0.020560629243681357,,Nuisance variability is summarized separately and is not pooled into the inferential sample size.
hierarchical_downstream_stats_20260815_000000,csp_lda,emg,6,9,subject,0.04170859629966455,0.03508899790008754,0.032950716977163085,0.01889732894454639,,Nuisance variability is summarized separately and is not pooled into the inferential sample size.
hierarchical_downstream_stats_20260815_000000,csp_lda,emg,8,9,subject,0.04428838027959658,0.04199190655623999,0.028709836356568794,0.026910238355595775,,Nuisance variability is summarized separately and is not pooled into the inferential sample size.
hierarchical_downstream_stats_20260815_000000,csp_lda,emg,16,9,subject,0.041132003339250316,0.03614729711072606,0.027839340997971362,0.021091391191364897,,Nuisance variability is summarized separately and is not pooled into the inferential sample size.
hierarchical_downstream_stats_20260815_000000,csp_lda,eog,2,9,subject,0.04079198662844066,0.039468101446296845,0.022074803262154996,0.031381729455603004,,Nuisance variability is summarized separately and is not pooled into the inferential sample size.
hierarchical_downstream_stats_20260815_000000,csp_lda,eog,4,9,subject,0.03281997839564888,0.030074722158748297,0.022119299996301998,0.0193613266188674,,Nuisance variability is summarized separately and is not pooled into the inferential sample size.
hierarchical_downstream_stats_20260815_000000,csp_lda,eog,6,9,subject,0.0333819753537854,0.031092642746512595,0.01909783949182908,0.02432776157054113,,Nuisance variability is summarized separately and is not pooled into the inferential sample size.
hierarchical_downstream_stats_20260815_000000,csp_lda,eog,8,9,subject,0.0324581222504809,0.02947408746035568,0.020451918213891654,0.019860074297851173,,Nuisance variability is summarized separately and is not pooled into the inferential sample size.
hierarchical_downstream_stats_20260815_000000,csp_lda,eog,16,9,subject,0.034070969920244165,0.03135444724876983,0.020792931074219766,0.02219337380215847,,Nuisance variability is summarized separately and is not pooled into the inferential sample size.
hierarchical_downstream_stats_20260815_000000,csp_lda,eog_emg_line,2,9,subject,0.03869409729410661,0.034380490501042554,0.02625468962102865,0.022811406344928484,,Nuisance variability is summarized separately and is not pooled into the inferential sample size.
hierarchical_downstream_stats_20260815_000000,csp_lda,eog_emg_line,4,9,subject,0.03903506068358998,0.038660454283414164,0.030551299252530546,0.016934781149989673,,Nuisance variability is summarized separately and is not pooled into the inferential sample size.
hierarchical_downstream_stats_20260815_000000,csp_lda,eog_emg_line,6,9,subject,0.03966061154901888,0.033307906407062625,0.028710770701332163,0.01715033009730933,,Nuisance variability is summarized separately and is not pooled into the inferential sample size.
hierarchical_downstream_stats_20260815_000000,csp_lda,eog_emg_line,8,9,subject,0.0410796266921522,0.03848091072807051,0.03036480619013358,0.01885065444865864,,Nuisance variability is summarized separately and is not pooled into the inferential sample size.
hierarchical_downstream_stats_20260815_000000,csp_lda,eog_emg_line,16,9,subject,0.04350559711559855,0.03495140704123785,0.033188107351017924,0.020174874914531366,,Nuisance variability is summarized separately and is not pooled into the inferential sample size.
hierarchical_downstream_stats_20260815_000000,deep4net,emg,6,9,subject,0.039125378542126645,0.03609219095102065,0.027747578479593894,0.008678912178204863,0.02161327980854892,Nuisance variability is summarized separately and is not pooled into the inferential sample size.
hierarchical_downstream_stats_20260815_000000,deep4net,emg,16,9,subject,0.038785234128497284,0.036879602811915276,0.027730208076160175,0.008844371236450722,0.02216577318829142,Nuisance variability is summarized separately and is not pooled into the inferential sample size.
hierarchical_downstream_stats_20260815_000000,deep4net,eog,6,9,subject,0.03271079025722421,0.02960650023229754,0.01774813387960126,0.006762017951338428,0.014977212426806333,Nuisance variability is summarized separately and is not pooled into the inferential sample size.
hierarchical_downstream_stats_20260815_000000,deep4net,eog,16,9,subject,0.0318949277741464,0.029910006122848304,0.017667511476444513,0.006587685974671091,0.013229719611032769,Nuisance variability is summarized separately and is not pooled into the inferential sample size.
hierarchical_downstream_stats_20260815_000000,deep4net,eog_emg_line,6,9,subject,0.03720735141000448,0.027287478337457198,0.025119954151221098,0.006490739770839372,0.01601748559911032,Nuisance variability is summarized separately and is not pooled into the inferential sample size.
hierarchical_downstream_stats_20260815_000000,deep4net,eog_emg_line,16,9,subject,0.03858376710117538,0.030281447735895653,0.021194668546046142,0.008341599486950523,0.017862744124031407,Nuisance variability is summarized separately and is not pooled into the inferential sample size.
hierarchical_downstream_stats_20260815_000000,eegconformer,emg,6,9,subject,0.06290574997008958,0.06143150625564392,0.03808472971504603,0.009345810651305074,0.02580359297146294,Nuisance variability is summarized separately and is not pooled into the inferential sample size.
hierarchical_downstream_stats_20260815_000000,eegconformer,emg,16,9,subject,0.06639344572579502,0.06253304418412373,0.03815858012282083,0.01755021647630741,0.027644408643238597,Nuisance variability is summarized separately and is not pooled into the inferential sample size.
hierarchical_downstream_stats_20260815_000000,eegconformer,eog,6,9,subject,0.05613339690744715,0.047564647422900216,0.029056768677889724,0.014164707717523244,0.024397802284134264,Nuisance variability is summarized separately and is not pooled into the inferential sample size.
hierarchical_downstream_stats_20260815_000000,eegconformer,eog,16,9,subject,0.05416884692767467,0.05778127044012803,0.0268870215511029,0.012922128122854438,0.023441019393455522,Nuisance variability is summarized separately and is not pooled into the inferential sample size.
hierarchical_downstream_stats_20260815_000000,eegconformer,eog_emg_line,6,9,subject,0.06670891219067762,0.06324576884931826,0.03005224015714782,0.011388241754818977,0.0379243068458256,Nuisance variability is summarized separately and is not pooled into the inferential sample size.
hierarchical_downstream_stats_20260815_000000,eegconformer,eog_emg_line,16,9,subject,0.0655588122144424,0.06651409617497597,0.03268920834222606,0.01609715070644752,0.03379948819346534,Nuisance variability is summarized separately and is not pooled into the inferential sample size.
hierarchical_downstream_stats_20260815_000000,eegnet,emg,6,9,subject,0.04826596989096592,0.049553385593013886,0.03197401105762744,0.009662821519986445,0.027899091574751428,Nuisance variability is summarized separately and is not pooled into the inferential sample size.
hierarchical_downstream_stats_20260815_000000,eegnet,emg,16,9,subject,0.04883176887578379,0.04098088231123433,0.02858415829617075,0.010996303998909242,0.02476928546124802,Nuisance variability is summarized separately and is not pooled into the inferential sample size.
hierarchical_downstream_stats_20260815_000000,eegnet,eog,6,9,subject,0.03662487436778819,0.03057363741357577,0.010142547806828606,0.013237748299400876,0.026925248456308636,Nuisance variability is summarized separately and is not pooled into the inferential sample size.
hierarchical_downstream_stats_20260815_000000,eegnet,eog,16,9,subject,0.03425211489372865,0.03275811246528222,0.011277280318318079,0.009981674355754656,0.02321771276035466,Nuisance variability is summarized separately and is not pooled into the inferential sample size.
hierarchical_downstream_stats_20260815_000000,eegnet,eog_emg_line,6,9,subject,0.04947288482368959,0.046259426231326166,0.023653601715033713,0.011246773224403853,0.027229219927898334,Nuisance variability is summarized separately and is not pooled into the inferential sample size.
hierarchical_downstream_stats_20260815_000000,eegnet,eog_emg_line,16,9,subject,0.050440820364099595,0.05079174606036034,0.02134164259631086,0.011058082477605367,0.02547988154730355,Nuisance variability is summarized separately and is not pooled into the inferential sample size.
hierarchical_downstream_stats_20260815_000000,shallowfbcsp,emg,6,9,subject,0.03286781288681953,0.03387193633347894,0.0225571465200052,0.0073073192046611115,0.011828720560989388,Nuisance variability is summarized separately and is not pooled into the inferential sample size.
hierarchical_downstream_stats_20260815_000000,shallowfbcsp,emg,16,9,subject,0.03650075731105245,0.03770572569258648,0.02310668314639141,0.009072369777673507,0.012813175961115947,Nuisance variability is summarized separately and is not pooled into the inferential sample size.
hierarchical_downstream_stats_20260815_000000,shallowfbcsp,eog,6,9,subject,0.037204668030718174,0.030955033698411908,0.018091821778894044,0.008894600730581296,0.023741359942051544,Nuisance variability is summarized separately and is not pooled into the inferential sample size.
hierarchical_downstream_stats_20260815_000000,shallowfbcsp,eog,16,9,subject,0.03475369602853136,0.028895673672671266,0.014359365774984985,0.007117258227102054,0.024615231315900384,Nuisance variability is summarized separately and is not pooled into the inferential sample size.
hierarchical_downstream_stats_20260815_000000,shallowfbcsp,eog_emg_line,6,9,subject,0.03475342179684449,0.03444257996965468,0.02170802823361701,0.007344864023488971,0.015064610053657014,Nuisance variability is summarized separately and is not pooled into the inferential sample size.
hierarchical_downstream_stats_20260815_000000,shallowfbcsp,eog_emg_line,16,9,subject,0.035548741857043334,0.036608143194656495,0.023357538116165262,0.012147911202414239,0.01642517192349416,Nuisance variability is summarized separately and is not pooled into the inferential sample size.
